0,1
9791165341909,한강 작품들 중에서 가장 별로임그런데 서평에 내용언급보다는 그냥 밑도 끝도 없이 울었다는 사람들이 많은 이유는멀까?
9791165341909,도서관에 아이책 빌리러 갔다가.. 내용도 모르고 꺼내 들어왔던건데.. 광주의 이야기라 알고 있었다면 읽지 않았을겁니다 그 슬픔의 무게를 당해내지 못할 것 같아서.. 하지만 깨달았습니다  꼭 기억해야 한다는것을.. 오늘 아이가 오면 광주의 슬픔을 이야기 해주어야겠습니다
9791165341909,새롭지 않은..그래서 읽는 내내 좀 지루했습니다. 평이 굉장히 좋아서 아무래도 너무 기대를 해버렸어요.
9791165341909,처음 책을 보았을때 이 책을 읽고 사람들이 울었다는 글에 공감하지 못했습니다 초반까지도 화가 났고 그저 안타까웠을 뿐인데 6장을 읽으면서 나도 모르게 오열하고 있었습니다 올해의 여름은 5.18을 가슴에 새기며 보낼것같습니다 모두가 이 작품을 읽었으면 좋겠어요 그날의 광주를 추모하며
9791165341909,"﻿생각하고 또 생각해도 미어터져 흐르는 향할 곳 없는 분노, 고통과 슬픔만이 가득한 순간들에 영원히 갇혀버린 것 같은 기분. 오월을 맞아 책장을 다시 넘겨보며, 일곱 명의 그 헤아릴 수 없는 삶 속을 잠시 걸어본다."
9791165341909,훌륭한 책
9791165341909,한번으로는 이해가 쉽지않아 두번읽은 책각장마다 관점이 달라져서 이해가 힘들었다 하지만 너무 생생해서 역사를 다시 공부하고 싶은생각까지들게했다
9791165341909,삶이 장례식이 된 사람들에게 필요한 건 무엇일까.
9791165341909,한글이 원서이고 원서를 읽을 수 있음이 좋음. 아름다운 문체와 긴 여운.
9791165341909,"광주 태어나서 한번도 안가봤는데 노먼소프 기증 사진전이 있어서 조만간 가려한다. 잊지말고 작가들이 릴레이로 소설을 써주기를. 어느 순간 희미하게 잊혀질까봐, 또는 후대들이 오일팔이 뭐야? 라고 물을까봐 무섭다. 잊지말자."
9791165341909,민주주의는 피를 먹고 자란다는 말이 떠오르네요ㅠㅠㅠㅠ
9791165341909,"왜 그래야 했을까. 국민을 지키기 위해 존재하는 군대가 왜 국민을 향해 총을 겨눴으며, 대통령이라는 사람은 왜 그걸 지시해야하만 했나. 너무나도 가슴아픈 이야기. 불과 30 여년 전에 이 땅에서 있었던 일이라는 게 믿기지 않는다. 인간이 악하다지만 인간 존엄을 지키며 살아야 한다."
9791165341909,"총알 박힌 흔적이 여전히 남아있는 건물을 보며, 내가 태어나기 고작 20년 전인 아빠가 중학생이었던 시절의 이야기를 들으며 자랐다. 5월이 되면 꼭 읽는 책 중 하나."
9791165341909,어렴풋이 알고 있었던 그 때의 이야기.담담하고 답답하고 먹먹하다.그 날의 상처를 그 누가 씻어낼 수 있을까.
9791165341909,"절제된 시각으로 관찰카메라로 주인공을 보는 듯한 3인칭 화법이나, 1인칭의 덤덤한 시점으로 너무 선현한걸, 처참함을 담담하게 그려나가는 한강작가에게 훌륭한 역사소설을 남겨주어서 감사를 전하고 싶다. 담담하지만 현장감과 역동성이 독자에게 그대로 전달된다."
9791165341909,"기억해야 하는 시간, 잊을 수 없는 이름들."
9791165341909,별로예요 이 작가 책은 앞으로 안 살래요
9791165341909,단순히 슬픈 책이 아닙니다. 비극을 다루는 책을 대할 때 일부러 심리적으로 거리를 두고 담담하게 읽어가려고 노력하는 편인데 중반부를 지나면서 그런 노력도 허사가 됩니다. 가슴이 미어지고 목이 뜨거워지는 것을 느끼며 읽었습니다. 아프지만 반드시 알아야 하고 읽어야 하는 책입니다.
9791165341909,몇권을 구매해도 아깝지 않은 책
9791165341909,"518을 다룬 영화들을 볼때면 이게 아닌데..이렇게 밝다니 말이되는가? 마치 이책에서 분수에 물이 차오를때 부당하다고 느낀것처럼. 그런데 이책은 518을 지나 남은자들의고통과 분노,슬픔을 그대로 녹여냈다"
9791165341909,"펼치기 주저했고, 역시 많이 울었고, 포기하려던 삶에 다시 한 번 주먹을 꼭 쥡니다.숨을 쉬어봅니다."
9791165341909,원혼들을 위한 씻김굿. 하지만 아무리 굿판을 반복해 벌여도 고개 숙여야 할 사람들의 재배再拜 없이는 그 한은 씻기지 않으리라.
9791165341909,"민주주의를 위해 희생한 사람들은 우리 주변에 있을 법한 학생, 동네누나, 대학교를 다니던 형들이었다.지식인과 능력있는 자들이 쟁취한 결과물이 절대 아니며, 80년 5월 18일의 역사적 운동을 두고 여전히 정치적으로 악용, 망자비난들을 해대는 사실들을 살펴보면...참담하다는 생각도 들게 만든다"
9791165341909,비유적 표현이 꽤 많이 나오는데 문제는 이게 이해하기 어려웠습니다. 쉽게 이어지다가 어느 순간 갑자기 난해한 문장들이 열거되는데 또 해석해보면 그리 거창하지도 않습니다. 이런 소설은 수능 언어영역에서 문제로 만들기엔 좋으나 독서용으로는 훨씬 좋은 책들이 많이 있으니 참고 바랍니다.
9791165341909,"5.18일마다 매년 잊지말고 읽어봐야할 책,"
9791165341909,저녁 11시에 붙들고  읽기 시작해서 새벽3시쯤 다 읽기까지 책을 놓을 수 없었으며 책을 덮으며 하염없이 눈물이 나더군요.
9791165341909,광주 사람입니다. 전.. 광주사람인데... 5.18애기 나오면 시큰둥했습니다. 그런데 이거. .읽고 진짜 제 자신을 반성합니다. 또 반성하며 슬퍼합니다.이젠 기억하고 되새길려고 합니다. 가슴이 먹먹하네요
9791165341909,누군가에게 책을 선물한다면 고민할것도 없이 소년이 온다를 선택 할 것이다
9791165341909,내가 읽은 소설 중 감히 최고라고 말하고 싶다.
9791165341909,기억한다 해놓고 거짓말이 되어 버린 다짐이 다시 생각납니다.총칼에 쓰러져간 사람들과 남겨진 사람들의 고통을 조금이나마 더 알아갑니다.
9791165341909,넘 좋다
9791165341909,책 소개 팟캐스트 듣고 이 책을 구매할 수 밖에 없었다. 40년이 지났지만 아직도 진실을 밝혀지는 것을 두려워하는 사람들이 많다는 현실이 너무 슬프다.상처는 덮어둔다고 없어지는게 아니라 아프더라도 치료를 해야 그 상처가 회복된다는 사실을 잊지말아야 할 것이다.
9791165341909,읽는 내내 소름끼쳐고 중간중간 눈물이 났다. 내가 경험해 본 세대는 아니지만 마음이 뜨거워지는 소설이다.
9791165341909,또 한번의 오월이 지나간다
9791165341909,"이번에 알라딘에서 다신 소장본 구입하지 않기로 마음 먹었다. 무려 2번이나 교환을 했는데도 오늘 받은 책 상태는 영 아니다. 각 페이지가 엉겨붙어 있어 칼로 일일이 잘라야 했다. 책 겉면은 실오라기 풀어진 것마냥 지저분다. 덕분에 구겨짐, 표지 긁힘 등 각양각색의 불량품을 다채롭게 경험했다."
9791165341909,감히 울수조차도 없습니다.삼가 고인들의 명복을 빕니다.....
9791165341909,"선량한 시민을 총,대검으로 난자질 하고 너무나도 안타깝다.그 분들로 대한민국이 민주주의 초석이 되었다.그 당시에 관련자들 모두 법정에 세우고, 헌법전문에 반드시 적시해야 한다."
9791165341909,수도 없이 펼쳤지만 지금까지도 읽지 못한 책. 그때의 숨결과 공기가 시간을 뛰어넘어 곁으로 펼쳐집니다. 이번에 맞이 하는 5월에는 마음을 다잡고 꼭 끝까지 읽어보겠다 다짐합니다. 잊지 않겠습니다. 5.18 민주화운동.
9791165341909,"그날에 관한 기사들과 책들로 그날의 아픔을, 외로움을, 남은 고통을 헤아릴 수는 없을 것이다. 다만 나는 읽는 내내 부끄럽고 미안했고 아팠다."
9791165341909,무덤덤하게 읽어 내려가다가 마지막 어머니 시점에서 오열했던 소년 이야기. 광주토박이라 다른 지역은 5월에 대학 축제가 열린다는 걸 몰랐네요. 제목만 떠올려도 목이 턱하니 막히는 것이.. 되새길 때가 됐나 봐요
9791165341909,읽는 내내 픽션이길 바랬다 하지만 소설 속 내용은 현실이며 아직도 그 여파가 자리남아있다 5.18을 주제로 쓰기 쉽지 않았을텐데 작가의 선택과 유가족들의 도움에 감사와 애도를 표한다
9791165341909,속이 답답하고 불쾌하고 토할 것 같았다.그래도 끝까지 읽었다.알아야하기에
9791165341909,먹먹하다
9791165341909,책을 보면서 눈물을 흘린건 처음이었어요..... 진짜 책을 읽고 리뷰를 올려보는 건 처음입니다. 제가 책을 살떄 고민했던 게 아쉬워요... 그냥 빨리 주문하고 봤어야 했는데.... 이글을 보시는 분은 고민하지 마시고 빨리 주문하세요
9791165341909,기억을 소환하는 방식에 있어서 정말 탁월한 연출과 전개방식이 돋보이는 한강의 소설. 정말 가슴 아린 기억의 소환! #소년이_온다
9791165341909,읽기를 망설였던 책.5.18주제가 너무  무거워 읽는데 용기가 필요했어요.이 책을 쓰기까지 작가님에 고통이 느껴지네요.그래도 피하지말고 기억해야죠.
9791165341909,마음이 아파서 읽기 힘든 소설이다. 그런데도 읽을 수밖에 없게 만드는 힘이 있다.
9791165341909,다들 꼭 봤으면 하는 소설
9791165341909,활자만으로도 미치도록 시리고 죄책감에 휩싸인다. 하지만 눈을 뜨고 읽어내야한다. 진실을 마주해야 한다. 그들이 겪은 꿈같은 생시에 비하면 먼지같은 노력이지 않은가.
9791165341909,이 책은 누구나 한번씩은 꼭 읽었으면 하는 책이다5.18광주 민주화 운동의 아픔이 잘 드러나있다
9791165341909,"문체의 아름다움은 물론, 시대의 슬픔도 더이상의 표현이 힘들것 같을 정도로 잘 표현한 최고의 작품. 최고중의 최고."
9791165341909,달은 밤의 눈동자라고 했다.
9791165341909,"누구는 자유와 민주를 위해 목숨을 바치고, 누구는 그 목숨들을 마치 벌레 죽이듯이하고...이 땅에서 다시는 이런 일이 절대로 일어나지 않기를 간절히 바란다. 피해자가 그렇게 많은데...가해자들은 지금 모두 어디에 있는가? 잘 살아가고 있는가?"
9791165341909,가슴아파 두번은 못볼책. .하지만 꼭읽어보라고 권유하는책중하나
9791165341909,반드시 읽으세요. xxx반드시 읽어주세요. ooo
9791165341909,그냥 기계적으로 글자만 읽어내려갔음한국문학은 도저히 맞지않는구나 한국문학 안녕~~
9791165341909,"아.....#죽음을_넘어_시대의_어둠을_넘어 를 통해 봤던 사실에 그 지옥에 있던 사람들의 이야기를 #한강 이 들려준다.#한강 의 뛰어난 글솜씨와 어휘력에 감탄하는 마음은 사치다.담담히 글 하나 하나를 마음에 담고, 잊지 말자. 그게 내 할 일이다.대한민국을 살아가는 당신에게 권합니다."
9791165341909,읽지 않으려고 여러번 마음 먹었어요 짐작보다 큰 아픔을 외면하고 싶어서 진짜 읽지 않으려고 했는데..어제 뉴스에서 전두환 사살명령 기사보며 지친 분노가 다시 꿈틀거렸고 출근길 팟케에서 신형철과 한강의 대화를 다시 들으며 더는 외면하지 못하고 읽기로 마음 먹었어요
9791165341909,"잊으면 안 되는 기억들, 시간들, 사건들.책을 읽기 시작하고 마지막 장을 덮을 때까지 마음이 많이 아플 거에요. 계속 생각날 거고, 분노할 겁니다.그 사건을 똑바로 쳐다보기가 힘들다고 잊거나 지나쳐서는 안 된다고 생각해요.읽어주세요.. 모두가 알아야 해요."
9791165341909,˝어떤 기억은 아물지 않습니다. 시간이 흘러 기억이 흐릿해지는게 아니라 오히려 그 기억만 남기고 다른 모든 것이 서서히 마모됩니다. 색 전구가 나가듯 세계가 어두워집니다.˝ 상처는사라지는게 아니라 물에 먹물을 떨어뜨리면 퍼져 섞여나가듯 무의식적으로 남아가는 것 같다.심장이 끈적인다.
9791165341909,처음에 쉬이 읽다가 너무 우울해져서 계속 읽기 힘들었다. 읽다 쉬다 읽다 쉬다를 반복하고서야 다 읽을 수 있었다.
9791165341909,글자 하나하나가 나를 붙잡고 놓아주지 않아 헤어나오기 힘들다.
9791165341909,"너는, 너는, 너는."
9791165341909,"흔해빠진 표현이지만, 감정의 절제로 격한 감정을 드러낸 책. 그 때문에 계속 읽기 힘들지만 계속 읽어야만 하는 사명감을 독자에게 부여한다."
9791165341909,먹먹했다. 다큐나 회고록처럼 그 상황을 자세하게 묘사한것은 아니였지만 그 이상으로 당시의 그 비극적이고 처참한 상황을 느낄수 있었다.
9791165341909,한강작가의 글은 아름답고 슬프고 동시에 강한 힘이 느껴집니다
9791165341909,추천으로 끝나느게 아니라 구입해서 선물하는 책!
9791165341909,먹먹
9791165341909,사실 잘 안 읽혀서 읽기까지 시간이 좀 걸렸어요 그런데 다 읽고나니 읽길 잘했다는 생각이 드네요. 건조하고 담담하게 진행되는데 읽는 입장에선 그렇게 느껴지지 않음
9791165341909,매년 새로운 기대를 하게 해줄 유일한 기대주
9791165341909,우리 역사의 아픈 순간을 문학적으로 잘 승화한 책이라 할 수 있다. 처음에는 조금 어렵게 느낄 수 있지만 한번 책을 손에 잡는 순간 그 책을 손에서 놓기 쉽지 않을 정도로 몰입도도 높다. 무엇보다 문장이 정말 좋다. 가을에 꼭 한번 읽어보면 좋을 책이라 강력하게 추천한다.
9791165341909,"그날의 일을 잊을 수 없게, 지울 수 없게 마음에 새겨놓았다."
9791165341909,동호야......
9791165341909,그 곳에 살고 있는 나에게 인생 책이 한 권 생겼다.
9791165341909,예술의 존재 이유를 보여준다. 읽는 동안 굉장히 슬펐다.
9791165341909,2장과 6장을 읽을 때는 저도모르게 눈물을 줄줄 샜습니다. 간결하지만 묵직한 감정이 묻어나오는 문체가 참 좋았습니다.
9791165341909,그냥 집에 가요.거기 있지 말고 다들 가요.가도 괜찮아요.일이 그렇게 되었지만 당신들 탓이 아니예요.기다리는 가족 곁에 가서 살아요.살면 시간이 가고 다른 세상이 와요.당신이 그러지 않아도 다른 가치가 더 소중한 세상이 와서 다들 잘 먹고 잘 사는데...어서 집으로 가요.
9791165341909,"빨간책방에서 예전 한강작가님 인터뷰를 통해 이책을 접하게 되었다. 광주민주화 운동에 대해서 진지하게 생각하며, 관련영화, 인터뷰, 영상을 찾아보았다.아직도 당시의 고통속에서 살고 있는 희생자분들을 생각하면 마음이 아파온다. 꼭 읽어보아야하는 소중한책이다."
9791165341909,읽는 내내 나를 고통스럽게 하고 마음을 힘들게 한다. 그에 못이겨 책장을 덮고 나면 다시금 생각이 나고 신경이 쓰여서 자세를 바로하고 눈을 똑바로 뜬 채 그날의 기억들을 읽는 방법밖엔 도리가 없다.
9791165341909,"1980년 5월, 정미와 정대, 동호, 은숙, 진수, 선미, 그리고 나의 이야기. 저들의 이야기를 쓰는 동안 작가는 저들과 함께 수없이 죽고, 저들과 함께 고문당하고 저들과 함께 트라우마에 시달렸으리라는 것을 생각하게 된다. 이 책과 함께 1980년 5월이 다시 온다."
9791165341909,사 놓고도 한동안 펼치치 못한 책오랫동안 마음 한구석에 미뤄둔 책한글자 한글자 꾹꾹 눌러 읽은 책읽다 보면 숨이 가빠지는 책목이 메이고 심장이 뜨거워지는 책왼쪽 가슴이 계속해서 아파오는 책읽기를 멈출 수 밖에 없었던 책이렇기 쉽게 타이핑하고 있는 내가산다는 게 염치없어지는 책
9791165341909,"“그러지 마요, ...... 우리는 죽을 각오를 했었잖아요.”삶의 과정에서 선택의 순간에나는 네가 살덩어리로 전락하지 않기를 희망한다"
9791165341909,읽는 내내 가슴이 먹먹했고 너무 생생했다.
9791165341909,"5.18 민주화운동을 잘 그려낸 소설... 한강 작가의 작품을 좋아하지는 않지만 우리나라 사람이라면, 그 고통의 시대를 겪지 않은 사람이라면  꼭 읽어보아야 할 소설이다."
9791165341909,내 안의 연한 부분이 소리 없이 으깨어지게 만든 책. 수많은 사람들이 으깨어지면서도 묵묵히 살아가고 있다는 것을 느끼게 했다.
9791165341909,읽고나서 한참동안 책을 가슴에 안고 있었습니다 너무도 먹먹해서....
9791165341909,읽으면서 너무 마음이 아팠습니다. 읽는데 힘들지만 그럼에도 모두가 읽어야 하는 책입니다.
9791165341909,이 책을읽으면서 잠시도 책에서 눈을떼지 못했네요....어찌나 가슴이 아프던지 ㅜㅜ 우리 아이들이 꼭 한번쯤은 읽어봐야할 책이 아닐까 싶네요
9791165341909,네가 죽은 뒤 장례식을 치르지 못해 내 삶이 장례식이 되었다
9791165341909,소름끼치고 슬퍼요. 너무 잘 썼어요.
9791165341909,책을 읽고 자려고 누웠는데 눈물이 흐른다.소설이지만 소설로만 볼수 없는 가슴아픈 과거담담하게 써내려간거 같지만 읽을수록 가슴이 요동친다 ....
9791165341909,울면서 봤습니다. 마치 역사 그대로인 느낌이라 단숨에 읽진 못하고 괴로웠습니다.. ㅜ 느끼는 바가 많았어요.
9791165341909,"책을 읽다 덮었다 몇번을 반복했는지 모른다.문장이나 글이 어렵거나 지겨워서가 아니라,울컥하는 마음을 추스릴 시간이 필요했다.이 책이 나에게는 가장 깊이 남은 그날의 이야기가 되었다."
9791165341909,자세하게 1980년 5.18을 풀어놓지도 않았는데도 5.18 사진을 보는 것보다 더한 슬픔과 잔혹함이 느껴졌다. 책을 다 읽은지 몇일이 지났는데도 헤어나오기가 힘들다. 한강작가님..께 진심 경의를 표한다.
9791165341909,내 인생 가장 슬픈 책.
9791165341909,서늘하고 시리고 춥고 아프다. 시를 쓰는 작가가 써서 다행이다. 다시 읽어야 겠다 다시 읽지 못할 것 같다.
9791165341909,처음에 책을 살때 이정도까지 슬플 것이라고 예상을 못했는데 읽는 내내 마음이 아프지 않을 수가 없었다
9791165341909,두번 다시 보고 싶지 않다. 마음이 너무 아파서 ㅠ 내일 또 책을 열 자신이 없어서 밤을 꼬박 새워 읽으며 목 놓아 울었다.
9791165341909,"읽는 내내 아프지만, 많은 분들이 꼭 읽으셨으면 하는 강력추천하는 책입니다."
9791165341909,가슴이 아프다.
9791165341909,내가 이런 작가를 알게 되다니.. 상이란 좋은거구나.
9791165341909,이만큼 5.18을 잘 담아낸 예술이 있을까 싶다. 담담한데 격정적인 책.
9791165341909,슬프지만 아름다운 이야기
9791165341909,잊지 않겠습니다. 감사합니다.
9791165341909,"부커상 수상 때도 채식주의자를 사기 꺼렸었는데, 이번엔 구입했습니다. 시대가 바뀌니 내 맘도 바뀌어..."
9791165341909,먹먹하다.
9791165341909,먹먹함이 가슴에 새겨져 아파 옵니다.
9791165341909,제목의 의미광주시청 앞 분수한강 작가와의 이야기
9791165341909,"진실성이 묻어나는 소설, 처음 읽을때는 소설 내용에 비해 문체가 딱딱해서 잘 읽히지 않아 잠시 책을 덮었었는데, 결국 다 읽고나서 ˝읽기 잘했다˝했던 책인데,말라파르테 문학상 수상하였다는 뉴스 듣고 얼마나 반가웠던지... 채식주의자 맨부커상에 이어 말라파르테 문학상까지..축하드려요~"
9791165341909,한강의 담백한 문체와 어우러진 이 소설을 보고 10분도 안되어서 눈물에 좍 쏟아졌다. 가슴이 너무 아프고 절절하다. 아마도 한강의 소설을 시리즈로 봐야겠다. 그리고 이야기에 대한 그날의 모든 사람들에게 고마움과 미안함을 가진다. 이 이야기를 더 알아봐야겠다.
9791165341909,역사를 잊은 민족에게 미래는 없다.
9791165341909,광주 민주화 운동이 왜 그리 되었는지는 각종 정보매체등에서 나오므로 그런 내용은 건너뜀.하지만 그 당시 광주에 관심을 가지게 되었던 영화 택시운전사를 보고 조금 더 그때의 삶이 얼마나 허망했던 그리고 억울했던가를 되새기고자 이 책을 구매하게 되었다.
9791165341909,"기분이 좋지 않을 때 절대 읽으면 안된다. 한 껏 기분이 좋은 그리고 햇살이 따사롭게 비추는 맑은 날에도 끝까지 읽기 힘들지만, 그래도 읽어야만 한다. 그리고 한 권 더 구매해서, 읽지 않은 누군가에게 선물해야 한다. 역사적인 소명처럼."
9791165341909,"나에게 이 책은 이렇게 인기가 많기 전, 읽다가 중도에 포기한 책. 하지만 다시 집어들어야하는 책임감이 드는 책"
9791165341909,너무 글을 잘 풀어내셨어요.더 몰입해서 읽을 수 있었습니다.
9791165341909,"만일 혼들의 장소가 있다면 그 곳은 어두울까, 어렴풋이 밝을까부디 좋은 곳으로 갔기를..."
9791165341909,시큰하게 소중한 사람들의 이야기. 말도 안 되는 일이 버젓이 이루어진 후의 아릿한 쓰림.
9791165341909,"광주 민주화 운동에 대해 담담한 듯 풀어내시는 것 같은데... 굉장히 가슴아프게 파고들고, 가슴이 먹먹해지네요. 읽어보길 추천드립니다."
9791165341909,과연 내공이란 이런 것이다....너무 가슴이 먹먹해서 소주한잔 한다!!!
9791165341909,관점의 차이.17.01.27
9791165341909,눈이 매워지고 가슴이 답답해지고 한번에 읽을수가 없었어요.책을 내려놓고 먹먹한 가슴을 한숨으로 풀어내고 눈가에 맺히는 눈물을 쓸어내고 다시 읽어 내려갔습니다. 가해자들이 그 죄값을 치루지 않은 이상 이 아픔은 아직도 많은 의미로 되풀이 되고 있음을 피해자의 가족을 통해 보여줍니다.
9791165341909,읽는내내가슴아팠다. 그때 그곳에 있던 그들이 자랑스럽고 안쓰럽고 또 안타까웠다. 잊지말아야겠다.
9791165341909,다큐서적느낌일거라고 샀는데 고문부분은 왜곡이 심하군요.
9791165341909,"아픔과 슬픔은 경험해봐야 크게  공감할 수 있다지만, 글을 읽으면서도 이미 눈은 슬프고, 가슴은 아프다.무섭도록 고요했었던 그 도시, 오월의 봄.감히 가늠할 수 없는 고통스런 학살을,오랫동안 기억할 것이다.인간의 존엄성과 함께!"
9791165341909,황석영과 임철우와는 다른 결로 그려낸 광주. 작가의 기품있는 감각이 빚은 애통하고 아름다운 도자같은 작품.
9791165341909,잘 읽었습니다ㅠ 하지만 뭔가 먹먹하고 다시 읽긴 힘들것같아요ㅠㅠ
9791165341909,시간이 흐르면 스테디셀러를 넘어 클래식이 될 작품
9791165341909,"다각의 시점, 하나의 고통.. 가슴아프단 말로는 표현이 안되는 먹먹한  통증이 느껴진다"
9791165341909,동호야...동호야...
9791165341909,다시 책을 펼쳤다. 서늘한 가슴. 떨어지는 누물과 괴로움. 그럼에도 이렇게 죽어간 사람들을 잊지말자 내 두 딸에게 우리의 칼날처럼 무자비했던 역사를 꼭 이야기해야지 다짐한다.가족을 잃고 37년을 살아낸 유가족들에게 심심한 조의를 표한다.
9791165341909,518에 대해 잘 모르는 친구를 위해 선물했습니다. 이 책은 거시적 관점보다는 미시적인 개인의 시점에서 518을 바라보고 있어서 518을 처음 알고 싶어하는 사람에게 권하기 좋은 책입니다.
9791165341909,"너무 좋았어요. 담담한 필체, 간만에 소설책보고 엉엉 울어본 터라..너무 와닿네요. 작가님 책 늘 기대하게됩니다"
9791165341909,"길지 않은 이 책 한 권을 읽는 내내 가슴이 저릿함을 느꼈다. 역사의 거대한 흐름 속에 상처입은 채 매일 악몽을 꾸며 살지 않고, 내 의지로 대통령을 선택할 수 있는 지금 한국의 2017년을 살아가고 있는 것이 고맙고 또 고맙다. 이후 여기 살 사람들을 생각하기 위해 역사와 문학을 더 가까이 하자."
9791165341909,꼭 읽어보세요.
9791165341909,별다른 정보없이 읽다가 소름이 돋았다. 공포소설을 읽는듯이 무섭고 슬프고 절망스러웠다. 그때 그 사건에 대한 부분을 개인에 게 초점을 맞추니 와닿는 강도가 달랐다. 자료에서 봤던 숫자가 아니라 사람. 사람이었다.알고는 있지만 가슴 깊이 깨닫진 못했던...
9791165341909,원통하다.
9791165341909,"80년 5월 27일, 계엄군에게 죽임을 당한 소년과 살아남은 이들의 고통에 관한 이야기. 검열관이 서 선생의 희곡에서 맘에 안 드는 부분을 통째로 먹칠을 했는데, 나는 어느 문장 하나 허투루 읽을 수 없어 통째로 밑줄을 그어가며 읽었다. 그들의 희생과 고통에 마음이 참 아프다."
9791165341909,한 개인에게 있어서 역사란 이렇듯 처절하리만큼 아픔으로 기억될 수 있다는 것을 깨닫게 되었다. 그리고 그 시대를 온전히 공유하지 못한 나 자신을 많이 자책한 시간이기도 하다. 아프다. 생각할 수록 아프다...
9791165341909,고통과 슬픔은.. 이제 혼이 되어 우리에게 다가왔다.우리가 잊지 말아야 할 그들의 마음을 담은 책.
9791165341909,"광주는 내가 20대를 보냈던 곳이라 내겐 특별하다. 5월의 광주는 매년 옛 기억들로 아파했다. 2017년 현실을 보며 5월의 광주는 더 많이 아파할 것 같다. 한강 작가는 이 소설로 블랙리스트에 올랐고, 전두환은 참 잘 살고 있다. 억울함과 슬픔에 작은 위로가 되도록 5월 18일 광주를 기억해주세요."
9791165341909,양심이 아프다!
9791165341909,너무도 고통스러워 책을 읽는 내내 자꾸만 손에서 내려놓게 된다. 얼음같은 불이 가슴을 관통하고 지나간다. 10페이지도 채 읽지 않았는데 자꾸만 눈물이 났다. 자꾸만.
9791165341909,"내가 알던 5.18 광주민주화항쟁그 뒤에 숨겨진 잔인하고 괴랄한 모습들동호와 정대, 이외에도 그 날에 있던 대참사의 모든 피해자들이 ‘더이상 모욕 당하지 않도록‘절대 이 작품을 잊어서는 안된다"
9791165341909,수많은 사람들의 영혼을 갈가리 찢어 놓은 비극은 아무리 시간이 지나도 절대 지워지지 않는다. 부디 이 비극을 겪은 사람들의 영혼만이라도 조금이나마 편안해질 수 있는 시기가 오기를.
9791165341909,너무 아픕니다. 한문장 한문장 가슴이 무너지는 기분이에요. 출퇴근길 지하철에서 읽었는데 몇번을 울었는지 모릅니다.
9791165341909,아들 학교의 권장도서라 구입했습니다.문장 문장마다 눈물이 줄줄 흐르기도하고 역사의식과 정의감이 샘솟기도 하고 감사함이 일기도 했습니다.
9791165341909,<소년이 온다 - 한강>80년 5월의 광주를 지나오지 못했거나 힘겹게 지나온이들의 이야기를 읽는 동안 크게 숨소리 한번 내쉬기힘들었다. 더워지기 시작한 5월의 광주가 선연히 보이며매케한 연기와 비릿한 피냄새가 느껴지는 것 같아깊은 숨을 쉬기가 겁이 났다.어린 아이를 먼저 보낸 어머니의 독백은 너무 담담하고 꿈같아서 오히려 더 아프고 슬프다.지금까지 접했던 80년 광주를 다룬 매체 중에이만큼 깊이 파고 들어간 작품은 접한 적이 없다.
9791165341909,화난다. 제대로 된 민주를 위해 늘 깨어있자. 그리고제대로 주권을 행사하자.꼭
9791165341909,"마지막 페이지까지 다 넘긴 그 때, 책의 제목이 더 크게 와닿았다."
9791165341909,표지만 봐도 마음이 답답하고 아프다. 제발 더 이상 되풀이 되지 않기를. 침묵도 해결이 아닌데
9791165341909,내가 태어나기도 전의 일이다.그때 갓난아이였던 오빠를 데리고 전대후문 근처에 살았을때 솜이불로 모든 문들을 막고 체류탄 가스에 매일 울었었다는 엄마의 얘기만 전해들었었는데...이 책을 읽을때...읽고 나서도 눈물이 난다...난 무얼할 수 있었을까....
9791165341909,박근혜 정부의 ‘블랙리스트‘로 확인된 한강의 저서이니 꼭 읽어봐야 하지 않을까 싶습니다!
9791165341909,‘무릎 꿇고 살기보다 서서 죽길 원한다면 먼저 가신 임들을 위해 다 같이 묵념합시다. 먼저 가신 임들을 따라 끝까지 싸웁시다.‘
9791165341909,읽는 내내 소름이 끼치고 먹먹해져서 읽다 멈추다를 반복했던 책.. 덤덤하고 간결한 문체가 더 아파왔다.
9791165341909,차마 목놓아 울 수도 없을 먹먹함. 가슴에 커다란 납덩이를 올려놓은듯 숨쉬기조차 쉽지가 않아 계속 힘들다..
9791165341909,5.18 민주화 운동 당시의 상황을 묘사한 책.
9791165341909,전 국민의 필독서가 되었으면 좋겠습니다 읽기 버거운 책이지만 꼭 읽어야하는 책입니다
9791165341909,"어른들은 광주사태라고 불렀다.군인들이 쳐들어와서 사람을 죽였다고..물어도 조용히하라고 어디가서 그런소리하면 끌려간다고했다.에필로그에서 저자의 아버님이 보셨다는그 사진첩을 나는 중학교때 봤다.그때부터였다.그분들에 대한 채무감,죄책감... 이 책을 읽는데있어 나는 마음에준비가 필요했다"
9791165341909,글자를 읽는데 눈앞에 그날들이 보였다.
9791165341909,"어떻게 얻은 민주주의인데... 우리의 힘은 ‘잊지말기‘, ‘기억하기‘ 그래서 ‘지켜내기‘"
9791165341909,역사는 다른얼굴을하고 결국은 반복된다 현시국도  일종의 정신적인 학살이  아닐까아픈역사를잊지말고 현실을 외면하지 말고 똑바로바라보자 촛불을 밝히자
9791165341909,읽어보는것을 추천합니다
9791165341909,지금 읽어야한다.잊혀져서는 안 될 끊임없이 반복될 이야기가 담겨져있다. 매일밤  다시 태어나는 악몽 속에서 우리가 기억해야할 역사가 담겨져있다.
9791165341909,결코 잊어서는 안될 고귀한 사람들
9791165341909,읽어 나아가기 참으로 힘이든 소설....
9791165341909,어떤 시선을 따라가도 아픔만이 가득하다.
9791165341909,다시 읽어도 좋다
9791165341909,내가 소년이 된 듯한... 한 명 한 명의 사연들을 눈시울 붉히며 읽어야했다.
9791165341909,"광주 민주화 운동의 처절함을 느끼는 중이다. 죽음에 대한 공포, 죽음 앞에서도 굴하지 않는 용기. 정말, 진실로 그들이 있었기에 오늘이 가능했다."
9791165341909,이야기의 서술방식이 새로웠다. 광주 민주항쟁을 너무 무겁지 않게 접할 수 있는 소설이 아닌가 싶다.
9791165341909,"˝형이 뭘 안다고··· 서울에 있었음스로··· 형이 뭘 안다고··· 그때 상황을 뭘 안라고오.˝, 이 말이 너무 맘에 와 닿네요"
9791165341909,채식주의자 책을 구입할때 함께 구입했지만 아직 읽지 못한 책~~빠른 시일안에 읽어봐야지
9791165341909,5.18은 우리에게 영원한 상처로 남아있다. 책을 읽고 또 한번 상처가 치유되지 않고 피가 철철 흐르고 있음을 느끼게 되었다. 이 상처는 다 나아도 커다란 흉터를 가지고 있게 될것이다.
9791165341909,한강. 이제는 나뿐만 아니라 많은 사람에게 묵직한 이름
9791165341909,아주 사실적인 문체와 내용.. 영혼과 몸이 자유로운.. 아픈 통증이 느껴지는 글..
9791165341909,<꽃잎>이후 518을 잊고 살았던 것 같습니다... 한강 작가의 노력과 용기에 박수를!  추천합니다.
9791165341909,5.18 그날의 아픔을 나눌 수 있는 시간...
9791165341909,"˝우리는 동물이 되어서는 안된다˝ ([이것이 인간인가])인간이 되기 위해, 결과적으로 겪어야 했던 일들이 죽음이거나 평생의 고통이다.이제 그들과 그 가족들은 ˝꽃 핀 쪽으로˝ 가야 한다. 하지만 우리는 어디로 가야 할까?"
9791165341909,1980년 5월 광주민주항쟁..잊고있었던 그날의 참상과 살아남은자들의 아픔과 고통을 느낄 수있었다.열다섯의 어린 둥호을 비롯한 학생들과시민들..고통스럽고 아픈역사지만 되풀이되어선안되고 오늘날까지 잊지말아야한다. 소년이 온다.
9791165341909,읽고서 정말 먹먹해지는 기분이었습니다. 하지만 꼭 읽어봐야 할 책이기도 한 것 같아요. 추천 드립니다.
9791165341909,"왜 나를 쐈지, 왜 나를 죽였냐고 묻고 싶다그들이 피 흐르는 내 눈을 볼 때까지 말이다."
9791165341909,36년전 이야기 그 당시 인물들과 나는 지금 함께 공존하면서 살고 있다는 것이 나를 끔찍하게 압박한다. 동호에게 총을 겨눈 자와 길거리에서 내가 사는 공간에서 아니면 지나가다 나와 부딪쳤을지도 모르는.... 5.18의 가해자들이 너무 떳떳하고 뻔뻔하게 살고 있는 이 땅이 이해되지 않는다.
9791165341909,서른 다섯.. 광주를모르고 큰 나에게 그곳의슬픔을알린책한장 한장 넘기기가 고통스러워  눈물로 넘긴책이다.모두가 읽고 알아야 할 책. 조금의 주저함도 없이 나의 아이에게 다시 읽히고 싶다
9791165341909,그당시에 광주에서 여고생이었던 나보다 더 어렸을 한강작가를 통해 다시 그날들의 아픈 충격을 다시 만났습니다. 가끔씩 그녀의 기억력과 필력에 감동하면서 책을 덮고 곰곰히 생각을 하곤 했습니다. 그녀의 멋진 도전과 용기에 감사드립니다.
9791165341909,"있을 수 없는 과거의 아픔을 다시 한번 일깨워준 소설. 사건과 인물의 연계성, 묘사가 정말 뛰어난 소설."
9791165341909,존재자체에 감사하게 되는 소설.
9791165341909,"처음에는 조금 낯선 2인칭의 담담한 서술에 머뭇거렸는데 점점 가슴이 젖어들더니, 중반가까워오면서 어느새 흐느껴울며 책을 읽고 있는 저 자신을 발견했습니다. 이렇게 한강이란 작가를 처음 만납니다."
9791165341909,80년 광주민주항쟁의 한가운데 있었던 한 소년과 그 주변인물들의 상처를 개인적 차원에서 모던하게 그려낸 소설. 80년대 사실적이고 고발적인 성격의 소설들과 비교할 때 진일보했다. 역사는 시대에 따라 꾸준히 재해석되어야 한다는 명제를 충실하게 이행했다는 점에서 반갑다.
9791165341909,가슴이 미어진다. 생명이 다한 이들... 생명을 끊지 못해 살아가고 있는 이들... 죽음보다 더 큰 고통을 안고 사는 이들.. 그들과 우리는 함께 살아가고 있는데 나는 전혀 그 슬픔과 고통을 나누지 않았다. 너무나 잔혹할 수 있는 사람들에 대한 두려움과 더불어 무관심한 나를 반성한다.
9791165341909,실제 일어났던 광주사태를 바탕으로 쓴 내용이라 더욱 마음속에 와 닿고... 시간 가는줄 모르고 읽을듯 하네요. 채식주의자와 함께 소장하시면 좋을듯해요
9791165341909,자꾸만 묻혀지는 그날의 진실이 안타깝습니다.
9791165341909,16세 동호를 통해 본 광주민주화운동의 실상들...동족에 만행을 저지른 자들이 아직도 뻔뻔스럽게 살아있다는게 한심한 이 나라의 현실
9791165341909,책을 읽으며... 고통받은 이들은 참혹하게 죽어갔는데... 고통을 준 이들은 어찌 살고 있을지... 진심으로 궁금해 졌다. 잊지 말아야한다 그들의 아픔을... 그들의 슬픔을...
9791165341909,가슴이 먹먹해 졌다. 강하기만 할 줄 알았는데 아름답기까지 하다.진정 멋진 작가다~!!!
9791165341909,"끊임없이 위로해야 한다.아무 소용없지만 쉬지 않아야 한다.법적, 행정적 절차도 필요하고도의적, 도덕적, 인간적 의식도 필요하지만음악과 영화와 소설과 시로 상처를 다독여야 한다.우리가 지금 금남로로 달려갈 수 없기에 우리는 이 소설을 읽어야 한다"
9791165341909,알라딘 댓글만큼은 일베들이 침투하지 않기를 바란다.
9791165341909,5.18을 교과서에서 배웠습니다. ｀민주화｀란 그저 그러다보니 주어진 줄 알았습니다. 이 책을 읽고 나니 너무나 죄송하고 죄송하고.. 지금 그냥저냥 살아가는 것 자체가 부끄러워졌습니다. 절대 잊지 않겠습니다. 진심으로.. 이런 글을 남겨주셔서 감사합니다.
9791165341909,마지막 장을 넘기면서 콸콸콸 쏟아져나오는 눈물로 시작한 주말 아침. 어린 새야. 따뜻하게 꽃 핀 쪽으로 가거라..
9791165341909,나는 이 책을 보고 518의 아픔을 더욱 더욱 크게 느꼈다.
9791165341909,가슴이 아리고 아프네요......
9791165341909,마지막 문장을 읽어내기까지 책을 많이도 열고 닫았다.
9791165341909,518이 내일이네요... 오늘 내일 읽고픈데 알라딘 배송이 너무 느려서ㅠ 사려다가 그냥 리디북스에서 한강 작가님 <채식주의자>랑 <소년이 온다>까지 구입했어요. 포인트 받으면 싸게 살 수 있더라고요. 알라딘 인기작은 배송이 너무 오래 걸리네요ㅠ 이럴 땐 전자책이 나은듯..
9791165341909,내일이  518 입니다. 봐야죠. 젊은 새대일수록 더욱더.
9791165341909,오월 광주의 열흘을 고스란히 옮긴 한강. 그녀의 가녀린 어깨를 안아주고 싶다
9791165341909,책을 읽는 내내 아파서 계속해서 연이어 읽기가 힘들었다. 하지만 읽어야하고 알고 기억해야한다.
9791165341909,"내가 광주에 대해 조금이라도 알고 있다고 생각했던 것이 얼마나 어리석고 우스운 일이었던가.  실로 감탄하게 되는 이 책에, 그리고 숭고한 넋들께 고개를 숙인다."
9791165341909,"어쩌면 우리는 모두가 알고 있을 것이다. ˝동호야˝ 라는 가냘픈 목소리를. 소리없는 울음을. 본능적으로 달아날 수밖에 없었던 미련스런 마음을. 그리고, 해야 할 일과 절대로 하지 말아야 할 일을. 무엇을 응시해야 하는지를."
9791165341909,가슴이 먹먹한책
9791165341909,관심이 없던 사람들도 이런 기회에 한번쯤은 찾아서 읽어보면 좋을 책
9791165341909,광주에서 일어났던 잊지 말아야 할 불편한 진실. 너무 적나라한 내용과 그것이 오래되지 않은 사실이기에 책장을 넘기는게 힘들었다. 생존자의 관점에서 또 유족의 관점에서 함께 공감하며 눈물이 나기도 했다.
9791165341909,음.... 이건 너무 슬픈것 같아요
9791165341909,우리가 꼭 알아야 할 이야기..
9791165341909,｀그 순간 네가 날 살렸어. 삽시간에 내 피를 끓게 해 펄펄 되살게 했어. 심장이 터질것 같은 고통의 힘. 분노의 힘으로｀
9791165341909,때론 담담하게 때론 적나라하게 풀어낸 그날의 광주
9791165341909,기대됩니다 어떤의미로 나에게 다가올지
9791165341909,처참함과 참담함이 담담함으로 다가옵니다.우리가 꼭 알아야 할 이야기!
9791165341909,"어쩌끄나,,, 어쩌끄나,,,번들거리며 잘 살고 있는 살인자와 아무렇지도 않게 함께 숨쉬는 세상이 허망해서 숨죽여 울었습니다."
9791165341909,너무 슬퍼요 읽으면서도 계속 울컥울컥합니다
9791165341909,시작부터 끝까지 울게되는 책
9791165341909,이제껏 미루고 미루다가 마음을 굳게 먹고 드디어 읽었습니다. 도서관에서 빌려서 읽었는데 꼭 소장하고픈 책입니다.마음이 너무 아파서 다시 읽지 않더라도요.
9791165341909,그 남매는 어디로 사라졌을까
9791165341909,너무나도 강렬하여 책장을 빨리 넘겨버린.. 빨리 읽고 덮고 나서도 다시 펼쳐볼 용기가 나지 않는.. 그러나 그 여운은 진하게 오래가는 책
9791165341909,한강 작가님의 작품이라서 믿고 볼 수 있는거 같아요광주민주화운동 당시를 배경으로 이 소설을 보면서 비극적인 역사를 잊지않고 기억해야 한다는 생각이 듭니다
9791165341909,"인간이 얼마나 악해질 수 있는지, 또 얼마나 숭고할 수 있는지 보여주는 책입니다. 살다보면 수많은 일들이 일어나지만 어떤 사건은 반드시 기억되어야 하고 절대 잊혀져서는안됩니다. 한강작가님에게 참 고마운 소설이었어요."
9791165341909,재밌어요.
9791165341909,우리 아파트 단지옆에 공공도서관이 들어섰다.소년이 온다 와 모방범을 대출했다소년이 온다는 책이 출간 되었을때부터 읽고 싶었는데 지금에야 읽게 되버렸다.추석연휴가 길기도 했지만 읽는내내 힘들어서 책을 덮고  읽는것을 자주 멈추게 되었다. 과거의 어두움과 밝음을 모두 뛰어넘어 현재의 내가 존재하지만 그 안을 속속들이 들여다본적도 깊이 생각해본적도 많지 않은 것 같다. 내 삶조차 내맘대로 되지 않아 힘들때가 많은데 다른이의 슬픔까지 껴안아줄 여유가 없는건지~~성당에가면 늘 타인을 위해 기도하라고한다.나는  우리 세대를 위해 한걸음 앞장서 걸었던 그들의 희생을 얼마나 소중히 여기고 아파했을까?역사를 되돌아보면 늘 그 모든 아픔을 짊어지고간 이들이 있다.딱히 그 무거운 짐을 누가 지어주지 않았는데 말이다.그래서 다시 한번 더 생각하게해준 이 책이 또 고마워진다~~
9791165341909,굳이알아서 맘아프고싶지않지만꼭 읽고 알아야하는 것이이책에있다
9791165341909,선악의 구도가 아니다. 이름 없이 사라진 불꽃들의 이야기다. 가슴이 아리고 안따까운 한숨이 계속난다.한강의 섬세한 문체로 그 아픔이 더해진다.
9791165341909,오열하게 만든 책!! 작가님께 감사함을 느끼는 책!!
9791165341909,마지막 장을 덮고 뒤표지의 추천사 추천인의 이름까지 읽었다.그리고 나는 그제야 알았다.무슨 `무늬`라고 생각하고 흘려보던 책 표지의 어른거리던 하얀 것들이 `꽃`이었다는 것을.빛이 있었던 자리가 어둠으로 채워진 하얀 꽃들이었음을 알았다.
9791165341909,"눈에 보이는 것과 라디오에서 뱉는 것이 다름을 알았을 때 국가는, 아니 욕심 큰 특정 집단은 거대한 폭력집단일 수 있음을 알았다. 그 때 라디오에서 뱉어진 말을 그대로 믿은 사람들이 아마도 훨씬 많으리라. 라디오는 그랬었다. 광주는 폭도들이, 간첩들이, 불순분자들이 점거하고 있노라고."
9791165341909,"순결한 피해자와 사악한 가해자를 구도로 그날의 풍경을 재현하는 방식은 이제 진부하다. 이런 작업은 홍희담, 임철우, 최윤이 이미 다했다. 흔한 구도를 넘어 언제 어디서든 폭력을 행사하는 국가 체제와, 그런 국가에 맞서 조직력과 방향성을 가져야하는 인민의 노력에 이젠 주안점을 둘때가 아닌가."
9791165341909,"책장을 넘기는 것 조차 힘든
그 때의 잔혹한 슬픈 이야기."
9791165341909,"차분하게 선배와 친구들을 이야기하기에는,
걸어온 길보다 가야할 길이 아직은 더 멀기때문입니다. 
우리에게 5월은 언제나 따뜻한 봄 날로 돌아올지요."
9791165341909,"여름밤을 좋아했던 동호는 시인이 되었을까.
슬프고 안타까운 그 시간들이 흐르고 흘러도 아물지 않는다."
9791165341909,한강의 분위기 독보적이다
9791165341909,‘아우슈비츠 이후로는 서정시를 쓸 수 없다.’ 악몽처럼 끔찍한 사건 이후 사람들은 살아갈 수 있을까? 이 소설은 그에 대한 답을 조심스러운 목소리로 우리들에게 들려준다.
9791165341909,"단숨에 읽을수 있었지만, 읽을 수 없었다글이 간결하고 또렷했고 무엇보다 술술 읽혔지만그래서 더욱 힘들었다이 타이밍에 이렇게 읽을수있어 감사한 책"
9791165341909,한강의 담담한 문체로 써내려간 그날의 이야기.
9791165341909,읽고 나면 먹먹해요
9791165341909,"오늘이 518이네요. 
첫 장을 넘길 때부터 눈물이 가득 담기게 만든.. 그 눈물조차 죄스럽게 느껴지는.. 강추합니다."
9791165341909,이 시대에 꼭 읽어야할 책!
9791165341909,아직 우리에게 희망이 있다는 것을 보여주는 책
9791165341909,어렴풋해져가는 과거의 슬픈 역사가 지금 내 주변의 이야기처럼 생생하게 가슴을 친다. 저자의 단단한 문체가 좋다.
9791165341909,잊고 지냈던 것들에 대해 생각을 해볼수있게 하는 책이다.
9791165341909,광주가 온다. 내 안의 부채의식이 온다.
9791165341909,더 많은 사람들이 이 소설을 읽어야 한다.
9791165341909,아직 끝나지 않은 광주를 통해 한국사의 비극을 적나라하고 가슴 먹먹하게 재현했다.
9791165341909,꼭 읽어야 한다. 그 날을 담담한 듯 그러나 세심하게 표현하였다. 꼭 읽고 그 날을 기억하자. 거짓된 정보와 거짓된 언론에 속지말고.
9791165341909,한강이기에 쓸 수 있는 소설이라고 생각합니다. 어떤 책이다. 하고 정의내리기에 어려운 소설입니다.
9791165341909,한강이란 작가를 내게 각인시켜준 작품
9791165341909,나는 이렇게 살아있다는게 미안해지네요. 그들과 나는 같은 사람인데요.많은 사람들이 꼭 이 책을 읽어보았으면 좋겠다는 생각이 듭니다.
9791165341909,잊지 말아야 할 현대사를 슬프지만 아름답게 표현했다. 그럼에도 잊지 말아야 할 현실을 지금도 생각하게 한다.
9791165341909,2014년 최고의 작품. 담담한 문체가 더 감정을 추스르기 어렵게 만든다.
9791165341909,당시의 사건 그 자체보다는 남겨진 사람들을 어루만지는 책
9791165341909,역사적 사건을 아주 독특한 서술방식으로 풀어낸 소설.
9791165341909,책을 다 읽고도 한동안 가슴이 먹먹함..
9791165341909,2010년 이후 최고의 소설!
9791165341909,광주의 기억을 돌아보게 했다.
9791165341909,"광주에 대한 정면승부.
소설의 호흡에 숨이 막힐 듯 하다."
9791165341909,"여러 시점에서 조각을 맞추듯, 슬픈 현대사의 한 고비를 조명합니다. 
빨간책방인가 라디오책다방 팟캐스트도 함께 들으시면 더 좋습니다."
9791165341909,훌륭한 소설입니다.
9791165341909,그들을 위한 위로의 시 같은 글...
9791165341909,"나에게 마냥 설렜던 봄이 누군가에게는 해마다 찾아오는 슬픔인 걸 몰랐습니다. 아니 알려고 하지 않았고, 어쩌면 모른척 했을지도 모르겠습니다. 다가오는 5월의 슬픔들을 기억합니다."
9791165341909,"그날 광주에서 있었던 일은, 지금 우리에게 무엇이 되었나?"
9791165341909,"차마 단숨에 읽어 낼 수 없어도 기어코 읽어내야 하는, 고통으로 기억해야 하는 그 시절."
9791165341909,감히 말할 수 없는 먹먹함... 한강이 써줘서 더 고맙다.
9791165341909,아 가슴이 너무 아프다..
9791165341909,페이지를  넘길때마다 긴한숨이내가 얼마나 이 책을 이해하면서  읽은건가...
9791165341909,한 번 열어 멈출 수 없는 이야기들. 묵직하게 다가온다
9791165341909,울고 또 울고 가슴아프고 또 아프고...
9791165341909,"그때 그 시절을 경험하지 못한 자들이여, 읽어라. 읽으면 0.1% 정도는 진실로 함께 아파할 수 있다."
9791165341909,소설은 담담하게 읽었는데 에필로그를 읽다보니 눈물이 주르르 흐른다.
9791165341909,"이상문학 수장작 ˝몽고반점˝과 그 후에 나온 ˝채식주의자˝ 그리고 ˝바람이 분다 가라˝까지 한강의 글은 읽기가 쉽지 않다. 그런데 이젠 광주라니... 피하고 싶더라도 모두가 꼭 읽어야 하는 책. 읽은 후 수고했다고, 고맙다고, 그리고 미안하다고 말하지 않을 수 없는 소설. ˝동호야.˝"
9791165341909,
9791165341909,이대로 전두환이가 천수를 누릴 가능성이 큰 이 따위 나라에서 살고 있다는 것에 참을 수 없는 분노를 느낀다.
9791165341909,처참했던 1980년 5월의 광주..두껍지 않은 책이지만 글이 주는 무게감은 대하소설 못지않다.
9791165341909,"읽으면서 계속 눈물을 흘렸네요! 감사합니다. 몰입해서 잘 읽었습니다. 광주, 용산, 쌍용, 세월호.. 계속 반복되는 역사를 느끼게 됩니다."
9791165341909,정말 대단한 책입니다. 그 상황 속에 있었던 사람들의 삶과 아픔을 이토록 절실하게 느낄수있게해준 작가님에게감사하게되네요... 정말정말 추천합니다. 꼭 읽어보세요
9791165341909,악몽같은 책이다.책을 읽는동안 열십자로 포개진 몸뚱어리를 눕히고 눈도 코도 입도없이 떠돌아다니는 심정으로 읽었다.눈동자가 흘러내려 읽을 수 없는 여러번의 고비를 넘기고서야 끝날 수 있었다.소년이 온다는 광주 그 자체다.
9791165341909,아직도 마음이 먹먹하다. 너무 재밌게 읽은 책!
9791165341909,"어찌 썼을까 싶습니다. 전 읽는 내내 속으로 또 겉으로 눈물이 흐르는데, 쓰는 이는 어찌 이걸 감당해내었을지..."
9791165341909,상처는 끄집어내놓아야한다  숨기면 그들만이 좋아할 뿐히틀러 와 전두환아이히만 과 정호용 또는 생각을 거부한 군인들역사는 그들과 화해할 것인가처단할것인가
9791165341909,최고.
9791165341909,"교과서로만 보았던 역사를 간접적으로나마 경험한다.그 시대 사람들이 얼마나 아프고, 힘들었는지를.이 책을 읽고 알았다. 내가 참 많이 우리 역사를, 아픔을 몰랐구나."
9791165341909,"2014년 11월 도서대란때 구입한 16권의 책중에 무심코 가장 처음으로 꺼내들고 읽었다.후회 했다.  가벼운 마음으로 읽고 싶었는데, 책장을 넘기는게 너무나 힘든 책이었다. 아프고 아프고.. 너무나도 아픈 .. 광주를 다룬 다른 책에서는 분노를 먼저 느꼈는데 이 책은 너무 아팠다."
9791165341909,양심..우리가 인간이고 자녀이고 형제이게 하는..  그래요. 양심.
9791165341909,"하루에 한두장씩만 읽었다. 내게 시린 모습으로 다가오는 소년을 어떻게 맞이해야할지, 자신이 없다.  모른척 했거나, 아무말없이 가만있는것은, 나 또한 어긋난 역사에 동참했거나 한편이었다는 말이 된다. 그런데 소년은 한발한발 들어오고있다. 우리들의 불편한 침묵안으로.."
9791165341909,공지영씨의 고등어...김훈의 칼의 노래...한강의 소년이 온다까지...짧은 문장 하나만으로도 가슴 저 밑바닥을휘저어 놓는 서늘함이 있다...
9791165341909,돌아보게 한다
9791165341909,이글이 과연 70년생 작가가 쓴것이 맞나 하는 생각이 들만큼 생생하게 다가온다이제는 잊혀져만가는 광주를 다시 생각하게 해주는 수작!!!!!
9791165341909,"가만히, 소년이 온다"
9791165341909,"단숨에 읽었습니다. 문학적 상상력으로 아픔을 전달하는 놀라운 필체와 플롯, 그리고 문체에 오랜만에 소설의 힘을 느꼈습니다. 읽고 많이 울었습니다."
9791165341909,한강의 문장. 아프지만 놓을 수가 없다.
9791165341909,잊어서는 안 되는 역사에 대한 문학적 대응이 어떤 방향으로 나아가야 하는지 보여준 작품이었습니다.
9791165341909,필독서가 되길...
9791165341909,한동안 헤어나올 수 없었다
9791165341909,"아직도 무거운 현실이 거기 그대로 있고.소년이라는 존재를 일깨워 그동안은.어른들의, 시민들의일,이라고만 여겨져더욱 가벼이 여기던 것을 한층 깊이있게 잡아준 듯해서 ..."
9791165341909,한번에 읽을수 없는 책이었다. 가슴 먹먹함에 몇 번을 쉬었다 읽었는지. . .
9791165341909,"무거운 마음이 가득했지만, 생각거리를 한없이 던져준 좋은 책."
9791165341909,"아프지만 꾸준한 응시가 아름다운 작품.내가 좋아하는 한강, 그녀의 응시가 아름답다고 늘 생각한다."
9791165341909,한강이 한강일수밖에 없는 글쓰기.
9791165341909,특별함을 찾아볼 수 없다.
9791165341909,"5.18 광주의 이야기. 읽고나면 가슴 한 구석이 먹먹해지는 책.자기 전책을 펼쳤는데,마지막 페이지는 기여코 넘기고야 마는..."
9791165341909,광주에 사는 사람입니다. 다른지역 사람들보다 518에 대해서 잘 안다고 생각했는데 이 글을 보고 또 한번 마음이 동했습니다 추천합니다
9791165341909,"한강 작가에게 고맙다. 이런 책을 써줘서. 문학의 아름다움, 의미, 역할을 환기시켜준 책"
9791165341909,순결한 피해자와 이해할 수 없는 가해자만 나온다. 역사를 다뤘지만 역사적이지 않다.
9791165341909,아스라히 때로는 찌릿하게 전해지는 그때의 슾름
9791165341909,오랜만에 표지를 다시 보는데 안개꽃이 참 사람을 먹먹하게 만든다.
9791165341909,먹먹하다 한강이라면 광주를 이렇게 그려낼 수도 있구나.
9791165341909,재밌게 잘 읽었어요!!
9791165341909,그냥 최고
9791165341909,그야말로 올해의 책
9791165341909,한국 현대사에서 광주민주항쟁을 떠올리면 늘 마음 한 켠이 아려온다. 그 동안 이를 소재로 한 문학자품들은 많았지만 등장 인물을 통해 작가가 말하고자 하는 방법이 독특해서 투표를 한다.
9791165341909,"뭐든 쉽고,,쉽고,,,쉽다 못해 편하기까지한 것들을 찾고,,,,그러다 못해 책까지,,,쉽고,,,쉽고,,,결국에 편한 책을 손에 쥐게 되는 요즘. 결코 모른척 할 수 없지만, 너무 아프고,,,어렵고,,,,,분하기까지한 이 이야기를 통해,,,많은 생각을 할 수 있는 시간이 됐습니다.."
9791165341909,내가 알고 있다고 생각했던 일들이 실은 전혀 그렇지 않았음을 깨닫게 해준 소설. 오랫동안 잊혀지지 않을 소설입니다. 작가님께 많이 감사했습니다.
9791165341909,5.18에 대한 직접적인 사진을 보거나 증언을 듣는것 보다 더 아프게 와 닿은 책이다.청소년들도 많이 봤으면 좋겠다.
9791165341909,너무 아픈소설..하지만 이 책은 누구나 꼭 읽어봐야 한다.
9791165341909,한강의 눈물. 발자국.
9791165341909,우리의 가슴 아픈 역사를 다시한번 생각하게 만드는 책이었다.100% 픽션이 아니라서 더욱 가슴아프고 마음 아파서 한동안  너무 아팠던 책이었다.
9791165341909,독서경험이 아닌 체험 그 자체가 되어버린 소설
9791165341909,"공교롭게도 가장 아팠던 시대, 그러나 과거이기만 할 그 시대가 2014년도에서 그대로 재현되었다. 2014년은 아픈 사람들이 많았다. 소년이 오고 소년이 가고 우리는 갈 길이 멀다"
9791165341909,요즘 보기 힘든 소설.
9791165341909,작가 한강에 대한 관심으로 구입
9791165341909,당신의 5월이 달라진다
9791165341909,첫 문장이 인상깊어 구입했는데 마지막 문장까지 좋았다.
9791165341909,"두고두고 아프다, 는 말 이외에 또 어떤 표현이 필요할지"
9791165341909,"굳이 정치적인 시각으로 바라보지 않더라도, 아무렇지 않은 듯 말을 꺼내도 그 무엇보다도 정치적일 수 있고 슬픔을 자아낼 수 있는 작품"
9791165341909,광주의 아픔이 담담한듯 사무치게 느껴진다
9791165341909,광주의 이야기를 여러권 읽었지만 소년이 온다가 그 중 으뜸이었다.
9791165341909,가슴아픈 역사...내가 이 땅에 자유를 누리며 살고 있는 이유를 말해주는 소설...
9791165341909,우린 아직 그 소년을 잊어서는 안 된다.
9791165341909,잊혀진 5.18의 기억을 되살린 책 마지막장을 덮는데 나도 모르게 눈물이 주르륵 흘렀다
9791165341909,한강만의 정제된 문장. 읽으면서 정말 많이 울었습니다. 더 많은 사람들이 읽을 수 있기를.
9791165341909,"그 시절의 소년, 그 소년이 내게로 온다. 난 뭐라 말해줘야 할까? 눈물밖에 나오는 게 없는데..."
9791165341909,"잃어버린 기억에 대한 회복, 왜곡된 역사에 대한 성찰"
9791165341909,마지막 에필로그에서 눈물이....
9791165341909,"가슴 아프지만, 꼭 읽어야할 책"
9791165341909,"정말 글의 소재를 선택하는 것만으로도 작가의 역량을 알 수 있다는 평론가의 말이 와닿는다. 작가가 첫 문장을 쓴 그 순간 부터, 이 책은 올해의 책이 됨에 충분하다."
9791165341909,아직도 광주 민주항쟁을 왜곡하고 부정하는 사람들이 꼭 읽었음 하는 책.
9791165341909,5.18 광주민중항쟁이라는 현대사의 굴곡진 시대적 아픔을  다양한 인물들의 삶을 통해 잘 보여줌
9791165341909,과거의 마음을 걷는 한강의 문장들
9791165341909,아직도 선연하다.
9791165341909,가슴 아팠다. 그 시절 그 때...경험하지 못했지만 이 소설의 아픔에 같이 울었다.
9791165341909,눈물이 흘렀다
9791165341909,5.18 광주의 맨얼굴을 담대하게 마주했다는 것만으로도 충분한 이유가 되지 않나.
9791165341909,너무 좋다 너무 가슴을 시리게 해서 ...
9791165341909,"올해의 책, 단 하나의."
9791165341909,읽고 나서 한참동안 다른 책을 볼 수가 없었다.
9791165341909,80년 5월 광주라는 한 번의 '사건'이 그것을 경험한 사람들의 영혼에 얼마나 큰 상흔을 남겼는지를 고통스러우리만치 절절하게 묘사한 작품이다.
9791165341909,가슴 아파
9791165341909,장편의 호흡으로 단편의 통찰을 묵직하게 녹여낸 수작
9791165341909,내용도 슬프지만 아름답습니다. 요즘 소설에서는 보기드물게 감동을 안겨줍니다. 게다가 문장 또한 훌륭합니다.
9791165341909,슬픔을 넘어서 아름답다.우리 모두 침묵할때 외롭게 외쳐대던 1980년의 광주를 잊지 말기로 하자.
9791165341909,올해 유일하게 나를 울린 책.
9791165341909,잊지 말야야 할 것들을 잊지 않게 해주는 이야기들. 고맙습니다.
9791165341909,광주에 대해 쓴 수많은 책들 중 으뜸!
9791165341909,"시대의 아픔이, 지금도 진행중인 전국적인 왕따의 피해자인 한 도시의 아픔이 너무나 절실히 와닿았던 책이에요.소설을 통해 건네받은 작가의 위로로 코끝이 찡해졌네요."
9791165341909,내가 어둠속에 묻어둔 일들을 차분히 꺼내주었다. 참혹한 일들을 처연하게 바라보며 그건 어제의 일이 아니라 오늘의 일이며 아직도 정리되지 않은 내일의 일이었다.
9791165341909,한강에 대해 오해하고 있었다. 그녀는 유약하지 않았다.
9791165341909,왜 발포 책임자는 아직도 숨을 쉬고 있는가...........
9791165341909,문장 하나하나가 다 생생하고 절절하다. 한강의 소설은 눈으로 읽는 게 아니라 온몸으로 읽는 것 같아 한번에 많이 읽을 수가 없다. 그럼에도 불구하고 끝까지 읽게되는 마법같은 소설.
9791165341909,"책을 내려 놓고 통곡하길 몇번이던가..가슴이 너무 아파 한번에 다 읽지를 못했다.너무 담담하게 절제된 문장으로 써 내려간 글 때문에 더 가슴이 먹먹하고 아팠더랬다.꼭, 읽어보길.. 대한민국 사람이라면.."
9791165341909,"작가의 담담한 문투에 속아 담담히 읽다가, 결국 책을 내려놓고 많이 울었다. 한번 터진 눈물은 좀체로 멈추지 않아 결국 한번에 다 읽지 못하고 결국 200페이지 남짓 되는 이 얇은 책을 이틀에 나눠읽었다."
9791165341909,"6장은 눈물이 나서 겨우 읽었다.역사를 잊고 있는 이들이 제발, 부디 읽어줬으면 좋겠다"
9791165341909,마음이 너무나 아렸습니다. 절대 잊지못할 아니 잊지말아야할 과거사. 가슴 깊이 새겨봅니다.
9791165341909,모두가 읽어봐야하는 책
9791165341909,"무수한 시간을 지나 차가운 강을 건너 영혼으로 남아, 소년이 온다."
9791165341909,몇번이고 책을 손에 들었다 놓았다 한다너무나 읽기 힘든책이지만 고개를 돌릴수는 없는것이다
9791165341909,감히 평점조차 매길 수가 없습니다. 겉으로 눈물이 흘러내리기 보단 온 마음과 온 몸으로 울게 하는 책입니다. 우리 모두가 꼭 기억해야할 소설이 아닌 과거의 아픈 기록입니다.
9791165341909,자꾸 광주가 되살아 나는 느낌. 참혹하고 슬프나 잊지 말아야 할 역사가 너무나 많다.
9791165341909,책장을 넘길 때마다 장면장면이 그려진다. 멋진 책.
9791165341909,"임철우의 <봄날>이 고증에 중점을 두었다면, 한강의 <소년이 온다>는 문학적인 감수성까지 품은 소설이다.  우리는 진실로부터 너무 멀리왔다. 직접 겪지 않은 역사는 때로 왜곡되고 가려진다. 그래서 한강의 소설은 중요한 의미를 가진다. 고맙다. 잊지말라는 의미이다."
9791165341909,과연 나는 그 때 어디서 무엇을 했는지...그들이 그렇게 스러져 갔을 때 나는 도대체 무엇이었는지...
9791165341909,소설이 나온 시점이 의미심장하다. 시뻘건 폭력이 난무했던 그때와 시꺼먼 물이 덮쳐오는 지금이 별반 다를 게 없어 보인다. 소설을 통해 그때를 아주 조금이나마 경험한 느낌이다. 세월이 흘러도 잊혀서는 안 되는 역사의 한 조각이 내 안에 묵직하게 들어앉았다.
9791165341909,"35년 전에, 우리나라의 한 도시에서 일어났던 이야기다. 이미 너무 많은 사람들이 알고있는..  이에 관한 수많은 소설,드라마, 영화들이 있고. 본 것보다는 안 본 것들이 더 많다.   나 역시도 그런 생각을 했었다.  너무 식상한 이야기가 아닌가, 하고.  그렇지만.. 나는, 우리는.  그 열흘동안 있었던,  먼나라 이야기같이 생각되는 그 일이. 이제는 끝나버린 옛날의 일이라고 생각하고 살고있는 것은 아닌가.  정말 그 일은 이제 끝난 일인가.책의 많은 부분을 혼자 있을 때 읽어야 했고, 계속 읽어나가는 것이 고통스러울 정도였지만. 꼭 읽어보시라고. 읽을 시간을 꼭 내어보시라고."
9791165341909,힘겹게 읽엇다 글귀 하나하나 읽어나가는게 고통인ㅠㅠ 전두환 살인마를 찢어죽이자.
9791165341909,많이 읽고 많이 생각해야 할 책.. 작금의 세태를 보면 더더욱이..
9791165341909,새로운 것 같았지만 그다지 새롭지 않았던. 무겁지 않게 무거운 이야기를 풀어내려고 했던 것 같은데 결과적으로 이도저도 아닌게 되어버린 느낌.
9791165341909,자주 울었다.
9791165341909,시 쓰지 말고 소설 쓰세요. 한강님!!^^
9791165341909,"습자지에 핏망울이 꽃처럼 스며드는 이야기. 새의 영혼같이 나직나직 들려주는 이 책을, 한번에 읽지 못했다. 조금씩 조금씩 읽어가며..겪어내지 못한 일에 대한 공분이나 애도는 얼마나 가벼운가, ˝대신 잘 써주셔야 합니다.제대로 써야 합니다. 아무도 내 동생을 더이상 모독할 수 없도록 써주세요"
9791165341909,숨죽여 조용히 마지막장을 넘기다.
9791165341909,읽자마자 선물하게 됐다.
9791165341909,5.18 당시에 광주에 거주하고 있었던 나로서는 이 책을 읽음으로해서 다시 당시의 암울했던 현실을 떠올리게 되었다....
9791165341909,출근길에 지하철에서 숨죽여 오열하며 마지막 장을 다 읽었습니다. 고통 속에서 한 자 한 자 적어 나갔을 작가님을 위로하고 싶어집니다.
9791165341909,오월이 가기 전에 되도록 많은 사람이 읽었으면 좋겠습니다.
9791165341909,"사전 지식 없이 그저 ｀한강｀이라는 작가만 보고 구입해서 읽었다. 뒤통수를 맞은 기분이었다. 그저 지금은 설명할 어휘가 부족하다. 먹먹하고, 가슴아프다."
9791165341909,책장을 덮었음에도 슬픔이 영원할것만 같다. 80년의 광주에서 스러져간 영혼들. 어찌어찌 살아 남았지만 여전히 그 순간의 고통에 머물러있는 사람들. 모두에게 깊게 박힌 상처들이 아파 눈물이 흐른다. 한강이라는 작가의 치밀한 구성과 묘사에 그 슬픔의 무게는 더 무거워진다.
9791165341909,그냥 읽어보세요 다른 말이 필요없엉
9791165341909,기다렸어요.. 한강작가님 신간
9791165341909,한강 작품들 중에서 가장 별로임그런데 서평에 내용언급보다는 그냥 밑도 끝도 없이 울었다는 사람들이 많은 이유는멀까?
9791165341909,도서관에 아이책 빌리러 갔다가.. 내용도 모르고 꺼내 들어왔던건데.. 광주의 이야기라 알고 있었다면 읽지 않았을겁니다 그 슬픔의 무게를 당해내지 못할 것 같아서.. 하지만 깨달았습니다  꼭 기억해야 한다는것을.. 오늘 아이가 오면 광주의 슬픔을 이야기 해주어야겠습니다
9791165341909,새롭지 않은..그래서 읽는 내내 좀 지루했습니다. 평이 굉장히 좋아서 아무래도 너무 기대를 해버렸어요.
9791165341909,처음 책을 보았을때 이 책을 읽고 사람들이 울었다는 글에 공감하지 못했습니다 초반까지도 화가 났고 그저 안타까웠을 뿐인데 6장을 읽으면서 나도 모르게 오열하고 있었습니다 올해의 여름은 5.18을 가슴에 새기며 보낼것같습니다 모두가 이 작품을 읽었으면 좋겠어요 그날의 광주를 추모하며
9791165341909,"﻿생각하고 또 생각해도 미어터져 흐르는 향할 곳 없는 분노, 고통과 슬픔만이 가득한 순간들에 영원히 갇혀버린 것 같은 기분. 오월을 맞아 책장을 다시 넘겨보며, 일곱 명의 그 헤아릴 수 없는 삶 속을 잠시 걸어본다."
9791165341909,훌륭한 책
9791165341909,한번으로는 이해가 쉽지않아 두번읽은 책각장마다 관점이 달라져서 이해가 힘들었다 하지만 너무 생생해서 역사를 다시 공부하고 싶은생각까지들게했다
9791165341909,삶이 장례식이 된 사람들에게 필요한 건 무엇일까.
9791165341909,한글이 원서이고 원서를 읽을 수 있음이 좋음. 아름다운 문체와 긴 여운.
9791165341909,"광주 태어나서 한번도 안가봤는데 노먼소프 기증 사진전이 있어서 조만간 가려한다. 잊지말고 작가들이 릴레이로 소설을 써주기를. 어느 순간 희미하게 잊혀질까봐, 또는 후대들이 오일팔이 뭐야? 라고 물을까봐 무섭다. 잊지말자."
9791165341909,민주주의는 피를 먹고 자란다는 말이 떠오르네요ㅠㅠㅠㅠ
9791165341909,"왜 그래야 했을까. 국민을 지키기 위해 존재하는 군대가 왜 국민을 향해 총을 겨눴으며, 대통령이라는 사람은 왜 그걸 지시해야하만 했나. 너무나도 가슴아픈 이야기. 불과 30 여년 전에 이 땅에서 있었던 일이라는 게 믿기지 않는다. 인간이 악하다지만 인간 존엄을 지키며 살아야 한다."
9791165341909,"총알 박힌 흔적이 여전히 남아있는 건물을 보며, 내가 태어나기 고작 20년 전인 아빠가 중학생이었던 시절의 이야기를 들으며 자랐다. 5월이 되면 꼭 읽는 책 중 하나."
9791165341909,어렴풋이 알고 있었던 그 때의 이야기.담담하고 답답하고 먹먹하다.그 날의 상처를 그 누가 씻어낼 수 있을까.
9791165341909,"절제된 시각으로 관찰카메라로 주인공을 보는 듯한 3인칭 화법이나, 1인칭의 덤덤한 시점으로 너무 선현한걸, 처참함을 담담하게 그려나가는 한강작가에게 훌륭한 역사소설을 남겨주어서 감사를 전하고 싶다. 담담하지만 현장감과 역동성이 독자에게 그대로 전달된다."
9791165341909,"기억해야 하는 시간, 잊을 수 없는 이름들."
9791165341909,별로예요 이 작가 책은 앞으로 안 살래요
9791165341909,단순히 슬픈 책이 아닙니다. 비극을 다루는 책을 대할 때 일부러 심리적으로 거리를 두고 담담하게 읽어가려고 노력하는 편인데 중반부를 지나면서 그런 노력도 허사가 됩니다. 가슴이 미어지고 목이 뜨거워지는 것을 느끼며 읽었습니다. 아프지만 반드시 알아야 하고 읽어야 하는 책입니다.
9791165341909,몇권을 구매해도 아깝지 않은 책
9791165341909,"518을 다룬 영화들을 볼때면 이게 아닌데..이렇게 밝다니 말이되는가? 마치 이책에서 분수에 물이 차오를때 부당하다고 느낀것처럼. 그런데 이책은 518을 지나 남은자들의고통과 분노,슬픔을 그대로 녹여냈다"
9791165341909,"펼치기 주저했고, 역시 많이 울었고, 포기하려던 삶에 다시 한 번 주먹을 꼭 쥡니다.숨을 쉬어봅니다."
9791165341909,원혼들을 위한 씻김굿. 하지만 아무리 굿판을 반복해 벌여도 고개 숙여야 할 사람들의 재배再拜 없이는 그 한은 씻기지 않으리라.
9791165341909,"민주주의를 위해 희생한 사람들은 우리 주변에 있을 법한 학생, 동네누나, 대학교를 다니던 형들이었다.지식인과 능력있는 자들이 쟁취한 결과물이 절대 아니며, 80년 5월 18일의 역사적 운동을 두고 여전히 정치적으로 악용, 망자비난들을 해대는 사실들을 살펴보면...참담하다는 생각도 들게 만든다"
9791165341909,비유적 표현이 꽤 많이 나오는데 문제는 이게 이해하기 어려웠습니다. 쉽게 이어지다가 어느 순간 갑자기 난해한 문장들이 열거되는데 또 해석해보면 그리 거창하지도 않습니다. 이런 소설은 수능 언어영역에서 문제로 만들기엔 좋으나 독서용으로는 훨씬 좋은 책들이 많이 있으니 참고 바랍니다.
9791165341909,"5.18일마다 매년 잊지말고 읽어봐야할 책,"
9791165341909,저녁 11시에 붙들고  읽기 시작해서 새벽3시쯤 다 읽기까지 책을 놓을 수 없었으며 책을 덮으며 하염없이 눈물이 나더군요.
9791165341909,광주 사람입니다. 전.. 광주사람인데... 5.18애기 나오면 시큰둥했습니다. 그런데 이거. .읽고 진짜 제 자신을 반성합니다. 또 반성하며 슬퍼합니다.이젠 기억하고 되새길려고 합니다. 가슴이 먹먹하네요
9791165341909,누군가에게 책을 선물한다면 고민할것도 없이 소년이 온다를 선택 할 것이다
9791165341909,내가 읽은 소설 중 감히 최고라고 말하고 싶다.
9791165341909,기억한다 해놓고 거짓말이 되어 버린 다짐이 다시 생각납니다.총칼에 쓰러져간 사람들과 남겨진 사람들의 고통을 조금이나마 더 알아갑니다.
9791165341909,넘 좋다
9791165341909,책 소개 팟캐스트 듣고 이 책을 구매할 수 밖에 없었다. 40년이 지났지만 아직도 진실을 밝혀지는 것을 두려워하는 사람들이 많다는 현실이 너무 슬프다.상처는 덮어둔다고 없어지는게 아니라 아프더라도 치료를 해야 그 상처가 회복된다는 사실을 잊지말아야 할 것이다.
9791165341909,읽는 내내 소름끼쳐고 중간중간 눈물이 났다. 내가 경험해 본 세대는 아니지만 마음이 뜨거워지는 소설이다.
9791165341909,또 한번의 오월이 지나간다
9791165341909,"이번에 알라딘에서 다신 소장본 구입하지 않기로 마음 먹었다. 무려 2번이나 교환을 했는데도 오늘 받은 책 상태는 영 아니다. 각 페이지가 엉겨붙어 있어 칼로 일일이 잘라야 했다. 책 겉면은 실오라기 풀어진 것마냥 지저분다. 덕분에 구겨짐, 표지 긁힘 등 각양각색의 불량품을 다채롭게 경험했다."
9791165341909,감히 울수조차도 없습니다.삼가 고인들의 명복을 빕니다.....
9791165341909,"선량한 시민을 총,대검으로 난자질 하고 너무나도 안타깝다.그 분들로 대한민국이 민주주의 초석이 되었다.그 당시에 관련자들 모두 법정에 세우고, 헌법전문에 반드시 적시해야 한다."
9791165341909,수도 없이 펼쳤지만 지금까지도 읽지 못한 책. 그때의 숨결과 공기가 시간을 뛰어넘어 곁으로 펼쳐집니다. 이번에 맞이 하는 5월에는 마음을 다잡고 꼭 끝까지 읽어보겠다 다짐합니다. 잊지 않겠습니다. 5.18 민주화운동.
9791165341909,"그날에 관한 기사들과 책들로 그날의 아픔을, 외로움을, 남은 고통을 헤아릴 수는 없을 것이다. 다만 나는 읽는 내내 부끄럽고 미안했고 아팠다."
9791165341909,무덤덤하게 읽어 내려가다가 마지막 어머니 시점에서 오열했던 소년 이야기. 광주토박이라 다른 지역은 5월에 대학 축제가 열린다는 걸 몰랐네요. 제목만 떠올려도 목이 턱하니 막히는 것이.. 되새길 때가 됐나 봐요
9791165341909,읽는 내내 픽션이길 바랬다 하지만 소설 속 내용은 현실이며 아직도 그 여파가 자리남아있다 5.18을 주제로 쓰기 쉽지 않았을텐데 작가의 선택과 유가족들의 도움에 감사와 애도를 표한다
9791165341909,속이 답답하고 불쾌하고 토할 것 같았다.그래도 끝까지 읽었다.알아야하기에
9791165341909,먹먹하다
9791165341909,책을 보면서 눈물을 흘린건 처음이었어요..... 진짜 책을 읽고 리뷰를 올려보는 건 처음입니다. 제가 책을 살떄 고민했던 게 아쉬워요... 그냥 빨리 주문하고 봤어야 했는데.... 이글을 보시는 분은 고민하지 마시고 빨리 주문하세요
9791165341909,기억을 소환하는 방식에 있어서 정말 탁월한 연출과 전개방식이 돋보이는 한강의 소설. 정말 가슴 아린 기억의 소환! #소년이_온다
9791165341909,읽기를 망설였던 책.5.18주제가 너무  무거워 읽는데 용기가 필요했어요.이 책을 쓰기까지 작가님에 고통이 느껴지네요.그래도 피하지말고 기억해야죠.
9791165341909,마음이 아파서 읽기 힘든 소설이다. 그런데도 읽을 수밖에 없게 만드는 힘이 있다.
9791165341909,다들 꼭 봤으면 하는 소설
9791165341909,활자만으로도 미치도록 시리고 죄책감에 휩싸인다. 하지만 눈을 뜨고 읽어내야한다. 진실을 마주해야 한다. 그들이 겪은 꿈같은 생시에 비하면 먼지같은 노력이지 않은가.
9791165341909,이 책은 누구나 한번씩은 꼭 읽었으면 하는 책이다5.18광주 민주화 운동의 아픔이 잘 드러나있다
9791165341909,"문체의 아름다움은 물론, 시대의 슬픔도 더이상의 표현이 힘들것 같을 정도로 잘 표현한 최고의 작품. 최고중의 최고."
9791165341909,달은 밤의 눈동자라고 했다.
9791165341909,"누구는 자유와 민주를 위해 목숨을 바치고, 누구는 그 목숨들을 마치 벌레 죽이듯이하고...이 땅에서 다시는 이런 일이 절대로 일어나지 않기를 간절히 바란다. 피해자가 그렇게 많은데...가해자들은 지금 모두 어디에 있는가? 잘 살아가고 있는가?"
9791165341909,가슴아파 두번은 못볼책. .하지만 꼭읽어보라고 권유하는책중하나
9791165341909,반드시 읽으세요. xxx반드시 읽어주세요. ooo
9791165341909,그냥 기계적으로 글자만 읽어내려갔음한국문학은 도저히 맞지않는구나 한국문학 안녕~~
9791165341909,"아.....#죽음을_넘어_시대의_어둠을_넘어 를 통해 봤던 사실에 그 지옥에 있던 사람들의 이야기를 #한강 이 들려준다.#한강 의 뛰어난 글솜씨와 어휘력에 감탄하는 마음은 사치다.담담히 글 하나 하나를 마음에 담고, 잊지 말자. 그게 내 할 일이다.대한민국을 살아가는 당신에게 권합니다."
9791165341909,읽지 않으려고 여러번 마음 먹었어요 짐작보다 큰 아픔을 외면하고 싶어서 진짜 읽지 않으려고 했는데..어제 뉴스에서 전두환 사살명령 기사보며 지친 분노가 다시 꿈틀거렸고 출근길 팟케에서 신형철과 한강의 대화를 다시 들으며 더는 외면하지 못하고 읽기로 마음 먹었어요
9791165341909,"잊으면 안 되는 기억들, 시간들, 사건들.책을 읽기 시작하고 마지막 장을 덮을 때까지 마음이 많이 아플 거에요. 계속 생각날 거고, 분노할 겁니다.그 사건을 똑바로 쳐다보기가 힘들다고 잊거나 지나쳐서는 안 된다고 생각해요.읽어주세요.. 모두가 알아야 해요."
9791165341909,˝어떤 기억은 아물지 않습니다. 시간이 흘러 기억이 흐릿해지는게 아니라 오히려 그 기억만 남기고 다른 모든 것이 서서히 마모됩니다. 색 전구가 나가듯 세계가 어두워집니다.˝ 상처는사라지는게 아니라 물에 먹물을 떨어뜨리면 퍼져 섞여나가듯 무의식적으로 남아가는 것 같다.심장이 끈적인다.
9791165341909,처음에 쉬이 읽다가 너무 우울해져서 계속 읽기 힘들었다. 읽다 쉬다 읽다 쉬다를 반복하고서야 다 읽을 수 있었다.
9791165341909,글자 하나하나가 나를 붙잡고 놓아주지 않아 헤어나오기 힘들다.
9791165341909,"너는, 너는, 너는."
9791165341909,"흔해빠진 표현이지만, 감정의 절제로 격한 감정을 드러낸 책. 그 때문에 계속 읽기 힘들지만 계속 읽어야만 하는 사명감을 독자에게 부여한다."
9791165341909,먹먹했다. 다큐나 회고록처럼 그 상황을 자세하게 묘사한것은 아니였지만 그 이상으로 당시의 그 비극적이고 처참한 상황을 느낄수 있었다.
9791165341909,한강작가의 글은 아름답고 슬프고 동시에 강한 힘이 느껴집니다
9791165341909,추천으로 끝나느게 아니라 구입해서 선물하는 책!
9791165341909,먹먹
9791165341909,사실 잘 안 읽혀서 읽기까지 시간이 좀 걸렸어요 그런데 다 읽고나니 읽길 잘했다는 생각이 드네요. 건조하고 담담하게 진행되는데 읽는 입장에선 그렇게 느껴지지 않음
9791165341909,매년 새로운 기대를 하게 해줄 유일한 기대주
9791165341909,우리 역사의 아픈 순간을 문학적으로 잘 승화한 책이라 할 수 있다. 처음에는 조금 어렵게 느낄 수 있지만 한번 책을 손에 잡는 순간 그 책을 손에서 놓기 쉽지 않을 정도로 몰입도도 높다. 무엇보다 문장이 정말 좋다. 가을에 꼭 한번 읽어보면 좋을 책이라 강력하게 추천한다.
9791165341909,"그날의 일을 잊을 수 없게, 지울 수 없게 마음에 새겨놓았다."
9791165341909,동호야......
9791165341909,그 곳에 살고 있는 나에게 인생 책이 한 권 생겼다.
9791165341909,예술의 존재 이유를 보여준다. 읽는 동안 굉장히 슬펐다.
9791165341909,2장과 6장을 읽을 때는 저도모르게 눈물을 줄줄 샜습니다. 간결하지만 묵직한 감정이 묻어나오는 문체가 참 좋았습니다.
9791165341909,그냥 집에 가요.거기 있지 말고 다들 가요.가도 괜찮아요.일이 그렇게 되었지만 당신들 탓이 아니예요.기다리는 가족 곁에 가서 살아요.살면 시간이 가고 다른 세상이 와요.당신이 그러지 않아도 다른 가치가 더 소중한 세상이 와서 다들 잘 먹고 잘 사는데...어서 집으로 가요.
9791165341909,"빨간책방에서 예전 한강작가님 인터뷰를 통해 이책을 접하게 되었다. 광주민주화 운동에 대해서 진지하게 생각하며, 관련영화, 인터뷰, 영상을 찾아보았다.아직도 당시의 고통속에서 살고 있는 희생자분들을 생각하면 마음이 아파온다. 꼭 읽어보아야하는 소중한책이다."
9791165341909,읽는 내내 나를 고통스럽게 하고 마음을 힘들게 한다. 그에 못이겨 책장을 덮고 나면 다시금 생각이 나고 신경이 쓰여서 자세를 바로하고 눈을 똑바로 뜬 채 그날의 기억들을 읽는 방법밖엔 도리가 없다.
9791165341909,"1980년 5월, 정미와 정대, 동호, 은숙, 진수, 선미, 그리고 나의 이야기. 저들의 이야기를 쓰는 동안 작가는 저들과 함께 수없이 죽고, 저들과 함께 고문당하고 저들과 함께 트라우마에 시달렸으리라는 것을 생각하게 된다. 이 책과 함께 1980년 5월이 다시 온다."
9791165341909,사 놓고도 한동안 펼치치 못한 책오랫동안 마음 한구석에 미뤄둔 책한글자 한글자 꾹꾹 눌러 읽은 책읽다 보면 숨이 가빠지는 책목이 메이고 심장이 뜨거워지는 책왼쪽 가슴이 계속해서 아파오는 책읽기를 멈출 수 밖에 없었던 책이렇기 쉽게 타이핑하고 있는 내가산다는 게 염치없어지는 책
9791165341909,"“그러지 마요, ...... 우리는 죽을 각오를 했었잖아요.”삶의 과정에서 선택의 순간에나는 네가 살덩어리로 전락하지 않기를 희망한다"
9791165341909,읽는 내내 가슴이 먹먹했고 너무 생생했다.
9791165341909,"5.18 민주화운동을 잘 그려낸 소설... 한강 작가의 작품을 좋아하지는 않지만 우리나라 사람이라면, 그 고통의 시대를 겪지 않은 사람이라면  꼭 읽어보아야 할 소설이다."
9791165341909,내 안의 연한 부분이 소리 없이 으깨어지게 만든 책. 수많은 사람들이 으깨어지면서도 묵묵히 살아가고 있다는 것을 느끼게 했다.
9791165341909,읽고나서 한참동안 책을 가슴에 안고 있었습니다 너무도 먹먹해서....
9791165341909,읽으면서 너무 마음이 아팠습니다. 읽는데 힘들지만 그럼에도 모두가 읽어야 하는 책입니다.
9791165341909,이 책을읽으면서 잠시도 책에서 눈을떼지 못했네요....어찌나 가슴이 아프던지 ㅜㅜ 우리 아이들이 꼭 한번쯤은 읽어봐야할 책이 아닐까 싶네요
9791165341909,네가 죽은 뒤 장례식을 치르지 못해 내 삶이 장례식이 되었다
9791165341909,소름끼치고 슬퍼요. 너무 잘 썼어요.
9791165341909,책을 읽고 자려고 누웠는데 눈물이 흐른다.소설이지만 소설로만 볼수 없는 가슴아픈 과거담담하게 써내려간거 같지만 읽을수록 가슴이 요동친다 ....
9791165341909,울면서 봤습니다. 마치 역사 그대로인 느낌이라 단숨에 읽진 못하고 괴로웠습니다.. ㅜ 느끼는 바가 많았어요.
9791165341909,"책을 읽다 덮었다 몇번을 반복했는지 모른다.문장이나 글이 어렵거나 지겨워서가 아니라,울컥하는 마음을 추스릴 시간이 필요했다.이 책이 나에게는 가장 깊이 남은 그날의 이야기가 되었다."
9791165341909,자세하게 1980년 5.18을 풀어놓지도 않았는데도 5.18 사진을 보는 것보다 더한 슬픔과 잔혹함이 느껴졌다. 책을 다 읽은지 몇일이 지났는데도 헤어나오기가 힘들다. 한강작가님..께 진심 경의를 표한다.
9791165341909,내 인생 가장 슬픈 책.
9791165341909,서늘하고 시리고 춥고 아프다. 시를 쓰는 작가가 써서 다행이다. 다시 읽어야 겠다 다시 읽지 못할 것 같다.
9791165341909,처음에 책을 살때 이정도까지 슬플 것이라고 예상을 못했는데 읽는 내내 마음이 아프지 않을 수가 없었다
9791165341909,두번 다시 보고 싶지 않다. 마음이 너무 아파서 ㅠ 내일 또 책을 열 자신이 없어서 밤을 꼬박 새워 읽으며 목 놓아 울었다.
9791165341909,"읽는 내내 아프지만, 많은 분들이 꼭 읽으셨으면 하는 강력추천하는 책입니다."
9791165341909,가슴이 아프다.
9791165341909,내가 이런 작가를 알게 되다니.. 상이란 좋은거구나.
9791165341909,이만큼 5.18을 잘 담아낸 예술이 있을까 싶다. 담담한데 격정적인 책.
9791165341909,슬프지만 아름다운 이야기
9791165341909,잊지 않겠습니다. 감사합니다.
9791165341909,"부커상 수상 때도 채식주의자를 사기 꺼렸었는데, 이번엔 구입했습니다. 시대가 바뀌니 내 맘도 바뀌어..."
9791165341909,먹먹하다.
9791165341909,먹먹함이 가슴에 새겨져 아파 옵니다.
9791165341909,제목의 의미광주시청 앞 분수한강 작가와의 이야기
9791165341909,"진실성이 묻어나는 소설, 처음 읽을때는 소설 내용에 비해 문체가 딱딱해서 잘 읽히지 않아 잠시 책을 덮었었는데, 결국 다 읽고나서 ˝읽기 잘했다˝했던 책인데,말라파르테 문학상 수상하였다는 뉴스 듣고 얼마나 반가웠던지... 채식주의자 맨부커상에 이어 말라파르테 문학상까지..축하드려요~"
9791165341909,한강의 담백한 문체와 어우러진 이 소설을 보고 10분도 안되어서 눈물에 좍 쏟아졌다. 가슴이 너무 아프고 절절하다. 아마도 한강의 소설을 시리즈로 봐야겠다. 그리고 이야기에 대한 그날의 모든 사람들에게 고마움과 미안함을 가진다. 이 이야기를 더 알아봐야겠다.
9791165341909,역사를 잊은 민족에게 미래는 없다.
9791165341909,광주 민주화 운동이 왜 그리 되었는지는 각종 정보매체등에서 나오므로 그런 내용은 건너뜀.하지만 그 당시 광주에 관심을 가지게 되었던 영화 택시운전사를 보고 조금 더 그때의 삶이 얼마나 허망했던 그리고 억울했던가를 되새기고자 이 책을 구매하게 되었다.
9791165341909,"기분이 좋지 않을 때 절대 읽으면 안된다. 한 껏 기분이 좋은 그리고 햇살이 따사롭게 비추는 맑은 날에도 끝까지 읽기 힘들지만, 그래도 읽어야만 한다. 그리고 한 권 더 구매해서, 읽지 않은 누군가에게 선물해야 한다. 역사적인 소명처럼."
9791165341909,"나에게 이 책은 이렇게 인기가 많기 전, 읽다가 중도에 포기한 책. 하지만 다시 집어들어야하는 책임감이 드는 책"
9791165341909,너무 글을 잘 풀어내셨어요.더 몰입해서 읽을 수 있었습니다.
9791165341909,"만일 혼들의 장소가 있다면 그 곳은 어두울까, 어렴풋이 밝을까부디 좋은 곳으로 갔기를..."
9791165341909,시큰하게 소중한 사람들의 이야기. 말도 안 되는 일이 버젓이 이루어진 후의 아릿한 쓰림.
9791165341909,"광주 민주화 운동에 대해 담담한 듯 풀어내시는 것 같은데... 굉장히 가슴아프게 파고들고, 가슴이 먹먹해지네요. 읽어보길 추천드립니다."
9791165341909,과연 내공이란 이런 것이다....너무 가슴이 먹먹해서 소주한잔 한다!!!
9791165341909,관점의 차이.17.01.27
9791165341909,눈이 매워지고 가슴이 답답해지고 한번에 읽을수가 없었어요.책을 내려놓고 먹먹한 가슴을 한숨으로 풀어내고 눈가에 맺히는 눈물을 쓸어내고 다시 읽어 내려갔습니다. 가해자들이 그 죄값을 치루지 않은 이상 이 아픔은 아직도 많은 의미로 되풀이 되고 있음을 피해자의 가족을 통해 보여줍니다.
9791165341909,읽는내내가슴아팠다. 그때 그곳에 있던 그들이 자랑스럽고 안쓰럽고 또 안타까웠다. 잊지말아야겠다.
9791165341909,다큐서적느낌일거라고 샀는데 고문부분은 왜곡이 심하군요.
9791165341909,"아픔과 슬픔은 경험해봐야 크게  공감할 수 있다지만, 글을 읽으면서도 이미 눈은 슬프고, 가슴은 아프다.무섭도록 고요했었던 그 도시, 오월의 봄.감히 가늠할 수 없는 고통스런 학살을,오랫동안 기억할 것이다.인간의 존엄성과 함께!"
9791165341909,황석영과 임철우와는 다른 결로 그려낸 광주. 작가의 기품있는 감각이 빚은 애통하고 아름다운 도자같은 작품.
9791165341909,잘 읽었습니다ㅠ 하지만 뭔가 먹먹하고 다시 읽긴 힘들것같아요ㅠㅠ
9791165341909,시간이 흐르면 스테디셀러를 넘어 클래식이 될 작품
9791165341909,"다각의 시점, 하나의 고통.. 가슴아프단 말로는 표현이 안되는 먹먹한  통증이 느껴진다"
9791165341909,동호야...동호야...
9791165341909,다시 책을 펼쳤다. 서늘한 가슴. 떨어지는 누물과 괴로움. 그럼에도 이렇게 죽어간 사람들을 잊지말자 내 두 딸에게 우리의 칼날처럼 무자비했던 역사를 꼭 이야기해야지 다짐한다.가족을 잃고 37년을 살아낸 유가족들에게 심심한 조의를 표한다.
9791165341909,518에 대해 잘 모르는 친구를 위해 선물했습니다. 이 책은 거시적 관점보다는 미시적인 개인의 시점에서 518을 바라보고 있어서 518을 처음 알고 싶어하는 사람에게 권하기 좋은 책입니다.
9791165341909,"너무 좋았어요. 담담한 필체, 간만에 소설책보고 엉엉 울어본 터라..너무 와닿네요. 작가님 책 늘 기대하게됩니다"
9791165341909,"길지 않은 이 책 한 권을 읽는 내내 가슴이 저릿함을 느꼈다. 역사의 거대한 흐름 속에 상처입은 채 매일 악몽을 꾸며 살지 않고, 내 의지로 대통령을 선택할 수 있는 지금 한국의 2017년을 살아가고 있는 것이 고맙고 또 고맙다. 이후 여기 살 사람들을 생각하기 위해 역사와 문학을 더 가까이 하자."
9791165341909,꼭 읽어보세요.
9791165341909,별다른 정보없이 읽다가 소름이 돋았다. 공포소설을 읽는듯이 무섭고 슬프고 절망스러웠다. 그때 그 사건에 대한 부분을 개인에 게 초점을 맞추니 와닿는 강도가 달랐다. 자료에서 봤던 숫자가 아니라 사람. 사람이었다.알고는 있지만 가슴 깊이 깨닫진 못했던...
9791165341909,원통하다.
9791165341909,"80년 5월 27일, 계엄군에게 죽임을 당한 소년과 살아남은 이들의 고통에 관한 이야기. 검열관이 서 선생의 희곡에서 맘에 안 드는 부분을 통째로 먹칠을 했는데, 나는 어느 문장 하나 허투루 읽을 수 없어 통째로 밑줄을 그어가며 읽었다. 그들의 희생과 고통에 마음이 참 아프다."
9791165341909,한 개인에게 있어서 역사란 이렇듯 처절하리만큼 아픔으로 기억될 수 있다는 것을 깨닫게 되었다. 그리고 그 시대를 온전히 공유하지 못한 나 자신을 많이 자책한 시간이기도 하다. 아프다. 생각할 수록 아프다...
9791165341909,고통과 슬픔은.. 이제 혼이 되어 우리에게 다가왔다.우리가 잊지 말아야 할 그들의 마음을 담은 책.
9791165341909,"광주는 내가 20대를 보냈던 곳이라 내겐 특별하다. 5월의 광주는 매년 옛 기억들로 아파했다. 2017년 현실을 보며 5월의 광주는 더 많이 아파할 것 같다. 한강 작가는 이 소설로 블랙리스트에 올랐고, 전두환은 참 잘 살고 있다. 억울함과 슬픔에 작은 위로가 되도록 5월 18일 광주를 기억해주세요."
9791165341909,양심이 아프다!
9791165341909,너무도 고통스러워 책을 읽는 내내 자꾸만 손에서 내려놓게 된다. 얼음같은 불이 가슴을 관통하고 지나간다. 10페이지도 채 읽지 않았는데 자꾸만 눈물이 났다. 자꾸만.
9791165341909,"내가 알던 5.18 광주민주화항쟁그 뒤에 숨겨진 잔인하고 괴랄한 모습들동호와 정대, 이외에도 그 날에 있던 대참사의 모든 피해자들이 ‘더이상 모욕 당하지 않도록‘절대 이 작품을 잊어서는 안된다"
9791165341909,수많은 사람들의 영혼을 갈가리 찢어 놓은 비극은 아무리 시간이 지나도 절대 지워지지 않는다. 부디 이 비극을 겪은 사람들의 영혼만이라도 조금이나마 편안해질 수 있는 시기가 오기를.
9791165341909,너무 아픕니다. 한문장 한문장 가슴이 무너지는 기분이에요. 출퇴근길 지하철에서 읽었는데 몇번을 울었는지 모릅니다.
9791165341909,아들 학교의 권장도서라 구입했습니다.문장 문장마다 눈물이 줄줄 흐르기도하고 역사의식과 정의감이 샘솟기도 하고 감사함이 일기도 했습니다.
9791165341909,<소년이 온다 - 한강>80년 5월의 광주를 지나오지 못했거나 힘겹게 지나온이들의 이야기를 읽는 동안 크게 숨소리 한번 내쉬기힘들었다. 더워지기 시작한 5월의 광주가 선연히 보이며매케한 연기와 비릿한 피냄새가 느껴지는 것 같아깊은 숨을 쉬기가 겁이 났다.어린 아이를 먼저 보낸 어머니의 독백은 너무 담담하고 꿈같아서 오히려 더 아프고 슬프다.지금까지 접했던 80년 광주를 다룬 매체 중에이만큼 깊이 파고 들어간 작품은 접한 적이 없다.
9791165341909,화난다. 제대로 된 민주를 위해 늘 깨어있자. 그리고제대로 주권을 행사하자.꼭
9791165341909,"마지막 페이지까지 다 넘긴 그 때, 책의 제목이 더 크게 와닿았다."
9791165341909,표지만 봐도 마음이 답답하고 아프다. 제발 더 이상 되풀이 되지 않기를. 침묵도 해결이 아닌데
9791165341909,내가 태어나기도 전의 일이다.그때 갓난아이였던 오빠를 데리고 전대후문 근처에 살았을때 솜이불로 모든 문들을 막고 체류탄 가스에 매일 울었었다는 엄마의 얘기만 전해들었었는데...이 책을 읽을때...읽고 나서도 눈물이 난다...난 무얼할 수 있었을까....
9791165341909,박근혜 정부의 ‘블랙리스트‘로 확인된 한강의 저서이니 꼭 읽어봐야 하지 않을까 싶습니다!
9791165341909,‘무릎 꿇고 살기보다 서서 죽길 원한다면 먼저 가신 임들을 위해 다 같이 묵념합시다. 먼저 가신 임들을 따라 끝까지 싸웁시다.‘
9791165341909,읽는 내내 소름이 끼치고 먹먹해져서 읽다 멈추다를 반복했던 책.. 덤덤하고 간결한 문체가 더 아파왔다.
9791165341909,차마 목놓아 울 수도 없을 먹먹함. 가슴에 커다란 납덩이를 올려놓은듯 숨쉬기조차 쉽지가 않아 계속 힘들다..
9791165341909,5.18 민주화 운동 당시의 상황을 묘사한 책.
9791165341909,전 국민의 필독서가 되었으면 좋겠습니다 읽기 버거운 책이지만 꼭 읽어야하는 책입니다
9791165341909,"어른들은 광주사태라고 불렀다.군인들이 쳐들어와서 사람을 죽였다고..물어도 조용히하라고 어디가서 그런소리하면 끌려간다고했다.에필로그에서 저자의 아버님이 보셨다는그 사진첩을 나는 중학교때 봤다.그때부터였다.그분들에 대한 채무감,죄책감... 이 책을 읽는데있어 나는 마음에준비가 필요했다"
9791165341909,글자를 읽는데 눈앞에 그날들이 보였다.
9791165341909,"어떻게 얻은 민주주의인데... 우리의 힘은 ‘잊지말기‘, ‘기억하기‘ 그래서 ‘지켜내기‘"
9791165341909,역사는 다른얼굴을하고 결국은 반복된다 현시국도  일종의 정신적인 학살이  아닐까아픈역사를잊지말고 현실을 외면하지 말고 똑바로바라보자 촛불을 밝히자
9791165341909,읽어보는것을 추천합니다
9791165341909,지금 읽어야한다.잊혀져서는 안 될 끊임없이 반복될 이야기가 담겨져있다. 매일밤  다시 태어나는 악몽 속에서 우리가 기억해야할 역사가 담겨져있다.
9791165341909,결코 잊어서는 안될 고귀한 사람들
9791165341909,읽어 나아가기 참으로 힘이든 소설....
9791165341909,어떤 시선을 따라가도 아픔만이 가득하다.
9791165341909,다시 읽어도 좋다
9791165341909,내가 소년이 된 듯한... 한 명 한 명의 사연들을 눈시울 붉히며 읽어야했다.
9791165341909,"광주 민주화 운동의 처절함을 느끼는 중이다. 죽음에 대한 공포, 죽음 앞에서도 굴하지 않는 용기. 정말, 진실로 그들이 있었기에 오늘이 가능했다."
9791165341909,이야기의 서술방식이 새로웠다. 광주 민주항쟁을 너무 무겁지 않게 접할 수 있는 소설이 아닌가 싶다.
9791165341909,"˝형이 뭘 안다고··· 서울에 있었음스로··· 형이 뭘 안다고··· 그때 상황을 뭘 안라고오.˝, 이 말이 너무 맘에 와 닿네요"
9791165341909,채식주의자 책을 구입할때 함께 구입했지만 아직 읽지 못한 책~~빠른 시일안에 읽어봐야지
9791165341909,5.18은 우리에게 영원한 상처로 남아있다. 책을 읽고 또 한번 상처가 치유되지 않고 피가 철철 흐르고 있음을 느끼게 되었다. 이 상처는 다 나아도 커다란 흉터를 가지고 있게 될것이다.
9791165341909,한강. 이제는 나뿐만 아니라 많은 사람에게 묵직한 이름
9791165341909,아주 사실적인 문체와 내용.. 영혼과 몸이 자유로운.. 아픈 통증이 느껴지는 글..
9791165341909,<꽃잎>이후 518을 잊고 살았던 것 같습니다... 한강 작가의 노력과 용기에 박수를!  추천합니다.
9791165341909,5.18 그날의 아픔을 나눌 수 있는 시간...
9791165341909,"˝우리는 동물이 되어서는 안된다˝ ([이것이 인간인가])인간이 되기 위해, 결과적으로 겪어야 했던 일들이 죽음이거나 평생의 고통이다.이제 그들과 그 가족들은 ˝꽃 핀 쪽으로˝ 가야 한다. 하지만 우리는 어디로 가야 할까?"
9791165341909,1980년 5월 광주민주항쟁..잊고있었던 그날의 참상과 살아남은자들의 아픔과 고통을 느낄 수있었다.열다섯의 어린 둥호을 비롯한 학생들과시민들..고통스럽고 아픈역사지만 되풀이되어선안되고 오늘날까지 잊지말아야한다. 소년이 온다.
9791165341909,읽고서 정말 먹먹해지는 기분이었습니다. 하지만 꼭 읽어봐야 할 책이기도 한 것 같아요. 추천 드립니다.
9791165341909,"왜 나를 쐈지, 왜 나를 죽였냐고 묻고 싶다그들이 피 흐르는 내 눈을 볼 때까지 말이다."
9791165341909,36년전 이야기 그 당시 인물들과 나는 지금 함께 공존하면서 살고 있다는 것이 나를 끔찍하게 압박한다. 동호에게 총을 겨눈 자와 길거리에서 내가 사는 공간에서 아니면 지나가다 나와 부딪쳤을지도 모르는.... 5.18의 가해자들이 너무 떳떳하고 뻔뻔하게 살고 있는 이 땅이 이해되지 않는다.
9791165341909,서른 다섯.. 광주를모르고 큰 나에게 그곳의슬픔을알린책한장 한장 넘기기가 고통스러워  눈물로 넘긴책이다.모두가 읽고 알아야 할 책. 조금의 주저함도 없이 나의 아이에게 다시 읽히고 싶다
9791165341909,그당시에 광주에서 여고생이었던 나보다 더 어렸을 한강작가를 통해 다시 그날들의 아픈 충격을 다시 만났습니다. 가끔씩 그녀의 기억력과 필력에 감동하면서 책을 덮고 곰곰히 생각을 하곤 했습니다. 그녀의 멋진 도전과 용기에 감사드립니다.
9791165341909,"있을 수 없는 과거의 아픔을 다시 한번 일깨워준 소설. 사건과 인물의 연계성, 묘사가 정말 뛰어난 소설."
9791165341909,존재자체에 감사하게 되는 소설.
9791165341909,"처음에는 조금 낯선 2인칭의 담담한 서술에 머뭇거렸는데 점점 가슴이 젖어들더니, 중반가까워오면서 어느새 흐느껴울며 책을 읽고 있는 저 자신을 발견했습니다. 이렇게 한강이란 작가를 처음 만납니다."
9791165341909,80년 광주민주항쟁의 한가운데 있었던 한 소년과 그 주변인물들의 상처를 개인적 차원에서 모던하게 그려낸 소설. 80년대 사실적이고 고발적인 성격의 소설들과 비교할 때 진일보했다. 역사는 시대에 따라 꾸준히 재해석되어야 한다는 명제를 충실하게 이행했다는 점에서 반갑다.
9791165341909,가슴이 미어진다. 생명이 다한 이들... 생명을 끊지 못해 살아가고 있는 이들... 죽음보다 더 큰 고통을 안고 사는 이들.. 그들과 우리는 함께 살아가고 있는데 나는 전혀 그 슬픔과 고통을 나누지 않았다. 너무나 잔혹할 수 있는 사람들에 대한 두려움과 더불어 무관심한 나를 반성한다.
9791165341909,실제 일어났던 광주사태를 바탕으로 쓴 내용이라 더욱 마음속에 와 닿고... 시간 가는줄 모르고 읽을듯 하네요. 채식주의자와 함께 소장하시면 좋을듯해요
9791165341909,자꾸만 묻혀지는 그날의 진실이 안타깝습니다.
9791165341909,16세 동호를 통해 본 광주민주화운동의 실상들...동족에 만행을 저지른 자들이 아직도 뻔뻔스럽게 살아있다는게 한심한 이 나라의 현실
9791165341909,책을 읽으며... 고통받은 이들은 참혹하게 죽어갔는데... 고통을 준 이들은 어찌 살고 있을지... 진심으로 궁금해 졌다. 잊지 말아야한다 그들의 아픔을... 그들의 슬픔을...
9791165341909,가슴이 먹먹해 졌다. 강하기만 할 줄 알았는데 아름답기까지 하다.진정 멋진 작가다~!!!
9791165341909,"끊임없이 위로해야 한다.아무 소용없지만 쉬지 않아야 한다.법적, 행정적 절차도 필요하고도의적, 도덕적, 인간적 의식도 필요하지만음악과 영화와 소설과 시로 상처를 다독여야 한다.우리가 지금 금남로로 달려갈 수 없기에 우리는 이 소설을 읽어야 한다"
9791165341909,알라딘 댓글만큼은 일베들이 침투하지 않기를 바란다.
9791165341909,5.18을 교과서에서 배웠습니다. ｀민주화｀란 그저 그러다보니 주어진 줄 알았습니다. 이 책을 읽고 나니 너무나 죄송하고 죄송하고.. 지금 그냥저냥 살아가는 것 자체가 부끄러워졌습니다. 절대 잊지 않겠습니다. 진심으로.. 이런 글을 남겨주셔서 감사합니다.
9791165341909,마지막 장을 넘기면서 콸콸콸 쏟아져나오는 눈물로 시작한 주말 아침. 어린 새야. 따뜻하게 꽃 핀 쪽으로 가거라..
9791165341909,나는 이 책을 보고 518의 아픔을 더욱 더욱 크게 느꼈다.
9791165341909,가슴이 아리고 아프네요......
9791165341909,마지막 문장을 읽어내기까지 책을 많이도 열고 닫았다.
9791165341909,518이 내일이네요... 오늘 내일 읽고픈데 알라딘 배송이 너무 느려서ㅠ 사려다가 그냥 리디북스에서 한강 작가님 <채식주의자>랑 <소년이 온다>까지 구입했어요. 포인트 받으면 싸게 살 수 있더라고요. 알라딘 인기작은 배송이 너무 오래 걸리네요ㅠ 이럴 땐 전자책이 나은듯..
9791165341909,내일이  518 입니다. 봐야죠. 젊은 새대일수록 더욱더.
9791165341909,오월 광주의 열흘을 고스란히 옮긴 한강. 그녀의 가녀린 어깨를 안아주고 싶다
9791165341909,책을 읽는 내내 아파서 계속해서 연이어 읽기가 힘들었다. 하지만 읽어야하고 알고 기억해야한다.
9791165341909,"내가 광주에 대해 조금이라도 알고 있다고 생각했던 것이 얼마나 어리석고 우스운 일이었던가.  실로 감탄하게 되는 이 책에, 그리고 숭고한 넋들께 고개를 숙인다."
9791165341909,"어쩌면 우리는 모두가 알고 있을 것이다. ˝동호야˝ 라는 가냘픈 목소리를. 소리없는 울음을. 본능적으로 달아날 수밖에 없었던 미련스런 마음을. 그리고, 해야 할 일과 절대로 하지 말아야 할 일을. 무엇을 응시해야 하는지를."
9791165341909,가슴이 먹먹한책
9791165341909,관심이 없던 사람들도 이런 기회에 한번쯤은 찾아서 읽어보면 좋을 책
9791165341909,광주에서 일어났던 잊지 말아야 할 불편한 진실. 너무 적나라한 내용과 그것이 오래되지 않은 사실이기에 책장을 넘기는게 힘들었다. 생존자의 관점에서 또 유족의 관점에서 함께 공감하며 눈물이 나기도 했다.
9791165341909,음.... 이건 너무 슬픈것 같아요
9791165341909,우리가 꼭 알아야 할 이야기..
9791165341909,｀그 순간 네가 날 살렸어. 삽시간에 내 피를 끓게 해 펄펄 되살게 했어. 심장이 터질것 같은 고통의 힘. 분노의 힘으로｀
9791165341909,때론 담담하게 때론 적나라하게 풀어낸 그날의 광주
9791165341909,기대됩니다 어떤의미로 나에게 다가올지
9791165341909,처참함과 참담함이 담담함으로 다가옵니다.우리가 꼭 알아야 할 이야기!
9791165341909,"어쩌끄나,,, 어쩌끄나,,,번들거리며 잘 살고 있는 살인자와 아무렇지도 않게 함께 숨쉬는 세상이 허망해서 숨죽여 울었습니다."
9791165341909,너무 슬퍼요 읽으면서도 계속 울컥울컥합니다
9791165341909,시작부터 끝까지 울게되는 책
9791165341909,이제껏 미루고 미루다가 마음을 굳게 먹고 드디어 읽었습니다. 도서관에서 빌려서 읽었는데 꼭 소장하고픈 책입니다.마음이 너무 아파서 다시 읽지 않더라도요.
9791165341909,그 남매는 어디로 사라졌을까
9791165341909,너무나도 강렬하여 책장을 빨리 넘겨버린.. 빨리 읽고 덮고 나서도 다시 펼쳐볼 용기가 나지 않는.. 그러나 그 여운은 진하게 오래가는 책
9791165341909,한강 작가님의 작품이라서 믿고 볼 수 있는거 같아요광주민주화운동 당시를 배경으로 이 소설을 보면서 비극적인 역사를 잊지않고 기억해야 한다는 생각이 듭니다
9791165341909,"인간이 얼마나 악해질 수 있는지, 또 얼마나 숭고할 수 있는지 보여주는 책입니다. 살다보면 수많은 일들이 일어나지만 어떤 사건은 반드시 기억되어야 하고 절대 잊혀져서는안됩니다. 한강작가님에게 참 고마운 소설이었어요."
9791165341909,재밌어요.
9791165341909,우리 아파트 단지옆에 공공도서관이 들어섰다.소년이 온다 와 모방범을 대출했다소년이 온다는 책이 출간 되었을때부터 읽고 싶었는데 지금에야 읽게 되버렸다.추석연휴가 길기도 했지만 읽는내내 힘들어서 책을 덮고  읽는것을 자주 멈추게 되었다. 과거의 어두움과 밝음을 모두 뛰어넘어 현재의 내가 존재하지만 그 안을 속속들이 들여다본적도 깊이 생각해본적도 많지 않은 것 같다. 내 삶조차 내맘대로 되지 않아 힘들때가 많은데 다른이의 슬픔까지 껴안아줄 여유가 없는건지~~성당에가면 늘 타인을 위해 기도하라고한다.나는  우리 세대를 위해 한걸음 앞장서 걸었던 그들의 희생을 얼마나 소중히 여기고 아파했을까?역사를 되돌아보면 늘 그 모든 아픔을 짊어지고간 이들이 있다.딱히 그 무거운 짐을 누가 지어주지 않았는데 말이다.그래서 다시 한번 더 생각하게해준 이 책이 또 고마워진다~~
9791165341909,굳이알아서 맘아프고싶지않지만꼭 읽고 알아야하는 것이이책에있다
9791165341909,선악의 구도가 아니다. 이름 없이 사라진 불꽃들의 이야기다. 가슴이 아리고 안따까운 한숨이 계속난다.한강의 섬세한 문체로 그 아픔이 더해진다.
9791165341909,오열하게 만든 책!! 작가님께 감사함을 느끼는 책!!
9791165341909,마지막 장을 덮고 뒤표지의 추천사 추천인의 이름까지 읽었다.그리고 나는 그제야 알았다.무슨 `무늬`라고 생각하고 흘려보던 책 표지의 어른거리던 하얀 것들이 `꽃`이었다는 것을.빛이 있었던 자리가 어둠으로 채워진 하얀 꽃들이었음을 알았다.
9791165341909,"눈에 보이는 것과 라디오에서 뱉는 것이 다름을 알았을 때 국가는, 아니 욕심 큰 특정 집단은 거대한 폭력집단일 수 있음을 알았다. 그 때 라디오에서 뱉어진 말을 그대로 믿은 사람들이 아마도 훨씬 많으리라. 라디오는 그랬었다. 광주는 폭도들이, 간첩들이, 불순분자들이 점거하고 있노라고."
9791165341909,"순결한 피해자와 사악한 가해자를 구도로 그날의 풍경을 재현하는 방식은 이제 진부하다. 이런 작업은 홍희담, 임철우, 최윤이 이미 다했다. 흔한 구도를 넘어 언제 어디서든 폭력을 행사하는 국가 체제와, 그런 국가에 맞서 조직력과 방향성을 가져야하는 인민의 노력에 이젠 주안점을 둘때가 아닌가."
9791165341909,"책장을 넘기는 것 조차 힘든
그 때의 잔혹한 슬픈 이야기."
9791165341909,"차분하게 선배와 친구들을 이야기하기에는,
걸어온 길보다 가야할 길이 아직은 더 멀기때문입니다. 
우리에게 5월은 언제나 따뜻한 봄 날로 돌아올지요."
9791165341909,"여름밤을 좋아했던 동호는 시인이 되었을까.
슬프고 안타까운 그 시간들이 흐르고 흘러도 아물지 않는다."
9791165341909,한강의 분위기 독보적이다
9791165341909,‘아우슈비츠 이후로는 서정시를 쓸 수 없다.’ 악몽처럼 끔찍한 사건 이후 사람들은 살아갈 수 있을까? 이 소설은 그에 대한 답을 조심스러운 목소리로 우리들에게 들려준다.
9791165341909,"단숨에 읽을수 있었지만, 읽을 수 없었다글이 간결하고 또렷했고 무엇보다 술술 읽혔지만그래서 더욱 힘들었다이 타이밍에 이렇게 읽을수있어 감사한 책"
9791165341909,한강의 담담한 문체로 써내려간 그날의 이야기.
9791165341909,읽고 나면 먹먹해요
9791165341909,"오늘이 518이네요. 
첫 장을 넘길 때부터 눈물이 가득 담기게 만든.. 그 눈물조차 죄스럽게 느껴지는.. 강추합니다."
9791165341909,이 시대에 꼭 읽어야할 책!
9791165341909,아직 우리에게 희망이 있다는 것을 보여주는 책
9791165341909,어렴풋해져가는 과거의 슬픈 역사가 지금 내 주변의 이야기처럼 생생하게 가슴을 친다. 저자의 단단한 문체가 좋다.
9791165341909,잊고 지냈던 것들에 대해 생각을 해볼수있게 하는 책이다.
9791165341909,광주가 온다. 내 안의 부채의식이 온다.
9791165341909,더 많은 사람들이 이 소설을 읽어야 한다.
9791165341909,아직 끝나지 않은 광주를 통해 한국사의 비극을 적나라하고 가슴 먹먹하게 재현했다.
9791165341909,꼭 읽어야 한다. 그 날을 담담한 듯 그러나 세심하게 표현하였다. 꼭 읽고 그 날을 기억하자. 거짓된 정보와 거짓된 언론에 속지말고.
9791165341909,한강이기에 쓸 수 있는 소설이라고 생각합니다. 어떤 책이다. 하고 정의내리기에 어려운 소설입니다.
9791165341909,한강이란 작가를 내게 각인시켜준 작품
9791165341909,나는 이렇게 살아있다는게 미안해지네요. 그들과 나는 같은 사람인데요.많은 사람들이 꼭 이 책을 읽어보았으면 좋겠다는 생각이 듭니다.
9791165341909,잊지 말아야 할 현대사를 슬프지만 아름답게 표현했다. 그럼에도 잊지 말아야 할 현실을 지금도 생각하게 한다.
9791165341909,2014년 최고의 작품. 담담한 문체가 더 감정을 추스르기 어렵게 만든다.
9791165341909,당시의 사건 그 자체보다는 남겨진 사람들을 어루만지는 책
9791165341909,역사적 사건을 아주 독특한 서술방식으로 풀어낸 소설.
9791165341909,책을 다 읽고도 한동안 가슴이 먹먹함..
9791165341909,2010년 이후 최고의 소설!
9791165341909,광주의 기억을 돌아보게 했다.
9791165341909,"광주에 대한 정면승부.
소설의 호흡에 숨이 막힐 듯 하다."
9791165341909,"여러 시점에서 조각을 맞추듯, 슬픈 현대사의 한 고비를 조명합니다. 
빨간책방인가 라디오책다방 팟캐스트도 함께 들으시면 더 좋습니다."
9791165341909,훌륭한 소설입니다.
9791165341909,그들을 위한 위로의 시 같은 글...
9791165341909,"나에게 마냥 설렜던 봄이 누군가에게는 해마다 찾아오는 슬픔인 걸 몰랐습니다. 아니 알려고 하지 않았고, 어쩌면 모른척 했을지도 모르겠습니다. 다가오는 5월의 슬픔들을 기억합니다."
9791165341909,"그날 광주에서 있었던 일은, 지금 우리에게 무엇이 되었나?"
9791165341909,"차마 단숨에 읽어 낼 수 없어도 기어코 읽어내야 하는, 고통으로 기억해야 하는 그 시절."
9791165341909,감히 말할 수 없는 먹먹함... 한강이 써줘서 더 고맙다.
9791165341909,아 가슴이 너무 아프다..
9791165341909,페이지를  넘길때마다 긴한숨이내가 얼마나 이 책을 이해하면서  읽은건가...
9791165341909,한 번 열어 멈출 수 없는 이야기들. 묵직하게 다가온다
9791165341909,울고 또 울고 가슴아프고 또 아프고...
9791165341909,"그때 그 시절을 경험하지 못한 자들이여, 읽어라. 읽으면 0.1% 정도는 진실로 함께 아파할 수 있다."
9791165341909,소설은 담담하게 읽었는데 에필로그를 읽다보니 눈물이 주르르 흐른다.
9791165341909,"이상문학 수장작 ˝몽고반점˝과 그 후에 나온 ˝채식주의자˝ 그리고 ˝바람이 분다 가라˝까지 한강의 글은 읽기가 쉽지 않다. 그런데 이젠 광주라니... 피하고 싶더라도 모두가 꼭 읽어야 하는 책. 읽은 후 수고했다고, 고맙다고, 그리고 미안하다고 말하지 않을 수 없는 소설. ˝동호야.˝"
9791165341909,
9791165341909,이대로 전두환이가 천수를 누릴 가능성이 큰 이 따위 나라에서 살고 있다는 것에 참을 수 없는 분노를 느낀다.
9791165341909,처참했던 1980년 5월의 광주..두껍지 않은 책이지만 글이 주는 무게감은 대하소설 못지않다.
9791165341909,"읽으면서 계속 눈물을 흘렸네요! 감사합니다. 몰입해서 잘 읽었습니다. 광주, 용산, 쌍용, 세월호.. 계속 반복되는 역사를 느끼게 됩니다."
9791165341909,정말 대단한 책입니다. 그 상황 속에 있었던 사람들의 삶과 아픔을 이토록 절실하게 느낄수있게해준 작가님에게감사하게되네요... 정말정말 추천합니다. 꼭 읽어보세요
9791165341909,악몽같은 책이다.책을 읽는동안 열십자로 포개진 몸뚱어리를 눕히고 눈도 코도 입도없이 떠돌아다니는 심정으로 읽었다.눈동자가 흘러내려 읽을 수 없는 여러번의 고비를 넘기고서야 끝날 수 있었다.소년이 온다는 광주 그 자체다.
9791165341909,아직도 마음이 먹먹하다. 너무 재밌게 읽은 책!
9791165341909,"어찌 썼을까 싶습니다. 전 읽는 내내 속으로 또 겉으로 눈물이 흐르는데, 쓰는 이는 어찌 이걸 감당해내었을지..."
9791165341909,상처는 끄집어내놓아야한다  숨기면 그들만이 좋아할 뿐히틀러 와 전두환아이히만 과 정호용 또는 생각을 거부한 군인들역사는 그들과 화해할 것인가처단할것인가
9791165341909,최고.
9791165341909,"교과서로만 보았던 역사를 간접적으로나마 경험한다.그 시대 사람들이 얼마나 아프고, 힘들었는지를.이 책을 읽고 알았다. 내가 참 많이 우리 역사를, 아픔을 몰랐구나."
9791165341909,"2014년 11월 도서대란때 구입한 16권의 책중에 무심코 가장 처음으로 꺼내들고 읽었다.후회 했다.  가벼운 마음으로 읽고 싶었는데, 책장을 넘기는게 너무나 힘든 책이었다. 아프고 아프고.. 너무나도 아픈 .. 광주를 다룬 다른 책에서는 분노를 먼저 느꼈는데 이 책은 너무 아팠다."
9791165341909,양심..우리가 인간이고 자녀이고 형제이게 하는..  그래요. 양심.
9791165341909,"하루에 한두장씩만 읽었다. 내게 시린 모습으로 다가오는 소년을 어떻게 맞이해야할지, 자신이 없다.  모른척 했거나, 아무말없이 가만있는것은, 나 또한 어긋난 역사에 동참했거나 한편이었다는 말이 된다. 그런데 소년은 한발한발 들어오고있다. 우리들의 불편한 침묵안으로.."
9791165341909,공지영씨의 고등어...김훈의 칼의 노래...한강의 소년이 온다까지...짧은 문장 하나만으로도 가슴 저 밑바닥을휘저어 놓는 서늘함이 있다...
9791165341909,돌아보게 한다
9791165341909,이글이 과연 70년생 작가가 쓴것이 맞나 하는 생각이 들만큼 생생하게 다가온다이제는 잊혀져만가는 광주를 다시 생각하게 해주는 수작!!!!!
9791165341909,"가만히, 소년이 온다"
9791165341909,"단숨에 읽었습니다. 문학적 상상력으로 아픔을 전달하는 놀라운 필체와 플롯, 그리고 문체에 오랜만에 소설의 힘을 느꼈습니다. 읽고 많이 울었습니다."
9791165341909,한강의 문장. 아프지만 놓을 수가 없다.
9791165341909,잊어서는 안 되는 역사에 대한 문학적 대응이 어떤 방향으로 나아가야 하는지 보여준 작품이었습니다.
9791165341909,필독서가 되길...
9791165341909,한동안 헤어나올 수 없었다
9791165341909,"아직도 무거운 현실이 거기 그대로 있고.소년이라는 존재를 일깨워 그동안은.어른들의, 시민들의일,이라고만 여겨져더욱 가벼이 여기던 것을 한층 깊이있게 잡아준 듯해서 ..."
9791165341909,한번에 읽을수 없는 책이었다. 가슴 먹먹함에 몇 번을 쉬었다 읽었는지. . .
9791165341909,"무거운 마음이 가득했지만, 생각거리를 한없이 던져준 좋은 책."
9791165341909,"아프지만 꾸준한 응시가 아름다운 작품.내가 좋아하는 한강, 그녀의 응시가 아름답다고 늘 생각한다."
9791165341909,한강이 한강일수밖에 없는 글쓰기.
9791165341909,특별함을 찾아볼 수 없다.
9791165341909,"5.18 광주의 이야기. 읽고나면 가슴 한 구석이 먹먹해지는 책.자기 전책을 펼쳤는데,마지막 페이지는 기여코 넘기고야 마는..."
9791165341909,광주에 사는 사람입니다. 다른지역 사람들보다 518에 대해서 잘 안다고 생각했는데 이 글을 보고 또 한번 마음이 동했습니다 추천합니다
9791165341909,"한강 작가에게 고맙다. 이런 책을 써줘서. 문학의 아름다움, 의미, 역할을 환기시켜준 책"
9791165341909,순결한 피해자와 이해할 수 없는 가해자만 나온다. 역사를 다뤘지만 역사적이지 않다.
9791165341909,아스라히 때로는 찌릿하게 전해지는 그때의 슾름
9791165341909,오랜만에 표지를 다시 보는데 안개꽃이 참 사람을 먹먹하게 만든다.
9791165341909,먹먹하다 한강이라면 광주를 이렇게 그려낼 수도 있구나.
9791165341909,재밌게 잘 읽었어요!!
9791165341909,그냥 최고
9791165341909,그야말로 올해의 책
9791165341909,한국 현대사에서 광주민주항쟁을 떠올리면 늘 마음 한 켠이 아려온다. 그 동안 이를 소재로 한 문학자품들은 많았지만 등장 인물을 통해 작가가 말하고자 하는 방법이 독특해서 투표를 한다.
9791165341909,"뭐든 쉽고,,쉽고,,,쉽다 못해 편하기까지한 것들을 찾고,,,,그러다 못해 책까지,,,쉽고,,,쉽고,,,결국에 편한 책을 손에 쥐게 되는 요즘. 결코 모른척 할 수 없지만, 너무 아프고,,,어렵고,,,,,분하기까지한 이 이야기를 통해,,,많은 생각을 할 수 있는 시간이 됐습니다.."
9791165341909,내가 알고 있다고 생각했던 일들이 실은 전혀 그렇지 않았음을 깨닫게 해준 소설. 오랫동안 잊혀지지 않을 소설입니다. 작가님께 많이 감사했습니다.
9791165341909,5.18에 대한 직접적인 사진을 보거나 증언을 듣는것 보다 더 아프게 와 닿은 책이다.청소년들도 많이 봤으면 좋겠다.
9791165341909,너무 아픈소설..하지만 이 책은 누구나 꼭 읽어봐야 한다.
9791165341909,한강의 눈물. 발자국.
9791165341909,우리의 가슴 아픈 역사를 다시한번 생각하게 만드는 책이었다.100% 픽션이 아니라서 더욱 가슴아프고 마음 아파서 한동안  너무 아팠던 책이었다.
9791165341909,독서경험이 아닌 체험 그 자체가 되어버린 소설
9791165341909,"공교롭게도 가장 아팠던 시대, 그러나 과거이기만 할 그 시대가 2014년도에서 그대로 재현되었다. 2014년은 아픈 사람들이 많았다. 소년이 오고 소년이 가고 우리는 갈 길이 멀다"
9791165341909,요즘 보기 힘든 소설.
9791165341909,작가 한강에 대한 관심으로 구입
9791165341909,당신의 5월이 달라진다
9791165341909,첫 문장이 인상깊어 구입했는데 마지막 문장까지 좋았다.
9791165341909,"두고두고 아프다, 는 말 이외에 또 어떤 표현이 필요할지"
9791165341909,"굳이 정치적인 시각으로 바라보지 않더라도, 아무렇지 않은 듯 말을 꺼내도 그 무엇보다도 정치적일 수 있고 슬픔을 자아낼 수 있는 작품"
9791165341909,광주의 아픔이 담담한듯 사무치게 느껴진다
9791165341909,광주의 이야기를 여러권 읽었지만 소년이 온다가 그 중 으뜸이었다.
9791165341909,가슴아픈 역사...내가 이 땅에 자유를 누리며 살고 있는 이유를 말해주는 소설...
9791165341909,우린 아직 그 소년을 잊어서는 안 된다.
9791165341909,잊혀진 5.18의 기억을 되살린 책 마지막장을 덮는데 나도 모르게 눈물이 주르륵 흘렀다
9791165341909,한강만의 정제된 문장. 읽으면서 정말 많이 울었습니다. 더 많은 사람들이 읽을 수 있기를.
9791165341909,"그 시절의 소년, 그 소년이 내게로 온다. 난 뭐라 말해줘야 할까? 눈물밖에 나오는 게 없는데..."
9791165341909,"잃어버린 기억에 대한 회복, 왜곡된 역사에 대한 성찰"
9791165341909,마지막 에필로그에서 눈물이....
9791165341909,"가슴 아프지만, 꼭 읽어야할 책"
9791165341909,"정말 글의 소재를 선택하는 것만으로도 작가의 역량을 알 수 있다는 평론가의 말이 와닿는다. 작가가 첫 문장을 쓴 그 순간 부터, 이 책은 올해의 책이 됨에 충분하다."
9791165341909,아직도 광주 민주항쟁을 왜곡하고 부정하는 사람들이 꼭 읽었음 하는 책.
9791165341909,5.18 광주민중항쟁이라는 현대사의 굴곡진 시대적 아픔을  다양한 인물들의 삶을 통해 잘 보여줌
9791165341909,과거의 마음을 걷는 한강의 문장들
9791165341909,아직도 선연하다.
9791165341909,가슴 아팠다. 그 시절 그 때...경험하지 못했지만 이 소설의 아픔에 같이 울었다.
9791165341909,눈물이 흘렀다
9791165341909,5.18 광주의 맨얼굴을 담대하게 마주했다는 것만으로도 충분한 이유가 되지 않나.
9791165341909,너무 좋다 너무 가슴을 시리게 해서 ...
9791165341909,"올해의 책, 단 하나의."
9791165341909,읽고 나서 한참동안 다른 책을 볼 수가 없었다.
9791165341909,80년 5월 광주라는 한 번의 '사건'이 그것을 경험한 사람들의 영혼에 얼마나 큰 상흔을 남겼는지를 고통스러우리만치 절절하게 묘사한 작품이다.
9791165341909,가슴 아파
9791165341909,장편의 호흡으로 단편의 통찰을 묵직하게 녹여낸 수작
9791165341909,내용도 슬프지만 아름답습니다. 요즘 소설에서는 보기드물게 감동을 안겨줍니다. 게다가 문장 또한 훌륭합니다.
9791165341909,슬픔을 넘어서 아름답다.우리 모두 침묵할때 외롭게 외쳐대던 1980년의 광주를 잊지 말기로 하자.
9791165341909,올해 유일하게 나를 울린 책.
9791165341909,잊지 말야야 할 것들을 잊지 않게 해주는 이야기들. 고맙습니다.
9791165341909,광주에 대해 쓴 수많은 책들 중 으뜸!
9791165341909,"시대의 아픔이, 지금도 진행중인 전국적인 왕따의 피해자인 한 도시의 아픔이 너무나 절실히 와닿았던 책이에요.소설을 통해 건네받은 작가의 위로로 코끝이 찡해졌네요."
9791165341909,내가 어둠속에 묻어둔 일들을 차분히 꺼내주었다. 참혹한 일들을 처연하게 바라보며 그건 어제의 일이 아니라 오늘의 일이며 아직도 정리되지 않은 내일의 일이었다.
9791165341909,한강에 대해 오해하고 있었다. 그녀는 유약하지 않았다.
9791165341909,왜 발포 책임자는 아직도 숨을 쉬고 있는가...........
9791165341909,문장 하나하나가 다 생생하고 절절하다. 한강의 소설은 눈으로 읽는 게 아니라 온몸으로 읽는 것 같아 한번에 많이 읽을 수가 없다. 그럼에도 불구하고 끝까지 읽게되는 마법같은 소설.
9791165341909,"책을 내려 놓고 통곡하길 몇번이던가..가슴이 너무 아파 한번에 다 읽지를 못했다.너무 담담하게 절제된 문장으로 써 내려간 글 때문에 더 가슴이 먹먹하고 아팠더랬다.꼭, 읽어보길.. 대한민국 사람이라면.."
9791165341909,"작가의 담담한 문투에 속아 담담히 읽다가, 결국 책을 내려놓고 많이 울었다. 한번 터진 눈물은 좀체로 멈추지 않아 결국 한번에 다 읽지 못하고 결국 200페이지 남짓 되는 이 얇은 책을 이틀에 나눠읽었다."
9791165341909,"6장은 눈물이 나서 겨우 읽었다.역사를 잊고 있는 이들이 제발, 부디 읽어줬으면 좋겠다"
9791165341909,마음이 너무나 아렸습니다. 절대 잊지못할 아니 잊지말아야할 과거사. 가슴 깊이 새겨봅니다.
9791165341909,모두가 읽어봐야하는 책
9791165341909,"무수한 시간을 지나 차가운 강을 건너 영혼으로 남아, 소년이 온다."
9791165341909,몇번이고 책을 손에 들었다 놓았다 한다너무나 읽기 힘든책이지만 고개를 돌릴수는 없는것이다
9791165341909,감히 평점조차 매길 수가 없습니다. 겉으로 눈물이 흘러내리기 보단 온 마음과 온 몸으로 울게 하는 책입니다. 우리 모두가 꼭 기억해야할 소설이 아닌 과거의 아픈 기록입니다.
9791165341909,자꾸 광주가 되살아 나는 느낌. 참혹하고 슬프나 잊지 말아야 할 역사가 너무나 많다.
9791165341909,책장을 넘길 때마다 장면장면이 그려진다. 멋진 책.
9791165341909,"임철우의 <봄날>이 고증에 중점을 두었다면, 한강의 <소년이 온다>는 문학적인 감수성까지 품은 소설이다.  우리는 진실로부터 너무 멀리왔다. 직접 겪지 않은 역사는 때로 왜곡되고 가려진다. 그래서 한강의 소설은 중요한 의미를 가진다. 고맙다. 잊지말라는 의미이다."
9791165341909,과연 나는 그 때 어디서 무엇을 했는지...그들이 그렇게 스러져 갔을 때 나는 도대체 무엇이었는지...
9791165341909,소설이 나온 시점이 의미심장하다. 시뻘건 폭력이 난무했던 그때와 시꺼먼 물이 덮쳐오는 지금이 별반 다를 게 없어 보인다. 소설을 통해 그때를 아주 조금이나마 경험한 느낌이다. 세월이 흘러도 잊혀서는 안 되는 역사의 한 조각이 내 안에 묵직하게 들어앉았다.
9791165341909,"35년 전에, 우리나라의 한 도시에서 일어났던 이야기다. 이미 너무 많은 사람들이 알고있는..  이에 관한 수많은 소설,드라마, 영화들이 있고. 본 것보다는 안 본 것들이 더 많다.   나 역시도 그런 생각을 했었다.  너무 식상한 이야기가 아닌가, 하고.  그렇지만.. 나는, 우리는.  그 열흘동안 있었던,  먼나라 이야기같이 생각되는 그 일이. 이제는 끝나버린 옛날의 일이라고 생각하고 살고있는 것은 아닌가.  정말 그 일은 이제 끝난 일인가.책의 많은 부분을 혼자 있을 때 읽어야 했고, 계속 읽어나가는 것이 고통스러울 정도였지만. 꼭 읽어보시라고. 읽을 시간을 꼭 내어보시라고."
9791165341909,힘겹게 읽엇다 글귀 하나하나 읽어나가는게 고통인ㅠㅠ 전두환 살인마를 찢어죽이자.
9791165341909,많이 읽고 많이 생각해야 할 책.. 작금의 세태를 보면 더더욱이..
9791165341909,새로운 것 같았지만 그다지 새롭지 않았던. 무겁지 않게 무거운 이야기를 풀어내려고 했던 것 같은데 결과적으로 이도저도 아닌게 되어버린 느낌.
9791165341909,자주 울었다.
9791165341909,시 쓰지 말고 소설 쓰세요. 한강님!!^^
9791165341909,"습자지에 핏망울이 꽃처럼 스며드는 이야기. 새의 영혼같이 나직나직 들려주는 이 책을, 한번에 읽지 못했다. 조금씩 조금씩 읽어가며..겪어내지 못한 일에 대한 공분이나 애도는 얼마나 가벼운가, ˝대신 잘 써주셔야 합니다.제대로 써야 합니다. 아무도 내 동생을 더이상 모독할 수 없도록 써주세요"
9791165341909,숨죽여 조용히 마지막장을 넘기다.
9791165341909,읽자마자 선물하게 됐다.
9791165341909,5.18 당시에 광주에 거주하고 있었던 나로서는 이 책을 읽음으로해서 다시 당시의 암울했던 현실을 떠올리게 되었다....
9791165341909,출근길에 지하철에서 숨죽여 오열하며 마지막 장을 다 읽었습니다. 고통 속에서 한 자 한 자 적어 나갔을 작가님을 위로하고 싶어집니다.
9791165341909,오월이 가기 전에 되도록 많은 사람이 읽었으면 좋겠습니다.
9791165341909,"사전 지식 없이 그저 ｀한강｀이라는 작가만 보고 구입해서 읽었다. 뒤통수를 맞은 기분이었다. 그저 지금은 설명할 어휘가 부족하다. 먹먹하고, 가슴아프다."
9791165341909,책장을 덮었음에도 슬픔이 영원할것만 같다. 80년의 광주에서 스러져간 영혼들. 어찌어찌 살아 남았지만 여전히 그 순간의 고통에 머물러있는 사람들. 모두에게 깊게 박힌 상처들이 아파 눈물이 흐른다. 한강이라는 작가의 치밀한 구성과 묘사에 그 슬픔의 무게는 더 무거워진다.
9791165341909,그냥 읽어보세요 다른 말이 필요없엉
9791165341909,기다렸어요.. 한강작가님 신간
한강 작품들 중에서 가장 별로임그런데 서평에 내용언급보다는 그냥 밑도 끝도 없이 울었다는 사람들이 많은 이유는멀까?,
도서관에 아이책 빌리러 갔다가.. 내용도 모르고 꺼내 들어왔던건데.. 광주의 이야기라 알고 있었다면 읽지 않았을겁니다 그 슬픔의 무게를 당해내지 못할 것 같아서.. 하지만 깨달았습니다  꼭 기억해야 한다는것을.. 오늘 아이가 오면 광주의 슬픔을 이야기 해주어야겠습니다,
새롭지 않은..그래서 읽는 내내 좀 지루했습니다. 평이 굉장히 좋아서 아무래도 너무 기대를 해버렸어요.,
처음 책을 보았을때 이 책을 읽고 사람들이 울었다는 글에 공감하지 못했습니다 초반까지도 화가 났고 그저 안타까웠을 뿐인데 6장을 읽으면서 나도 모르게 오열하고 있었습니다 올해의 여름은 5.18을 가슴에 새기며 보낼것같습니다 모두가 이 작품을 읽었으면 좋겠어요 그날의 광주를 추모하며,
"﻿생각하고 또 생각해도 미어터져 흐르는 향할 곳 없는 분노, 고통과 슬픔만이 가득한 순간들에 영원히 갇혀버린 것 같은 기분. 오월을 맞아 책장을 다시 넘겨보며, 일곱 명의 그 헤아릴 수 없는 삶 속을 잠시 걸어본다.",
훌륭한 책,
한번으로는 이해가 쉽지않아 두번읽은 책각장마다 관점이 달라져서 이해가 힘들었다 하지만 너무 생생해서 역사를 다시 공부하고 싶은생각까지들게했다,
삶이 장례식이 된 사람들에게 필요한 건 무엇일까.,
한글이 원서이고 원서를 읽을 수 있음이 좋음. 아름다운 문체와 긴 여운.,
"광주 태어나서 한번도 안가봤는데 노먼소프 기증 사진전이 있어서 조만간 가려한다. 잊지말고 작가들이 릴레이로 소설을 써주기를. 어느 순간 희미하게 잊혀질까봐, 또는 후대들이 오일팔이 뭐야? 라고 물을까봐 무섭다. 잊지말자.",
민주주의는 피를 먹고 자란다는 말이 떠오르네요ㅠㅠㅠㅠ,
"왜 그래야 했을까. 국민을 지키기 위해 존재하는 군대가 왜 국민을 향해 총을 겨눴으며, 대통령이라는 사람은 왜 그걸 지시해야하만 했나. 너무나도 가슴아픈 이야기. 불과 30 여년 전에 이 땅에서 있었던 일이라는 게 믿기지 않는다. 인간이 악하다지만 인간 존엄을 지키며 살아야 한다.",
"총알 박힌 흔적이 여전히 남아있는 건물을 보며, 내가 태어나기 고작 20년 전인 아빠가 중학생이었던 시절의 이야기를 들으며 자랐다. 5월이 되면 꼭 읽는 책 중 하나.",
어렴풋이 알고 있었던 그 때의 이야기.담담하고 답답하고 먹먹하다.그 날의 상처를 그 누가 씻어낼 수 있을까.,
"절제된 시각으로 관찰카메라로 주인공을 보는 듯한 3인칭 화법이나, 1인칭의 덤덤한 시점으로 너무 선현한걸, 처참함을 담담하게 그려나가는 한강작가에게 훌륭한 역사소설을 남겨주어서 감사를 전하고 싶다. 담담하지만 현장감과 역동성이 독자에게 그대로 전달된다.",
"기억해야 하는 시간, 잊을 수 없는 이름들.",
별로예요 이 작가 책은 앞으로 안 살래요,
단순히 슬픈 책이 아닙니다. 비극을 다루는 책을 대할 때 일부러 심리적으로 거리를 두고 담담하게 읽어가려고 노력하는 편인데 중반부를 지나면서 그런 노력도 허사가 됩니다. 가슴이 미어지고 목이 뜨거워지는 것을 느끼며 읽었습니다. 아프지만 반드시 알아야 하고 읽어야 하는 책입니다.,
몇권을 구매해도 아깝지 않은 책,
"518을 다룬 영화들을 볼때면 이게 아닌데..이렇게 밝다니 말이되는가? 마치 이책에서 분수에 물이 차오를때 부당하다고 느낀것처럼. 그런데 이책은 518을 지나 남은자들의고통과 분노,슬픔을 그대로 녹여냈다",
"펼치기 주저했고, 역시 많이 울었고, 포기하려던 삶에 다시 한 번 주먹을 꼭 쥡니다.숨을 쉬어봅니다.",
원혼들을 위한 씻김굿. 하지만 아무리 굿판을 반복해 벌여도 고개 숙여야 할 사람들의 재배再拜 없이는 그 한은 씻기지 않으리라.,
"민주주의를 위해 희생한 사람들은 우리 주변에 있을 법한 학생, 동네누나, 대학교를 다니던 형들이었다.지식인과 능력있는 자들이 쟁취한 결과물이 절대 아니며, 80년 5월 18일의 역사적 운동을 두고 여전히 정치적으로 악용, 망자비난들을 해대는 사실들을 살펴보면...참담하다는 생각도 들게 만든다",
비유적 표현이 꽤 많이 나오는데 문제는 이게 이해하기 어려웠습니다. 쉽게 이어지다가 어느 순간 갑자기 난해한 문장들이 열거되는데 또 해석해보면 그리 거창하지도 않습니다. 이런 소설은 수능 언어영역에서 문제로 만들기엔 좋으나 독서용으로는 훨씬 좋은 책들이 많이 있으니 참고 바랍니다.,
"5.18일마다 매년 잊지말고 읽어봐야할 책,",
저녁 11시에 붙들고  읽기 시작해서 새벽3시쯤 다 읽기까지 책을 놓을 수 없었으며 책을 덮으며 하염없이 눈물이 나더군요.,
광주 사람입니다. 전.. 광주사람인데... 5.18애기 나오면 시큰둥했습니다. 그런데 이거. .읽고 진짜 제 자신을 반성합니다. 또 반성하며 슬퍼합니다.이젠 기억하고 되새길려고 합니다. 가슴이 먹먹하네요,
누군가에게 책을 선물한다면 고민할것도 없이 소년이 온다를 선택 할 것이다,
내가 읽은 소설 중 감히 최고라고 말하고 싶다.,
기억한다 해놓고 거짓말이 되어 버린 다짐이 다시 생각납니다.총칼에 쓰러져간 사람들과 남겨진 사람들의 고통을 조금이나마 더 알아갑니다.,
넘 좋다,
책 소개 팟캐스트 듣고 이 책을 구매할 수 밖에 없었다. 40년이 지났지만 아직도 진실을 밝혀지는 것을 두려워하는 사람들이 많다는 현실이 너무 슬프다.상처는 덮어둔다고 없어지는게 아니라 아프더라도 치료를 해야 그 상처가 회복된다는 사실을 잊지말아야 할 것이다.,
읽는 내내 소름끼쳐고 중간중간 눈물이 났다. 내가 경험해 본 세대는 아니지만 마음이 뜨거워지는 소설이다.,
또 한번의 오월이 지나간다,
"이번에 알라딘에서 다신 소장본 구입하지 않기로 마음 먹었다. 무려 2번이나 교환을 했는데도 오늘 받은 책 상태는 영 아니다. 각 페이지가 엉겨붙어 있어 칼로 일일이 잘라야 했다. 책 겉면은 실오라기 풀어진 것마냥 지저분다. 덕분에 구겨짐, 표지 긁힘 등 각양각색의 불량품을 다채롭게 경험했다.",
감히 울수조차도 없습니다.삼가 고인들의 명복을 빕니다.....,
"선량한 시민을 총,대검으로 난자질 하고 너무나도 안타깝다.그 분들로 대한민국이 민주주의 초석이 되었다.그 당시에 관련자들 모두 법정에 세우고, 헌법전문에 반드시 적시해야 한다.",
수도 없이 펼쳤지만 지금까지도 읽지 못한 책. 그때의 숨결과 공기가 시간을 뛰어넘어 곁으로 펼쳐집니다. 이번에 맞이 하는 5월에는 마음을 다잡고 꼭 끝까지 읽어보겠다 다짐합니다. 잊지 않겠습니다. 5.18 민주화운동.,
"그날에 관한 기사들과 책들로 그날의 아픔을, 외로움을, 남은 고통을 헤아릴 수는 없을 것이다. 다만 나는 읽는 내내 부끄럽고 미안했고 아팠다.",
무덤덤하게 읽어 내려가다가 마지막 어머니 시점에서 오열했던 소년 이야기. 광주토박이라 다른 지역은 5월에 대학 축제가 열린다는 걸 몰랐네요. 제목만 떠올려도 목이 턱하니 막히는 것이.. 되새길 때가 됐나 봐요,
읽는 내내 픽션이길 바랬다 하지만 소설 속 내용은 현실이며 아직도 그 여파가 자리남아있다 5.18을 주제로 쓰기 쉽지 않았을텐데 작가의 선택과 유가족들의 도움에 감사와 애도를 표한다,
속이 답답하고 불쾌하고 토할 것 같았다.그래도 끝까지 읽었다.알아야하기에,
먹먹하다,
책을 보면서 눈물을 흘린건 처음이었어요..... 진짜 책을 읽고 리뷰를 올려보는 건 처음입니다. 제가 책을 살떄 고민했던 게 아쉬워요... 그냥 빨리 주문하고 봤어야 했는데.... 이글을 보시는 분은 고민하지 마시고 빨리 주문하세요,
기억을 소환하는 방식에 있어서 정말 탁월한 연출과 전개방식이 돋보이는 한강의 소설. 정말 가슴 아린 기억의 소환! #소년이_온다,
읽기를 망설였던 책.5.18주제가 너무  무거워 읽는데 용기가 필요했어요.이 책을 쓰기까지 작가님에 고통이 느껴지네요.그래도 피하지말고 기억해야죠.,
마음이 아파서 읽기 힘든 소설이다. 그런데도 읽을 수밖에 없게 만드는 힘이 있다.,
다들 꼭 봤으면 하는 소설,
활자만으로도 미치도록 시리고 죄책감에 휩싸인다. 하지만 눈을 뜨고 읽어내야한다. 진실을 마주해야 한다. 그들이 겪은 꿈같은 생시에 비하면 먼지같은 노력이지 않은가.,
이 책은 누구나 한번씩은 꼭 읽었으면 하는 책이다5.18광주 민주화 운동의 아픔이 잘 드러나있다,
"문체의 아름다움은 물론, 시대의 슬픔도 더이상의 표현이 힘들것 같을 정도로 잘 표현한 최고의 작품. 최고중의 최고.",
달은 밤의 눈동자라고 했다.,
"누구는 자유와 민주를 위해 목숨을 바치고, 누구는 그 목숨들을 마치 벌레 죽이듯이하고...이 땅에서 다시는 이런 일이 절대로 일어나지 않기를 간절히 바란다. 피해자가 그렇게 많은데...가해자들은 지금 모두 어디에 있는가? 잘 살아가고 있는가?",
가슴아파 두번은 못볼책. .하지만 꼭읽어보라고 권유하는책중하나,
반드시 읽으세요. xxx반드시 읽어주세요. ooo,
그냥 기계적으로 글자만 읽어내려갔음한국문학은 도저히 맞지않는구나 한국문학 안녕~~,
"아.....#죽음을_넘어_시대의_어둠을_넘어 를 통해 봤던 사실에 그 지옥에 있던 사람들의 이야기를 #한강 이 들려준다.#한강 의 뛰어난 글솜씨와 어휘력에 감탄하는 마음은 사치다.담담히 글 하나 하나를 마음에 담고, 잊지 말자. 그게 내 할 일이다.대한민국을 살아가는 당신에게 권합니다.",
읽지 않으려고 여러번 마음 먹었어요 짐작보다 큰 아픔을 외면하고 싶어서 진짜 읽지 않으려고 했는데..어제 뉴스에서 전두환 사살명령 기사보며 지친 분노가 다시 꿈틀거렸고 출근길 팟케에서 신형철과 한강의 대화를 다시 들으며 더는 외면하지 못하고 읽기로 마음 먹었어요,
"잊으면 안 되는 기억들, 시간들, 사건들.책을 읽기 시작하고 마지막 장을 덮을 때까지 마음이 많이 아플 거에요. 계속 생각날 거고, 분노할 겁니다.그 사건을 똑바로 쳐다보기가 힘들다고 잊거나 지나쳐서는 안 된다고 생각해요.읽어주세요.. 모두가 알아야 해요.",
˝어떤 기억은 아물지 않습니다. 시간이 흘러 기억이 흐릿해지는게 아니라 오히려 그 기억만 남기고 다른 모든 것이 서서히 마모됩니다. 색 전구가 나가듯 세계가 어두워집니다.˝ 상처는사라지는게 아니라 물에 먹물을 떨어뜨리면 퍼져 섞여나가듯 무의식적으로 남아가는 것 같다.심장이 끈적인다.,
처음에 쉬이 읽다가 너무 우울해져서 계속 읽기 힘들었다. 읽다 쉬다 읽다 쉬다를 반복하고서야 다 읽을 수 있었다.,
글자 하나하나가 나를 붙잡고 놓아주지 않아 헤어나오기 힘들다.,
"너는, 너는, 너는.",
"흔해빠진 표현이지만, 감정의 절제로 격한 감정을 드러낸 책. 그 때문에 계속 읽기 힘들지만 계속 읽어야만 하는 사명감을 독자에게 부여한다.",
먹먹했다. 다큐나 회고록처럼 그 상황을 자세하게 묘사한것은 아니였지만 그 이상으로 당시의 그 비극적이고 처참한 상황을 느낄수 있었다.,
한강작가의 글은 아름답고 슬프고 동시에 강한 힘이 느껴집니다,
추천으로 끝나느게 아니라 구입해서 선물하는 책!,
먹먹,
사실 잘 안 읽혀서 읽기까지 시간이 좀 걸렸어요 그런데 다 읽고나니 읽길 잘했다는 생각이 드네요. 건조하고 담담하게 진행되는데 읽는 입장에선 그렇게 느껴지지 않음,
매년 새로운 기대를 하게 해줄 유일한 기대주,
우리 역사의 아픈 순간을 문학적으로 잘 승화한 책이라 할 수 있다. 처음에는 조금 어렵게 느낄 수 있지만 한번 책을 손에 잡는 순간 그 책을 손에서 놓기 쉽지 않을 정도로 몰입도도 높다. 무엇보다 문장이 정말 좋다. 가을에 꼭 한번 읽어보면 좋을 책이라 강력하게 추천한다.,
"그날의 일을 잊을 수 없게, 지울 수 없게 마음에 새겨놓았다.",
동호야......,
그 곳에 살고 있는 나에게 인생 책이 한 권 생겼다.,
예술의 존재 이유를 보여준다. 읽는 동안 굉장히 슬펐다.,
2장과 6장을 읽을 때는 저도모르게 눈물을 줄줄 샜습니다. 간결하지만 묵직한 감정이 묻어나오는 문체가 참 좋았습니다.,
그냥 집에 가요.거기 있지 말고 다들 가요.가도 괜찮아요.일이 그렇게 되었지만 당신들 탓이 아니예요.기다리는 가족 곁에 가서 살아요.살면 시간이 가고 다른 세상이 와요.당신이 그러지 않아도 다른 가치가 더 소중한 세상이 와서 다들 잘 먹고 잘 사는데...어서 집으로 가요.,
"빨간책방에서 예전 한강작가님 인터뷰를 통해 이책을 접하게 되었다. 광주민주화 운동에 대해서 진지하게 생각하며, 관련영화, 인터뷰, 영상을 찾아보았다.아직도 당시의 고통속에서 살고 있는 희생자분들을 생각하면 마음이 아파온다. 꼭 읽어보아야하는 소중한책이다.",
읽는 내내 나를 고통스럽게 하고 마음을 힘들게 한다. 그에 못이겨 책장을 덮고 나면 다시금 생각이 나고 신경이 쓰여서 자세를 바로하고 눈을 똑바로 뜬 채 그날의 기억들을 읽는 방법밖엔 도리가 없다.,
"1980년 5월, 정미와 정대, 동호, 은숙, 진수, 선미, 그리고 나의 이야기. 저들의 이야기를 쓰는 동안 작가는 저들과 함께 수없이 죽고, 저들과 함께 고문당하고 저들과 함께 트라우마에 시달렸으리라는 것을 생각하게 된다. 이 책과 함께 1980년 5월이 다시 온다.",
사 놓고도 한동안 펼치치 못한 책오랫동안 마음 한구석에 미뤄둔 책한글자 한글자 꾹꾹 눌러 읽은 책읽다 보면 숨이 가빠지는 책목이 메이고 심장이 뜨거워지는 책왼쪽 가슴이 계속해서 아파오는 책읽기를 멈출 수 밖에 없었던 책이렇기 쉽게 타이핑하고 있는 내가산다는 게 염치없어지는 책,
"“그러지 마요, ...... 우리는 죽을 각오를 했었잖아요.”삶의 과정에서 선택의 순간에나는 네가 살덩어리로 전락하지 않기를 희망한다",
읽는 내내 가슴이 먹먹했고 너무 생생했다.,
"5.18 민주화운동을 잘 그려낸 소설... 한강 작가의 작품을 좋아하지는 않지만 우리나라 사람이라면, 그 고통의 시대를 겪지 않은 사람이라면  꼭 읽어보아야 할 소설이다.",
내 안의 연한 부분이 소리 없이 으깨어지게 만든 책. 수많은 사람들이 으깨어지면서도 묵묵히 살아가고 있다는 것을 느끼게 했다.,
읽고나서 한참동안 책을 가슴에 안고 있었습니다 너무도 먹먹해서....,
읽으면서 너무 마음이 아팠습니다. 읽는데 힘들지만 그럼에도 모두가 읽어야 하는 책입니다.,
이 책을읽으면서 잠시도 책에서 눈을떼지 못했네요....어찌나 가슴이 아프던지 ㅜㅜ 우리 아이들이 꼭 한번쯤은 읽어봐야할 책이 아닐까 싶네요,
네가 죽은 뒤 장례식을 치르지 못해 내 삶이 장례식이 되었다,
소름끼치고 슬퍼요. 너무 잘 썼어요.,
책을 읽고 자려고 누웠는데 눈물이 흐른다.소설이지만 소설로만 볼수 없는 가슴아픈 과거담담하게 써내려간거 같지만 읽을수록 가슴이 요동친다 ....,
울면서 봤습니다. 마치 역사 그대로인 느낌이라 단숨에 읽진 못하고 괴로웠습니다.. ㅜ 느끼는 바가 많았어요.,
"책을 읽다 덮었다 몇번을 반복했는지 모른다.문장이나 글이 어렵거나 지겨워서가 아니라,울컥하는 마음을 추스릴 시간이 필요했다.이 책이 나에게는 가장 깊이 남은 그날의 이야기가 되었다.",
자세하게 1980년 5.18을 풀어놓지도 않았는데도 5.18 사진을 보는 것보다 더한 슬픔과 잔혹함이 느껴졌다. 책을 다 읽은지 몇일이 지났는데도 헤어나오기가 힘들다. 한강작가님..께 진심 경의를 표한다.,
내 인생 가장 슬픈 책.,
서늘하고 시리고 춥고 아프다. 시를 쓰는 작가가 써서 다행이다. 다시 읽어야 겠다 다시 읽지 못할 것 같다.,
처음에 책을 살때 이정도까지 슬플 것이라고 예상을 못했는데 읽는 내내 마음이 아프지 않을 수가 없었다,
두번 다시 보고 싶지 않다. 마음이 너무 아파서 ㅠ 내일 또 책을 열 자신이 없어서 밤을 꼬박 새워 읽으며 목 놓아 울었다.,
"읽는 내내 아프지만, 많은 분들이 꼭 읽으셨으면 하는 강력추천하는 책입니다.",
가슴이 아프다.,
내가 이런 작가를 알게 되다니.. 상이란 좋은거구나.,
이만큼 5.18을 잘 담아낸 예술이 있을까 싶다. 담담한데 격정적인 책.,
슬프지만 아름다운 이야기,
잊지 않겠습니다. 감사합니다.,
"부커상 수상 때도 채식주의자를 사기 꺼렸었는데, 이번엔 구입했습니다. 시대가 바뀌니 내 맘도 바뀌어...",
먹먹하다.,
먹먹함이 가슴에 새겨져 아파 옵니다.,
제목의 의미광주시청 앞 분수한강 작가와의 이야기,
"진실성이 묻어나는 소설, 처음 읽을때는 소설 내용에 비해 문체가 딱딱해서 잘 읽히지 않아 잠시 책을 덮었었는데, 결국 다 읽고나서 ˝읽기 잘했다˝했던 책인데,말라파르테 문학상 수상하였다는 뉴스 듣고 얼마나 반가웠던지... 채식주의자 맨부커상에 이어 말라파르테 문학상까지..축하드려요~",
한강의 담백한 문체와 어우러진 이 소설을 보고 10분도 안되어서 눈물에 좍 쏟아졌다. 가슴이 너무 아프고 절절하다. 아마도 한강의 소설을 시리즈로 봐야겠다. 그리고 이야기에 대한 그날의 모든 사람들에게 고마움과 미안함을 가진다. 이 이야기를 더 알아봐야겠다.,
역사를 잊은 민족에게 미래는 없다.,
광주 민주화 운동이 왜 그리 되었는지는 각종 정보매체등에서 나오므로 그런 내용은 건너뜀.하지만 그 당시 광주에 관심을 가지게 되었던 영화 택시운전사를 보고 조금 더 그때의 삶이 얼마나 허망했던 그리고 억울했던가를 되새기고자 이 책을 구매하게 되었다.,
"기분이 좋지 않을 때 절대 읽으면 안된다. 한 껏 기분이 좋은 그리고 햇살이 따사롭게 비추는 맑은 날에도 끝까지 읽기 힘들지만, 그래도 읽어야만 한다. 그리고 한 권 더 구매해서, 읽지 않은 누군가에게 선물해야 한다. 역사적인 소명처럼.",
"나에게 이 책은 이렇게 인기가 많기 전, 읽다가 중도에 포기한 책. 하지만 다시 집어들어야하는 책임감이 드는 책",
너무 글을 잘 풀어내셨어요.더 몰입해서 읽을 수 있었습니다.,
"만일 혼들의 장소가 있다면 그 곳은 어두울까, 어렴풋이 밝을까부디 좋은 곳으로 갔기를...",
시큰하게 소중한 사람들의 이야기. 말도 안 되는 일이 버젓이 이루어진 후의 아릿한 쓰림.,
"광주 민주화 운동에 대해 담담한 듯 풀어내시는 것 같은데... 굉장히 가슴아프게 파고들고, 가슴이 먹먹해지네요. 읽어보길 추천드립니다.",
과연 내공이란 이런 것이다....너무 가슴이 먹먹해서 소주한잔 한다!!!,
관점의 차이.17.01.27,
눈이 매워지고 가슴이 답답해지고 한번에 읽을수가 없었어요.책을 내려놓고 먹먹한 가슴을 한숨으로 풀어내고 눈가에 맺히는 눈물을 쓸어내고 다시 읽어 내려갔습니다. 가해자들이 그 죄값을 치루지 않은 이상 이 아픔은 아직도 많은 의미로 되풀이 되고 있음을 피해자의 가족을 통해 보여줍니다.,
읽는내내가슴아팠다. 그때 그곳에 있던 그들이 자랑스럽고 안쓰럽고 또 안타까웠다. 잊지말아야겠다.,
다큐서적느낌일거라고 샀는데 고문부분은 왜곡이 심하군요.,
"아픔과 슬픔은 경험해봐야 크게  공감할 수 있다지만, 글을 읽으면서도 이미 눈은 슬프고, 가슴은 아프다.무섭도록 고요했었던 그 도시, 오월의 봄.감히 가늠할 수 없는 고통스런 학살을,오랫동안 기억할 것이다.인간의 존엄성과 함께!",
황석영과 임철우와는 다른 결로 그려낸 광주. 작가의 기품있는 감각이 빚은 애통하고 아름다운 도자같은 작품.,
잘 읽었습니다ㅠ 하지만 뭔가 먹먹하고 다시 읽긴 힘들것같아요ㅠㅠ,
시간이 흐르면 스테디셀러를 넘어 클래식이 될 작품,
"다각의 시점, 하나의 고통.. 가슴아프단 말로는 표현이 안되는 먹먹한  통증이 느껴진다",
동호야...동호야...,
다시 책을 펼쳤다. 서늘한 가슴. 떨어지는 누물과 괴로움. 그럼에도 이렇게 죽어간 사람들을 잊지말자 내 두 딸에게 우리의 칼날처럼 무자비했던 역사를 꼭 이야기해야지 다짐한다.가족을 잃고 37년을 살아낸 유가족들에게 심심한 조의를 표한다.,
518에 대해 잘 모르는 친구를 위해 선물했습니다. 이 책은 거시적 관점보다는 미시적인 개인의 시점에서 518을 바라보고 있어서 518을 처음 알고 싶어하는 사람에게 권하기 좋은 책입니다.,
"너무 좋았어요. 담담한 필체, 간만에 소설책보고 엉엉 울어본 터라..너무 와닿네요. 작가님 책 늘 기대하게됩니다",
"길지 않은 이 책 한 권을 읽는 내내 가슴이 저릿함을 느꼈다. 역사의 거대한 흐름 속에 상처입은 채 매일 악몽을 꾸며 살지 않고, 내 의지로 대통령을 선택할 수 있는 지금 한국의 2017년을 살아가고 있는 것이 고맙고 또 고맙다. 이후 여기 살 사람들을 생각하기 위해 역사와 문학을 더 가까이 하자.",
꼭 읽어보세요.,
별다른 정보없이 읽다가 소름이 돋았다. 공포소설을 읽는듯이 무섭고 슬프고 절망스러웠다. 그때 그 사건에 대한 부분을 개인에 게 초점을 맞추니 와닿는 강도가 달랐다. 자료에서 봤던 숫자가 아니라 사람. 사람이었다.알고는 있지만 가슴 깊이 깨닫진 못했던...,
원통하다.,
"80년 5월 27일, 계엄군에게 죽임을 당한 소년과 살아남은 이들의 고통에 관한 이야기. 검열관이 서 선생의 희곡에서 맘에 안 드는 부분을 통째로 먹칠을 했는데, 나는 어느 문장 하나 허투루 읽을 수 없어 통째로 밑줄을 그어가며 읽었다. 그들의 희생과 고통에 마음이 참 아프다.",
한 개인에게 있어서 역사란 이렇듯 처절하리만큼 아픔으로 기억될 수 있다는 것을 깨닫게 되었다. 그리고 그 시대를 온전히 공유하지 못한 나 자신을 많이 자책한 시간이기도 하다. 아프다. 생각할 수록 아프다...,
고통과 슬픔은.. 이제 혼이 되어 우리에게 다가왔다.우리가 잊지 말아야 할 그들의 마음을 담은 책.,
"광주는 내가 20대를 보냈던 곳이라 내겐 특별하다. 5월의 광주는 매년 옛 기억들로 아파했다. 2017년 현실을 보며 5월의 광주는 더 많이 아파할 것 같다. 한강 작가는 이 소설로 블랙리스트에 올랐고, 전두환은 참 잘 살고 있다. 억울함과 슬픔에 작은 위로가 되도록 5월 18일 광주를 기억해주세요.",
양심이 아프다!,
너무도 고통스러워 책을 읽는 내내 자꾸만 손에서 내려놓게 된다. 얼음같은 불이 가슴을 관통하고 지나간다. 10페이지도 채 읽지 않았는데 자꾸만 눈물이 났다. 자꾸만.,
"내가 알던 5.18 광주민주화항쟁그 뒤에 숨겨진 잔인하고 괴랄한 모습들동호와 정대, 이외에도 그 날에 있던 대참사의 모든 피해자들이 ‘더이상 모욕 당하지 않도록‘절대 이 작품을 잊어서는 안된다",
수많은 사람들의 영혼을 갈가리 찢어 놓은 비극은 아무리 시간이 지나도 절대 지워지지 않는다. 부디 이 비극을 겪은 사람들의 영혼만이라도 조금이나마 편안해질 수 있는 시기가 오기를.,
너무 아픕니다. 한문장 한문장 가슴이 무너지는 기분이에요. 출퇴근길 지하철에서 읽었는데 몇번을 울었는지 모릅니다.,
아들 학교의 권장도서라 구입했습니다.문장 문장마다 눈물이 줄줄 흐르기도하고 역사의식과 정의감이 샘솟기도 하고 감사함이 일기도 했습니다.,
<소년이 온다 - 한강>80년 5월의 광주를 지나오지 못했거나 힘겹게 지나온이들의 이야기를 읽는 동안 크게 숨소리 한번 내쉬기힘들었다. 더워지기 시작한 5월의 광주가 선연히 보이며매케한 연기와 비릿한 피냄새가 느껴지는 것 같아깊은 숨을 쉬기가 겁이 났다.어린 아이를 먼저 보낸 어머니의 독백은 너무 담담하고 꿈같아서 오히려 더 아프고 슬프다.지금까지 접했던 80년 광주를 다룬 매체 중에이만큼 깊이 파고 들어간 작품은 접한 적이 없다.,
화난다. 제대로 된 민주를 위해 늘 깨어있자. 그리고제대로 주권을 행사하자.꼭,
"마지막 페이지까지 다 넘긴 그 때, 책의 제목이 더 크게 와닿았다.",
표지만 봐도 마음이 답답하고 아프다. 제발 더 이상 되풀이 되지 않기를. 침묵도 해결이 아닌데,
내가 태어나기도 전의 일이다.그때 갓난아이였던 오빠를 데리고 전대후문 근처에 살았을때 솜이불로 모든 문들을 막고 체류탄 가스에 매일 울었었다는 엄마의 얘기만 전해들었었는데...이 책을 읽을때...읽고 나서도 눈물이 난다...난 무얼할 수 있었을까....,
박근혜 정부의 ‘블랙리스트‘로 확인된 한강의 저서이니 꼭 읽어봐야 하지 않을까 싶습니다!,
‘무릎 꿇고 살기보다 서서 죽길 원한다면 먼저 가신 임들을 위해 다 같이 묵념합시다. 먼저 가신 임들을 따라 끝까지 싸웁시다.‘,
읽는 내내 소름이 끼치고 먹먹해져서 읽다 멈추다를 반복했던 책.. 덤덤하고 간결한 문체가 더 아파왔다.,
차마 목놓아 울 수도 없을 먹먹함. 가슴에 커다란 납덩이를 올려놓은듯 숨쉬기조차 쉽지가 않아 계속 힘들다..,
5.18 민주화 운동 당시의 상황을 묘사한 책.,
전 국민의 필독서가 되었으면 좋겠습니다 읽기 버거운 책이지만 꼭 읽어야하는 책입니다,
"어른들은 광주사태라고 불렀다.군인들이 쳐들어와서 사람을 죽였다고..물어도 조용히하라고 어디가서 그런소리하면 끌려간다고했다.에필로그에서 저자의 아버님이 보셨다는그 사진첩을 나는 중학교때 봤다.그때부터였다.그분들에 대한 채무감,죄책감... 이 책을 읽는데있어 나는 마음에준비가 필요했다",
글자를 읽는데 눈앞에 그날들이 보였다.,
"어떻게 얻은 민주주의인데... 우리의 힘은 ‘잊지말기‘, ‘기억하기‘ 그래서 ‘지켜내기‘",
역사는 다른얼굴을하고 결국은 반복된다 현시국도  일종의 정신적인 학살이  아닐까아픈역사를잊지말고 현실을 외면하지 말고 똑바로바라보자 촛불을 밝히자,
읽어보는것을 추천합니다,
지금 읽어야한다.잊혀져서는 안 될 끊임없이 반복될 이야기가 담겨져있다. 매일밤  다시 태어나는 악몽 속에서 우리가 기억해야할 역사가 담겨져있다.,
결코 잊어서는 안될 고귀한 사람들,
읽어 나아가기 참으로 힘이든 소설....,
어떤 시선을 따라가도 아픔만이 가득하다.,
다시 읽어도 좋다,
내가 소년이 된 듯한... 한 명 한 명의 사연들을 눈시울 붉히며 읽어야했다.,
"광주 민주화 운동의 처절함을 느끼는 중이다. 죽음에 대한 공포, 죽음 앞에서도 굴하지 않는 용기. 정말, 진실로 그들이 있었기에 오늘이 가능했다.",
이야기의 서술방식이 새로웠다. 광주 민주항쟁을 너무 무겁지 않게 접할 수 있는 소설이 아닌가 싶다.,
"˝형이 뭘 안다고··· 서울에 있었음스로··· 형이 뭘 안다고··· 그때 상황을 뭘 안라고오.˝, 이 말이 너무 맘에 와 닿네요",
채식주의자 책을 구입할때 함께 구입했지만 아직 읽지 못한 책~~빠른 시일안에 읽어봐야지,
5.18은 우리에게 영원한 상처로 남아있다. 책을 읽고 또 한번 상처가 치유되지 않고 피가 철철 흐르고 있음을 느끼게 되었다. 이 상처는 다 나아도 커다란 흉터를 가지고 있게 될것이다.,
한강. 이제는 나뿐만 아니라 많은 사람에게 묵직한 이름,
아주 사실적인 문체와 내용.. 영혼과 몸이 자유로운.. 아픈 통증이 느껴지는 글..,
<꽃잎>이후 518을 잊고 살았던 것 같습니다... 한강 작가의 노력과 용기에 박수를!  추천합니다.,
5.18 그날의 아픔을 나눌 수 있는 시간...,
"˝우리는 동물이 되어서는 안된다˝ ([이것이 인간인가])인간이 되기 위해, 결과적으로 겪어야 했던 일들이 죽음이거나 평생의 고통이다.이제 그들과 그 가족들은 ˝꽃 핀 쪽으로˝ 가야 한다. 하지만 우리는 어디로 가야 할까?",
1980년 5월 광주민주항쟁..잊고있었던 그날의 참상과 살아남은자들의 아픔과 고통을 느낄 수있었다.열다섯의 어린 둥호을 비롯한 학생들과시민들..고통스럽고 아픈역사지만 되풀이되어선안되고 오늘날까지 잊지말아야한다. 소년이 온다.,
읽고서 정말 먹먹해지는 기분이었습니다. 하지만 꼭 읽어봐야 할 책이기도 한 것 같아요. 추천 드립니다.,
"왜 나를 쐈지, 왜 나를 죽였냐고 묻고 싶다그들이 피 흐르는 내 눈을 볼 때까지 말이다.",
36년전 이야기 그 당시 인물들과 나는 지금 함께 공존하면서 살고 있다는 것이 나를 끔찍하게 압박한다. 동호에게 총을 겨눈 자와 길거리에서 내가 사는 공간에서 아니면 지나가다 나와 부딪쳤을지도 모르는.... 5.18의 가해자들이 너무 떳떳하고 뻔뻔하게 살고 있는 이 땅이 이해되지 않는다.,
서른 다섯.. 광주를모르고 큰 나에게 그곳의슬픔을알린책한장 한장 넘기기가 고통스러워  눈물로 넘긴책이다.모두가 읽고 알아야 할 책. 조금의 주저함도 없이 나의 아이에게 다시 읽히고 싶다,
그당시에 광주에서 여고생이었던 나보다 더 어렸을 한강작가를 통해 다시 그날들의 아픈 충격을 다시 만났습니다. 가끔씩 그녀의 기억력과 필력에 감동하면서 책을 덮고 곰곰히 생각을 하곤 했습니다. 그녀의 멋진 도전과 용기에 감사드립니다.,
"있을 수 없는 과거의 아픔을 다시 한번 일깨워준 소설. 사건과 인물의 연계성, 묘사가 정말 뛰어난 소설.",
존재자체에 감사하게 되는 소설.,
"처음에는 조금 낯선 2인칭의 담담한 서술에 머뭇거렸는데 점점 가슴이 젖어들더니, 중반가까워오면서 어느새 흐느껴울며 책을 읽고 있는 저 자신을 발견했습니다. 이렇게 한강이란 작가를 처음 만납니다.",
80년 광주민주항쟁의 한가운데 있었던 한 소년과 그 주변인물들의 상처를 개인적 차원에서 모던하게 그려낸 소설. 80년대 사실적이고 고발적인 성격의 소설들과 비교할 때 진일보했다. 역사는 시대에 따라 꾸준히 재해석되어야 한다는 명제를 충실하게 이행했다는 점에서 반갑다.,
가슴이 미어진다. 생명이 다한 이들... 생명을 끊지 못해 살아가고 있는 이들... 죽음보다 더 큰 고통을 안고 사는 이들.. 그들과 우리는 함께 살아가고 있는데 나는 전혀 그 슬픔과 고통을 나누지 않았다. 너무나 잔혹할 수 있는 사람들에 대한 두려움과 더불어 무관심한 나를 반성한다.,
실제 일어났던 광주사태를 바탕으로 쓴 내용이라 더욱 마음속에 와 닿고... 시간 가는줄 모르고 읽을듯 하네요. 채식주의자와 함께 소장하시면 좋을듯해요,
자꾸만 묻혀지는 그날의 진실이 안타깝습니다.,
16세 동호를 통해 본 광주민주화운동의 실상들...동족에 만행을 저지른 자들이 아직도 뻔뻔스럽게 살아있다는게 한심한 이 나라의 현실,
책을 읽으며... 고통받은 이들은 참혹하게 죽어갔는데... 고통을 준 이들은 어찌 살고 있을지... 진심으로 궁금해 졌다. 잊지 말아야한다 그들의 아픔을... 그들의 슬픔을...,
가슴이 먹먹해 졌다. 강하기만 할 줄 알았는데 아름답기까지 하다.진정 멋진 작가다~!!!,
"끊임없이 위로해야 한다.아무 소용없지만 쉬지 않아야 한다.법적, 행정적 절차도 필요하고도의적, 도덕적, 인간적 의식도 필요하지만음악과 영화와 소설과 시로 상처를 다독여야 한다.우리가 지금 금남로로 달려갈 수 없기에 우리는 이 소설을 읽어야 한다",
알라딘 댓글만큼은 일베들이 침투하지 않기를 바란다.,
5.18을 교과서에서 배웠습니다. ｀민주화｀란 그저 그러다보니 주어진 줄 알았습니다. 이 책을 읽고 나니 너무나 죄송하고 죄송하고.. 지금 그냥저냥 살아가는 것 자체가 부끄러워졌습니다. 절대 잊지 않겠습니다. 진심으로.. 이런 글을 남겨주셔서 감사합니다.,
마지막 장을 넘기면서 콸콸콸 쏟아져나오는 눈물로 시작한 주말 아침. 어린 새야. 따뜻하게 꽃 핀 쪽으로 가거라..,
나는 이 책을 보고 518의 아픔을 더욱 더욱 크게 느꼈다.,
가슴이 아리고 아프네요......,
마지막 문장을 읽어내기까지 책을 많이도 열고 닫았다.,
518이 내일이네요... 오늘 내일 읽고픈데 알라딘 배송이 너무 느려서ㅠ 사려다가 그냥 리디북스에서 한강 작가님 <채식주의자>랑 <소년이 온다>까지 구입했어요. 포인트 받으면 싸게 살 수 있더라고요. 알라딘 인기작은 배송이 너무 오래 걸리네요ㅠ 이럴 땐 전자책이 나은듯..,
내일이  518 입니다. 봐야죠. 젊은 새대일수록 더욱더.,
오월 광주의 열흘을 고스란히 옮긴 한강. 그녀의 가녀린 어깨를 안아주고 싶다,
책을 읽는 내내 아파서 계속해서 연이어 읽기가 힘들었다. 하지만 읽어야하고 알고 기억해야한다.,
"내가 광주에 대해 조금이라도 알고 있다고 생각했던 것이 얼마나 어리석고 우스운 일이었던가.  실로 감탄하게 되는 이 책에, 그리고 숭고한 넋들께 고개를 숙인다.",
"어쩌면 우리는 모두가 알고 있을 것이다. ˝동호야˝ 라는 가냘픈 목소리를. 소리없는 울음을. 본능적으로 달아날 수밖에 없었던 미련스런 마음을. 그리고, 해야 할 일과 절대로 하지 말아야 할 일을. 무엇을 응시해야 하는지를.",
가슴이 먹먹한책,
관심이 없던 사람들도 이런 기회에 한번쯤은 찾아서 읽어보면 좋을 책,
광주에서 일어났던 잊지 말아야 할 불편한 진실. 너무 적나라한 내용과 그것이 오래되지 않은 사실이기에 책장을 넘기는게 힘들었다. 생존자의 관점에서 또 유족의 관점에서 함께 공감하며 눈물이 나기도 했다.,
음.... 이건 너무 슬픈것 같아요,
우리가 꼭 알아야 할 이야기..,
｀그 순간 네가 날 살렸어. 삽시간에 내 피를 끓게 해 펄펄 되살게 했어. 심장이 터질것 같은 고통의 힘. 분노의 힘으로｀,
때론 담담하게 때론 적나라하게 풀어낸 그날의 광주,
기대됩니다 어떤의미로 나에게 다가올지,
처참함과 참담함이 담담함으로 다가옵니다.우리가 꼭 알아야 할 이야기!,
"어쩌끄나,,, 어쩌끄나,,,번들거리며 잘 살고 있는 살인자와 아무렇지도 않게 함께 숨쉬는 세상이 허망해서 숨죽여 울었습니다.",
너무 슬퍼요 읽으면서도 계속 울컥울컥합니다,
시작부터 끝까지 울게되는 책,
이제껏 미루고 미루다가 마음을 굳게 먹고 드디어 읽었습니다. 도서관에서 빌려서 읽었는데 꼭 소장하고픈 책입니다.마음이 너무 아파서 다시 읽지 않더라도요.,
그 남매는 어디로 사라졌을까,
너무나도 강렬하여 책장을 빨리 넘겨버린.. 빨리 읽고 덮고 나서도 다시 펼쳐볼 용기가 나지 않는.. 그러나 그 여운은 진하게 오래가는 책,
한강 작가님의 작품이라서 믿고 볼 수 있는거 같아요광주민주화운동 당시를 배경으로 이 소설을 보면서 비극적인 역사를 잊지않고 기억해야 한다는 생각이 듭니다,
"인간이 얼마나 악해질 수 있는지, 또 얼마나 숭고할 수 있는지 보여주는 책입니다. 살다보면 수많은 일들이 일어나지만 어떤 사건은 반드시 기억되어야 하고 절대 잊혀져서는안됩니다. 한강작가님에게 참 고마운 소설이었어요.",
재밌어요.,
우리 아파트 단지옆에 공공도서관이 들어섰다.소년이 온다 와 모방범을 대출했다소년이 온다는 책이 출간 되었을때부터 읽고 싶었는데 지금에야 읽게 되버렸다.추석연휴가 길기도 했지만 읽는내내 힘들어서 책을 덮고  읽는것을 자주 멈추게 되었다. 과거의 어두움과 밝음을 모두 뛰어넘어 현재의 내가 존재하지만 그 안을 속속들이 들여다본적도 깊이 생각해본적도 많지 않은 것 같다. 내 삶조차 내맘대로 되지 않아 힘들때가 많은데 다른이의 슬픔까지 껴안아줄 여유가 없는건지~~성당에가면 늘 타인을 위해 기도하라고한다.나는  우리 세대를 위해 한걸음 앞장서 걸었던 그들의 희생을 얼마나 소중히 여기고 아파했을까?역사를 되돌아보면 늘 그 모든 아픔을 짊어지고간 이들이 있다.딱히 그 무거운 짐을 누가 지어주지 않았는데 말이다.그래서 다시 한번 더 생각하게해준 이 책이 또 고마워진다~~,
굳이알아서 맘아프고싶지않지만꼭 읽고 알아야하는 것이이책에있다,
선악의 구도가 아니다. 이름 없이 사라진 불꽃들의 이야기다. 가슴이 아리고 안따까운 한숨이 계속난다.한강의 섬세한 문체로 그 아픔이 더해진다.,
오열하게 만든 책!! 작가님께 감사함을 느끼는 책!!,
마지막 장을 덮고 뒤표지의 추천사 추천인의 이름까지 읽었다.그리고 나는 그제야 알았다.무슨 `무늬`라고 생각하고 흘려보던 책 표지의 어른거리던 하얀 것들이 `꽃`이었다는 것을.빛이 있었던 자리가 어둠으로 채워진 하얀 꽃들이었음을 알았다.,
"눈에 보이는 것과 라디오에서 뱉는 것이 다름을 알았을 때 국가는, 아니 욕심 큰 특정 집단은 거대한 폭력집단일 수 있음을 알았다. 그 때 라디오에서 뱉어진 말을 그대로 믿은 사람들이 아마도 훨씬 많으리라. 라디오는 그랬었다. 광주는 폭도들이, 간첩들이, 불순분자들이 점거하고 있노라고.",
"순결한 피해자와 사악한 가해자를 구도로 그날의 풍경을 재현하는 방식은 이제 진부하다. 이런 작업은 홍희담, 임철우, 최윤이 이미 다했다. 흔한 구도를 넘어 언제 어디서든 폭력을 행사하는 국가 체제와, 그런 국가에 맞서 조직력과 방향성을 가져야하는 인민의 노력에 이젠 주안점을 둘때가 아닌가.",
"책장을 넘기는 것 조차 힘든
그 때의 잔혹한 슬픈 이야기.",
"차분하게 선배와 친구들을 이야기하기에는,
걸어온 길보다 가야할 길이 아직은 더 멀기때문입니다. 
우리에게 5월은 언제나 따뜻한 봄 날로 돌아올지요.",
"여름밤을 좋아했던 동호는 시인이 되었을까.
슬프고 안타까운 그 시간들이 흐르고 흘러도 아물지 않는다.",
한강의 분위기 독보적이다,
‘아우슈비츠 이후로는 서정시를 쓸 수 없다.’ 악몽처럼 끔찍한 사건 이후 사람들은 살아갈 수 있을까? 이 소설은 그에 대한 답을 조심스러운 목소리로 우리들에게 들려준다.,
"단숨에 읽을수 있었지만, 읽을 수 없었다글이 간결하고 또렷했고 무엇보다 술술 읽혔지만그래서 더욱 힘들었다이 타이밍에 이렇게 읽을수있어 감사한 책",
한강의 담담한 문체로 써내려간 그날의 이야기.,
읽고 나면 먹먹해요,
"오늘이 518이네요. 
첫 장을 넘길 때부터 눈물이 가득 담기게 만든.. 그 눈물조차 죄스럽게 느껴지는.. 강추합니다.",
이 시대에 꼭 읽어야할 책!,
아직 우리에게 희망이 있다는 것을 보여주는 책,
어렴풋해져가는 과거의 슬픈 역사가 지금 내 주변의 이야기처럼 생생하게 가슴을 친다. 저자의 단단한 문체가 좋다.,
잊고 지냈던 것들에 대해 생각을 해볼수있게 하는 책이다.,
광주가 온다. 내 안의 부채의식이 온다.,
더 많은 사람들이 이 소설을 읽어야 한다.,
아직 끝나지 않은 광주를 통해 한국사의 비극을 적나라하고 가슴 먹먹하게 재현했다.,
꼭 읽어야 한다. 그 날을 담담한 듯 그러나 세심하게 표현하였다. 꼭 읽고 그 날을 기억하자. 거짓된 정보와 거짓된 언론에 속지말고.,
한강이기에 쓸 수 있는 소설이라고 생각합니다. 어떤 책이다. 하고 정의내리기에 어려운 소설입니다.,
한강이란 작가를 내게 각인시켜준 작품,
나는 이렇게 살아있다는게 미안해지네요. 그들과 나는 같은 사람인데요.많은 사람들이 꼭 이 책을 읽어보았으면 좋겠다는 생각이 듭니다.,
잊지 말아야 할 현대사를 슬프지만 아름답게 표현했다. 그럼에도 잊지 말아야 할 현실을 지금도 생각하게 한다.,
2014년 최고의 작품. 담담한 문체가 더 감정을 추스르기 어렵게 만든다.,
당시의 사건 그 자체보다는 남겨진 사람들을 어루만지는 책,
역사적 사건을 아주 독특한 서술방식으로 풀어낸 소설.,
책을 다 읽고도 한동안 가슴이 먹먹함..,
2010년 이후 최고의 소설!,
광주의 기억을 돌아보게 했다.,
"광주에 대한 정면승부.
소설의 호흡에 숨이 막힐 듯 하다.",
"여러 시점에서 조각을 맞추듯, 슬픈 현대사의 한 고비를 조명합니다. 
빨간책방인가 라디오책다방 팟캐스트도 함께 들으시면 더 좋습니다.",
훌륭한 소설입니다.,
그들을 위한 위로의 시 같은 글...,
"나에게 마냥 설렜던 봄이 누군가에게는 해마다 찾아오는 슬픔인 걸 몰랐습니다. 아니 알려고 하지 않았고, 어쩌면 모른척 했을지도 모르겠습니다. 다가오는 5월의 슬픔들을 기억합니다.",
"그날 광주에서 있었던 일은, 지금 우리에게 무엇이 되었나?",
"차마 단숨에 읽어 낼 수 없어도 기어코 읽어내야 하는, 고통으로 기억해야 하는 그 시절.",
감히 말할 수 없는 먹먹함... 한강이 써줘서 더 고맙다.,
아 가슴이 너무 아프다..,
페이지를  넘길때마다 긴한숨이내가 얼마나 이 책을 이해하면서  읽은건가...,
한 번 열어 멈출 수 없는 이야기들. 묵직하게 다가온다,
울고 또 울고 가슴아프고 또 아프고...,
"그때 그 시절을 경험하지 못한 자들이여, 읽어라. 읽으면 0.1% 정도는 진실로 함께 아파할 수 있다.",
소설은 담담하게 읽었는데 에필로그를 읽다보니 눈물이 주르르 흐른다.,
"이상문학 수장작 ˝몽고반점˝과 그 후에 나온 ˝채식주의자˝ 그리고 ˝바람이 분다 가라˝까지 한강의 글은 읽기가 쉽지 않다. 그런데 이젠 광주라니... 피하고 싶더라도 모두가 꼭 읽어야 하는 책. 읽은 후 수고했다고, 고맙다고, 그리고 미안하다고 말하지 않을 수 없는 소설. ˝동호야.˝",
,
이대로 전두환이가 천수를 누릴 가능성이 큰 이 따위 나라에서 살고 있다는 것에 참을 수 없는 분노를 느낀다.,
처참했던 1980년 5월의 광주..두껍지 않은 책이지만 글이 주는 무게감은 대하소설 못지않다.,
"읽으면서 계속 눈물을 흘렸네요! 감사합니다. 몰입해서 잘 읽었습니다. 광주, 용산, 쌍용, 세월호.. 계속 반복되는 역사를 느끼게 됩니다.",
정말 대단한 책입니다. 그 상황 속에 있었던 사람들의 삶과 아픔을 이토록 절실하게 느낄수있게해준 작가님에게감사하게되네요... 정말정말 추천합니다. 꼭 읽어보세요,
악몽같은 책이다.책을 읽는동안 열십자로 포개진 몸뚱어리를 눕히고 눈도 코도 입도없이 떠돌아다니는 심정으로 읽었다.눈동자가 흘러내려 읽을 수 없는 여러번의 고비를 넘기고서야 끝날 수 있었다.소년이 온다는 광주 그 자체다.,
아직도 마음이 먹먹하다. 너무 재밌게 읽은 책!,
"어찌 썼을까 싶습니다. 전 읽는 내내 속으로 또 겉으로 눈물이 흐르는데, 쓰는 이는 어찌 이걸 감당해내었을지...",
상처는 끄집어내놓아야한다  숨기면 그들만이 좋아할 뿐히틀러 와 전두환아이히만 과 정호용 또는 생각을 거부한 군인들역사는 그들과 화해할 것인가처단할것인가,
최고.,
"교과서로만 보았던 역사를 간접적으로나마 경험한다.그 시대 사람들이 얼마나 아프고, 힘들었는지를.이 책을 읽고 알았다. 내가 참 많이 우리 역사를, 아픔을 몰랐구나.",
"2014년 11월 도서대란때 구입한 16권의 책중에 무심코 가장 처음으로 꺼내들고 읽었다.후회 했다.  가벼운 마음으로 읽고 싶었는데, 책장을 넘기는게 너무나 힘든 책이었다. 아프고 아프고.. 너무나도 아픈 .. 광주를 다룬 다른 책에서는 분노를 먼저 느꼈는데 이 책은 너무 아팠다.",
양심..우리가 인간이고 자녀이고 형제이게 하는..  그래요. 양심.,
"하루에 한두장씩만 읽었다. 내게 시린 모습으로 다가오는 소년을 어떻게 맞이해야할지, 자신이 없다.  모른척 했거나, 아무말없이 가만있는것은, 나 또한 어긋난 역사에 동참했거나 한편이었다는 말이 된다. 그런데 소년은 한발한발 들어오고있다. 우리들의 불편한 침묵안으로..",
공지영씨의 고등어...김훈의 칼의 노래...한강의 소년이 온다까지...짧은 문장 하나만으로도 가슴 저 밑바닥을휘저어 놓는 서늘함이 있다...,
돌아보게 한다,
이글이 과연 70년생 작가가 쓴것이 맞나 하는 생각이 들만큼 생생하게 다가온다이제는 잊혀져만가는 광주를 다시 생각하게 해주는 수작!!!!!,
"가만히, 소년이 온다",
"단숨에 읽었습니다. 문학적 상상력으로 아픔을 전달하는 놀라운 필체와 플롯, 그리고 문체에 오랜만에 소설의 힘을 느꼈습니다. 읽고 많이 울었습니다.",
한강의 문장. 아프지만 놓을 수가 없다.,
잊어서는 안 되는 역사에 대한 문학적 대응이 어떤 방향으로 나아가야 하는지 보여준 작품이었습니다.,
필독서가 되길...,
한동안 헤어나올 수 없었다,
"아직도 무거운 현실이 거기 그대로 있고.소년이라는 존재를 일깨워 그동안은.어른들의, 시민들의일,이라고만 여겨져더욱 가벼이 여기던 것을 한층 깊이있게 잡아준 듯해서 ...",
한번에 읽을수 없는 책이었다. 가슴 먹먹함에 몇 번을 쉬었다 읽었는지. . .,
"무거운 마음이 가득했지만, 생각거리를 한없이 던져준 좋은 책.",
"아프지만 꾸준한 응시가 아름다운 작품.내가 좋아하는 한강, 그녀의 응시가 아름답다고 늘 생각한다.",
한강이 한강일수밖에 없는 글쓰기.,
특별함을 찾아볼 수 없다.,
"5.18 광주의 이야기. 읽고나면 가슴 한 구석이 먹먹해지는 책.자기 전책을 펼쳤는데,마지막 페이지는 기여코 넘기고야 마는...",
광주에 사는 사람입니다. 다른지역 사람들보다 518에 대해서 잘 안다고 생각했는데 이 글을 보고 또 한번 마음이 동했습니다 추천합니다,
"한강 작가에게 고맙다. 이런 책을 써줘서. 문학의 아름다움, 의미, 역할을 환기시켜준 책",
순결한 피해자와 이해할 수 없는 가해자만 나온다. 역사를 다뤘지만 역사적이지 않다.,
아스라히 때로는 찌릿하게 전해지는 그때의 슾름,
오랜만에 표지를 다시 보는데 안개꽃이 참 사람을 먹먹하게 만든다.,
먹먹하다 한강이라면 광주를 이렇게 그려낼 수도 있구나.,
재밌게 잘 읽었어요!!,
그냥 최고,
그야말로 올해의 책,
한국 현대사에서 광주민주항쟁을 떠올리면 늘 마음 한 켠이 아려온다. 그 동안 이를 소재로 한 문학자품들은 많았지만 등장 인물을 통해 작가가 말하고자 하는 방법이 독특해서 투표를 한다.,
"뭐든 쉽고,,쉽고,,,쉽다 못해 편하기까지한 것들을 찾고,,,,그러다 못해 책까지,,,쉽고,,,쉽고,,,결국에 편한 책을 손에 쥐게 되는 요즘. 결코 모른척 할 수 없지만, 너무 아프고,,,어렵고,,,,,분하기까지한 이 이야기를 통해,,,많은 생각을 할 수 있는 시간이 됐습니다..",
내가 알고 있다고 생각했던 일들이 실은 전혀 그렇지 않았음을 깨닫게 해준 소설. 오랫동안 잊혀지지 않을 소설입니다. 작가님께 많이 감사했습니다.,
5.18에 대한 직접적인 사진을 보거나 증언을 듣는것 보다 더 아프게 와 닿은 책이다.청소년들도 많이 봤으면 좋겠다.,
너무 아픈소설..하지만 이 책은 누구나 꼭 읽어봐야 한다.,
한강의 눈물. 발자국.,
우리의 가슴 아픈 역사를 다시한번 생각하게 만드는 책이었다.100% 픽션이 아니라서 더욱 가슴아프고 마음 아파서 한동안  너무 아팠던 책이었다.,
독서경험이 아닌 체험 그 자체가 되어버린 소설,
"공교롭게도 가장 아팠던 시대, 그러나 과거이기만 할 그 시대가 2014년도에서 그대로 재현되었다. 2014년은 아픈 사람들이 많았다. 소년이 오고 소년이 가고 우리는 갈 길이 멀다",
요즘 보기 힘든 소설.,
작가 한강에 대한 관심으로 구입,
당신의 5월이 달라진다,
첫 문장이 인상깊어 구입했는데 마지막 문장까지 좋았다.,
"두고두고 아프다, 는 말 이외에 또 어떤 표현이 필요할지",
"굳이 정치적인 시각으로 바라보지 않더라도, 아무렇지 않은 듯 말을 꺼내도 그 무엇보다도 정치적일 수 있고 슬픔을 자아낼 수 있는 작품",
광주의 아픔이 담담한듯 사무치게 느껴진다,
광주의 이야기를 여러권 읽었지만 소년이 온다가 그 중 으뜸이었다.,
가슴아픈 역사...내가 이 땅에 자유를 누리며 살고 있는 이유를 말해주는 소설...,
우린 아직 그 소년을 잊어서는 안 된다.,
잊혀진 5.18의 기억을 되살린 책 마지막장을 덮는데 나도 모르게 눈물이 주르륵 흘렀다,
한강만의 정제된 문장. 읽으면서 정말 많이 울었습니다. 더 많은 사람들이 읽을 수 있기를.,
"그 시절의 소년, 그 소년이 내게로 온다. 난 뭐라 말해줘야 할까? 눈물밖에 나오는 게 없는데...",
"잃어버린 기억에 대한 회복, 왜곡된 역사에 대한 성찰",
마지막 에필로그에서 눈물이....,
"가슴 아프지만, 꼭 읽어야할 책",
"정말 글의 소재를 선택하는 것만으로도 작가의 역량을 알 수 있다는 평론가의 말이 와닿는다. 작가가 첫 문장을 쓴 그 순간 부터, 이 책은 올해의 책이 됨에 충분하다.",
아직도 광주 민주항쟁을 왜곡하고 부정하는 사람들이 꼭 읽었음 하는 책.,
5.18 광주민중항쟁이라는 현대사의 굴곡진 시대적 아픔을  다양한 인물들의 삶을 통해 잘 보여줌,
과거의 마음을 걷는 한강의 문장들,
아직도 선연하다.,
가슴 아팠다. 그 시절 그 때...경험하지 못했지만 이 소설의 아픔에 같이 울었다.,
눈물이 흘렀다,
5.18 광주의 맨얼굴을 담대하게 마주했다는 것만으로도 충분한 이유가 되지 않나.,
너무 좋다 너무 가슴을 시리게 해서 ...,
"올해의 책, 단 하나의.",
읽고 나서 한참동안 다른 책을 볼 수가 없었다.,
80년 5월 광주라는 한 번의 '사건'이 그것을 경험한 사람들의 영혼에 얼마나 큰 상흔을 남겼는지를 고통스러우리만치 절절하게 묘사한 작품이다.,
가슴 아파,
장편의 호흡으로 단편의 통찰을 묵직하게 녹여낸 수작,
내용도 슬프지만 아름답습니다. 요즘 소설에서는 보기드물게 감동을 안겨줍니다. 게다가 문장 또한 훌륭합니다.,
슬픔을 넘어서 아름답다.우리 모두 침묵할때 외롭게 외쳐대던 1980년의 광주를 잊지 말기로 하자.,
올해 유일하게 나를 울린 책.,
잊지 말야야 할 것들을 잊지 않게 해주는 이야기들. 고맙습니다.,
광주에 대해 쓴 수많은 책들 중 으뜸!,
"시대의 아픔이, 지금도 진행중인 전국적인 왕따의 피해자인 한 도시의 아픔이 너무나 절실히 와닿았던 책이에요.소설을 통해 건네받은 작가의 위로로 코끝이 찡해졌네요.",
내가 어둠속에 묻어둔 일들을 차분히 꺼내주었다. 참혹한 일들을 처연하게 바라보며 그건 어제의 일이 아니라 오늘의 일이며 아직도 정리되지 않은 내일의 일이었다.,
한강에 대해 오해하고 있었다. 그녀는 유약하지 않았다.,
왜 발포 책임자는 아직도 숨을 쉬고 있는가...........,
문장 하나하나가 다 생생하고 절절하다. 한강의 소설은 눈으로 읽는 게 아니라 온몸으로 읽는 것 같아 한번에 많이 읽을 수가 없다. 그럼에도 불구하고 끝까지 읽게되는 마법같은 소설.,
"책을 내려 놓고 통곡하길 몇번이던가..가슴이 너무 아파 한번에 다 읽지를 못했다.너무 담담하게 절제된 문장으로 써 내려간 글 때문에 더 가슴이 먹먹하고 아팠더랬다.꼭, 읽어보길.. 대한민국 사람이라면..",
"작가의 담담한 문투에 속아 담담히 읽다가, 결국 책을 내려놓고 많이 울었다. 한번 터진 눈물은 좀체로 멈추지 않아 결국 한번에 다 읽지 못하고 결국 200페이지 남짓 되는 이 얇은 책을 이틀에 나눠읽었다.",
"6장은 눈물이 나서 겨우 읽었다.역사를 잊고 있는 이들이 제발, 부디 읽어줬으면 좋겠다",
마음이 너무나 아렸습니다. 절대 잊지못할 아니 잊지말아야할 과거사. 가슴 깊이 새겨봅니다.,
모두가 읽어봐야하는 책,
"무수한 시간을 지나 차가운 강을 건너 영혼으로 남아, 소년이 온다.",
몇번이고 책을 손에 들었다 놓았다 한다너무나 읽기 힘든책이지만 고개를 돌릴수는 없는것이다,
감히 평점조차 매길 수가 없습니다. 겉으로 눈물이 흘러내리기 보단 온 마음과 온 몸으로 울게 하는 책입니다. 우리 모두가 꼭 기억해야할 소설이 아닌 과거의 아픈 기록입니다.,
자꾸 광주가 되살아 나는 느낌. 참혹하고 슬프나 잊지 말아야 할 역사가 너무나 많다.,
책장을 넘길 때마다 장면장면이 그려진다. 멋진 책.,
"임철우의 <봄날>이 고증에 중점을 두었다면, 한강의 <소년이 온다>는 문학적인 감수성까지 품은 소설이다.  우리는 진실로부터 너무 멀리왔다. 직접 겪지 않은 역사는 때로 왜곡되고 가려진다. 그래서 한강의 소설은 중요한 의미를 가진다. 고맙다. 잊지말라는 의미이다.",
과연 나는 그 때 어디서 무엇을 했는지...그들이 그렇게 스러져 갔을 때 나는 도대체 무엇이었는지...,
소설이 나온 시점이 의미심장하다. 시뻘건 폭력이 난무했던 그때와 시꺼먼 물이 덮쳐오는 지금이 별반 다를 게 없어 보인다. 소설을 통해 그때를 아주 조금이나마 경험한 느낌이다. 세월이 흘러도 잊혀서는 안 되는 역사의 한 조각이 내 안에 묵직하게 들어앉았다.,
"35년 전에, 우리나라의 한 도시에서 일어났던 이야기다. 이미 너무 많은 사람들이 알고있는..  이에 관한 수많은 소설,드라마, 영화들이 있고. 본 것보다는 안 본 것들이 더 많다.   나 역시도 그런 생각을 했었다.  너무 식상한 이야기가 아닌가, 하고.  그렇지만.. 나는, 우리는.  그 열흘동안 있었던,  먼나라 이야기같이 생각되는 그 일이. 이제는 끝나버린 옛날의 일이라고 생각하고 살고있는 것은 아닌가.  정말 그 일은 이제 끝난 일인가.책의 많은 부분을 혼자 있을 때 읽어야 했고, 계속 읽어나가는 것이 고통스러울 정도였지만. 꼭 읽어보시라고. 읽을 시간을 꼭 내어보시라고.",
힘겹게 읽엇다 글귀 하나하나 읽어나가는게 고통인ㅠㅠ 전두환 살인마를 찢어죽이자.,
많이 읽고 많이 생각해야 할 책.. 작금의 세태를 보면 더더욱이..,
새로운 것 같았지만 그다지 새롭지 않았던. 무겁지 않게 무거운 이야기를 풀어내려고 했던 것 같은데 결과적으로 이도저도 아닌게 되어버린 느낌.,
자주 울었다.,
시 쓰지 말고 소설 쓰세요. 한강님!!^^,
"습자지에 핏망울이 꽃처럼 스며드는 이야기. 새의 영혼같이 나직나직 들려주는 이 책을, 한번에 읽지 못했다. 조금씩 조금씩 읽어가며..겪어내지 못한 일에 대한 공분이나 애도는 얼마나 가벼운가, ˝대신 잘 써주셔야 합니다.제대로 써야 합니다. 아무도 내 동생을 더이상 모독할 수 없도록 써주세요",
숨죽여 조용히 마지막장을 넘기다.,
읽자마자 선물하게 됐다.,
5.18 당시에 광주에 거주하고 있었던 나로서는 이 책을 읽음으로해서 다시 당시의 암울했던 현실을 떠올리게 되었다....,
출근길에 지하철에서 숨죽여 오열하며 마지막 장을 다 읽었습니다. 고통 속에서 한 자 한 자 적어 나갔을 작가님을 위로하고 싶어집니다.,
오월이 가기 전에 되도록 많은 사람이 읽었으면 좋겠습니다.,
"사전 지식 없이 그저 ｀한강｀이라는 작가만 보고 구입해서 읽었다. 뒤통수를 맞은 기분이었다. 그저 지금은 설명할 어휘가 부족하다. 먹먹하고, 가슴아프다.",
책장을 덮었음에도 슬픔이 영원할것만 같다. 80년의 광주에서 스러져간 영혼들. 어찌어찌 살아 남았지만 여전히 그 순간의 고통에 머물러있는 사람들. 모두에게 깊게 박힌 상처들이 아파 눈물이 흐른다. 한강이라는 작가의 치밀한 구성과 묘사에 그 슬픔의 무게는 더 무거워진다.,
그냥 읽어보세요 다른 말이 필요없엉,
기다렸어요.. 한강작가님 신간,
