0,1,2
9772384289005,미스테리아 35호,미스테리아 편집부 
9772384367000,악스트 Axt 2021.7.8 - no.037,악스트 편집부 (지은이)
9772508333003,릿터 Littor 2021.6.7 - 30호,릿터 편집부 (지은이)
9772733807003,"에픽 #04 - BELOVED, 2021.7.8.9","임현, 임철홍, 에밀리 정민 윤, 이정식, 임소라, 김대성, 박하빈, 염은영, 김혜진, 도재경, 성해나, 신종원, 이미상, 의외의사실 (지은이)"
9788901166223,월든 - 시민 불복종 수록,"헨리 데이비드 소로우 (지은이), 홍지수 (옮긴이)"
9788901215907,금각사,"미시마 유키오 (지은이), 허호 (옮긴이)"
9788901248202,"그 많던 싱아는 누가 다 먹었을까 - 유년의 기억, 박완서 타계 10주기 헌정 개정판",박완서 (지은이)
9788901252278,주문을 말해 봐,최숙희 (지은이)
9788908060197,윤동주 시집,윤동주 (지은이)
9788917230505,"ETS 토익 기출 공식입문서 RC 리딩 - 출제기관 독점제공, 본책 + 해설집 + 무료 동영상강의 + 필수어휘 MP3",ETS (지은이)
9788925538297,"스토너 (초판본, 양장)","존 윌리엄스 (지은이), 김승욱 (옮긴이)"
9788925554990,스토너,"존 윌리엄스 (지은이), 김승욱 (옮긴이)"
9788925568782,"이문열 삼국지 1~10 세트 (특별 한정 보급판, 삼국지 인물도록 포함) - 전10권","이문열 (지은이), 나관중 (원작), 정문 (그림)"
9788925588377,열대,"모리미 토미히코 (지은이), 권영주 (옮긴이)"
9788925588643,앤디 위어 우주 3부작 특별 세트 - 전3권 - 친필 사인 인쇄 엽서 + 스페셜 박스 포함,"앤디 위어 (지은이), 박아람, 남명성, 강동혁 (옮긴이)"
9788925588650,마션 - 스페셜 에디션,"앤디 위어 (지은이), 박아람 (옮긴이)"
9788925588711,아르테미스 - 스페셜 에디션,"앤디 위어 (지은이), 남명성 (옮긴이)"
9788925588735,프로젝트 헤일메리,"앤디 위어 (지은이), 강동혁 (옮긴이)"
9788925588759,버닝 룸,"마이클 코널리 (지은이), 한정아 (옮긴이)"
9788925588957,범인 없는 살인의 밤,"히가시노 게이고 (지은이), 윤성원 (옮긴이)"
9788925591711,블랙 쇼맨과 이름 없는 마을의 살인,"히가시노 게이고 (지은이), 최고은 (옮긴이)"
9788926718803,인소의 법칙 16 (한정판),"유한려 (지은이), 솔 (그림)"
9788931003529,호밀밭의 파수꾼,"제롬 데이비드 샐린저 (지은이), 이덕형 (옮긴이)"
9788931003581,멋진 신세계,"올더스 헉슬리 (지은이), 이덕형 (옮긴이)"
9788931003871,파리대왕,"윌리엄 골딩 (지은이), 이덕형 (옮긴이)"
9788931007381,헤르만 헤세 시집,"헤르만 헤세 (지은이), 송영택 (옮긴이)"
9788931010831,멋진 신세계,"올더스 헉슬리 (지은이), 이덕형 (옮긴이)"
9788931021516,구토,"장 폴 사르트르 (지은이), 임호경 (옮긴이)"
9788931022087,돈키호테 1 (살바도르 달리 에디션),"미겔 데 세르반테스 사아베드라 (지은이), 김충식 (옮긴이)"
9788931022100,돈키호테 2 (살바도르 달리 에디션),"미겔 데 세르반테스 사아베드라 (지은이), 김충식 (옮긴이)"
9788932001258,이 시대의 사랑,최승자 (지은이)
9788932003979,입 속의 검은 잎,기형도 (지은이)
9788932015712,태평천하 - 채만식 장편소설,"채만식 (지은이), 이주형 (엮은이)"
9788932015972,날개 - 이상 단편선,"이상 (지은이), 김주현 (엮은이)"
9788932019758,생물성,신해욱 (지은이)
9788932023151,비행운,김애란 (지은이)
9788932024622,수학자의 아침,김소연 (지은이)
9788932024639,서랍에 저녁을 넣어 두었다,한강 (지은이)
9788932026701,왜냐하면 우리는 우리를 모르고,이제니 (지은이)
9788932027098,광장 / 구운몽,최인훈 (지은이)
9788932028422,충분하다,"비스와바 쉼보르스카 (지은이), 최성은 (옮긴이)"
9788932030395,바다는 잘 있습니다,이병률 (지은이)
9788932034942,우리가 함께 장마를 볼 수도 있겠습니다,박준 (지은이)
9788932036151,밤의 팔레트,강혜빈 (지은이)
9788932037479,당신은 언제 노래가 되지,허연 (지은이)
9788932037578,여름밤 열 시 반,"마르그리트 뒤라스 (지은이), 김석희 (옮긴이)"
9788932038230,환한 숨,조해진 (지은이)
9788932038292,도움받는 기분,백은선 (지은이)
9788932038339,소설 보다 : 봄 2021,"김멜라, 나일선, 위수정 (지은이)"
9788932038469,미기후,이민하 (지은이)
9788932038643,캐럴,이장욱 (지은이)
9788932038674,소설 보다 : 여름 2021,"서이제, 이서수, 한정현 (지은이)"
9788932038698,나비가 숨은 어린나무 - 김용택 시집,김용택 (지은이)
9788932038704,악의 꽃 (리커버),"샤를 피에르 보들레르 (지은이), 윤영애 (옮긴이)"
9788932038735,울려고 일어난 겁니다,김경후 (지은이)
9788932038766,전자 시대의 아리아,신종원 (지은이)
9788932316758,나는 고양이로소이다,"나쓰메 소세키 (지은이), 송태욱 (옮긴이)"
9788932317663,소피의 세계 (합본) - 소설로 읽는 철학,"요슈타인 가아더 (지은이), 장영은 (옮긴이)"
9788932317960,마음,"나쓰메 소세키 (지은이), 송태욱 (옮긴이)"
9788932321530,쓰는 기분,박연준 (지은이)
9788932405049,아주 편안한 죽음,"시몬 드 보부아르 (지은이), 강초롱 (옮긴이)"
9788932906744,장미의 이름 세트 - 전2권,"움베르토 에코 (지은이), 이윤기 (옮긴이)"
9788932909349,그리스인 조르바,"니코스 카잔차키스 (지은이), 이윤기 (옮긴이)"
9788932912554,시지프 신화,"알베르 카뮈 (지은이), 박언주 (옮긴이)"
9788932912721,에드거 앨런 포 단편선,"에드거 앨런 포 (지은이), 김석희 (옮긴이)"
9788932916194,창문 넘어 도망친 100세 노인,"요나스 요나손 (지은이), 임호경 (옮긴이)"
9788932917207,앵무새 죽이기,"하퍼 리 (지은이), 김욱동 (옮긴이)"
9788932917245,어린 왕자,"앙투안 드 생텍쥐페리 (지은이), 황현산 (옮긴이)"
9788932918143,동급생,"프레드 울만 (지은이), 황보석 (옮긴이)"
9788932919126,고양이 1,"베르나르 베르베르 (지은이), 전미연 (옮긴이)"
9788932919133,고양이 2,"베르나르 베르베르 (지은이), 전미연 (옮긴이)"
9788932919676,죽음 1 - 베르나르 베르베르 장편소설,"베르나르 베르베르 (지은이), 전미연 (옮긴이)"
9788932919683,죽음 2 - 베르나르 베르베르 장편소설,"베르나르 베르베르 (지은이), 전미연 (옮긴이)"
9788932920221,좀머 씨 이야기,"파트리크 쥐스킨트 (지은이), 장자크 상페 (그림), 유혜자 (옮긴이)"
9788932920238,깊이에의 강요,"파트리크 쥐스킨트 (지은이), 김인순 (옮긴이)"
9788932920290,향수,"파트리크 쥐스킨트 (지은이), 강명순 (옮긴이)"
9788932920337,기억 1,"베르나르 베르베르 (지은이), 전미연 (옮긴이)"
9788932920344,기억 2,"베르나르 베르베르 (지은이), 전미연 (옮긴이)"
9788932920405,심판,"베르나르 베르베르 (지은이), 전미연 (옮긴이)"
9788932921037,문명 1,"베르나르 베르베르 (지은이), 전미연 (옮긴이)"
9788932921044,문명 2,"베르나르 베르베르 (지은이), 전미연 (옮긴이)"
9788932921105,슈퍼히어로의 단식법,"샘 J. 밀러 (지은이), 이윤진 (옮긴이)"
9788932921143,열린책들 창립 35주년 기념 세계문학 중단편 NOON 세트 - 전10권,"앙투안 드 생텍쥐페리, 조지 오웰, 어니스트 헤밍웨이, 버지니아 울프, 오스카 와일드, 토마스 만, 알렉산드르 세르게비치 푸시킨, 표도르 도스토옙스키, 아서 코난 도일, G. K. 체스터턴 (지은이), 황현산, 박경서, 이종인, 공경희, 최애리, 홍성광, 석영중, 오숙은, 이상원 (옮긴이)"
9788932921259,열린책들 창립 35주년 기념 세계문학 중단편 MIDNIGHT 세트 - 전10권,"프란츠 카프카, 알베르 카뮈, 다자이 오사무, 에드거 앨런 포, 레프 니콜라예비치 톨스토이, 기 드 모파상, 로버트 루이스 스티븐슨, 제임스 조이스, 안톤 파블로비치 체호프, 허버트 조지 웰스 (지은이), 김예령, 김난주, 정지원, 김석희, 임미경, 조영학, 이강훈, 오종우 (옮긴이)"
9788933801840,엄마의 말뚝,박완서 (지은이)
9788933871645,명상 살인 - 죽여야 사는 변호사,"카르스텐 두세 (지은이), 박제헌 (옮긴이)"
9788934972204,여름은 오래 그곳에 남아,"마쓰이에 마사시 (지은이), 김춘미 (옮긴이)"
9788934977322,"유혹하는 글쓰기 - 스티븐 킹의 창작론, 리뉴얼판","스티븐 킹 (지은이), 김진준 (옮긴이)"
9788934980070,그러라 그래 - 10만 부 기념 한정판 에디션,양희은 (지은이)
9788934980421,우아한지 어떤지 모르는,"마쓰이에 마사시 (지은이), 권영주 (옮긴이)"
9788934989615,영매탐정 조즈카,"아이자와 사코 (지은이), 김수지 (옮긴이)"
9788934990062,우리는 모두 집으로 돌아간다,"마쓰이에 마사시 (지은이), 송태욱 (옮긴이)"
9788934992370,외로워도 외롭지 않다 - 정호승의 시가 있는 산문집,정호승 (지은이)
9788934992868,킨 (리커버 에디션),"옥타비아 버틀러 (지은이), 이수현 (옮긴이)"
9788934993537,마음의 온도는 몇 도일까요? - 그림 시집,"정여민 (지은이), 허구 (그림)"
9788934996309,창가의 토토,"구로야나기 테츠코 (지은이), 이와사키 치히로 (그림), 권남희 (옮긴이)"
9788935911387,허생전,"박지원 (지은이), 구인환 (엮은이)"
9788936424466,여름 언덕에서 배운 것,안희연 (지은이)
9788936424527,나는 천사에게 말을 배웠지 (어나더커버 에디션),정현우 (지은이)
9788936424589,"봄밤이 끝나가요, 때마침 시는 너무 짧고요",최지은 (지은이)
9788936424596,혼자의 넓이,이문재 (지은이)
9788936424602,고양이 게스트하우스 한국어,권창섭 (지은이)
9788936433598,채식주의자,한강 (지은이)
9788936433697,위저드 베이커리 - 제2회 창비 청소년문학상 수상작,구병모 (지은이)
9788936433871,두근두근 내 인생,김애란 (지은이)
9788936434120,소년이 온다,한강 (지은이)
9788936434243,피프티 피플 - 2017년 제50회 한국일보문학상 수상작,정세랑 (지은이)
9788936434267,아몬드 (양장) - 제10회 창비 청소년문학상 수상작,손원평 (지은이)
9788936434311,경애의 마음,김금희 (지은이)
9788936434427,유원 (양장),백온유 (지은이)
9788936434441,연년세세 - 황정은 연작소설,황정은 (지은이)
9788936434465,아버지에게 갔었어,신경숙 (지은이)
9788936434496,달까지 가자,장류진 (지은이)
9788936437541,디디의 우산 - 황정은 연작소설,황정은 (지은이)
9788936437978,대도시의 사랑법,박상영 (지은이)
9788936438036,일의 기쁨과 슬픔 - 장류진 소설집,장류진 (지은이)
9788936438418,우리는 페퍼로니에서 왔어,김금희 (지은이)
9788936438456,타인의 집,손원평 (지은이)
9788936443160,푸른 사자 와니니 3 - 새로운 약속,"이현 (지은이), 오윤화 (그림)"
9788936456085,완득이 - 제1회 창비 청소년문학상 수상작,김려령 (지은이)
9788936456160,위저드 베이커리 - 제2회 창비 청소년문학상 수상작,구병모 (지은이)
9788936456221,우아한 거짓말,김려령 (지은이)
9788936456955,"알로하, 나의 엄마들 (반양장)",이금이 (지은이)
9788936457037,마령의 세계,최상희 (지은이)
9788936459093,페인트 (양장),이희영 (지은이)
9788936460341,순이삼촌,현기영 (지은이)
9788936464073,이반 일리치의 죽음,"레프 니콜라예비치 톨스토이 (지은이), 이강은 (옮긴이)"
9788936471002,문장강화,"이태준 (지은이), 임형택"
9788936477820,정선 목민심서,"정약용 (지은이), 다산연구회 (엮은이)"
9788936477936,"알로하, 나의 엄마들 (양장)",이금이 (지은이)
9788936478681,수영장 도서관,"앨런 홀링허스트 (지은이), 전승희 (옮긴이)"
9788937407147,김수영 전집 1 - 시,"김수영 (지은이), 이영준 (엮은이)"
9788937408342,희지의 세계,황인찬 (지은이)
9788937409035,재와 사랑의 미래,김연덕 (지은이)
9788937409042,완벽한 개업 축하 시,강보원 (지은이)
9788937409059,백지에게,김언 (지은이)
9788937413551,지렁이 울음소리 (타계 10주기 특별판),박완서 (지은이)
9788937417566,클라라와 태양,"가즈오 이시구로 (지은이), 홍한별 (옮긴이)"
9788937420443,등대로 (리커버),"버지니아 울프 (지은이), 이미애 (옮긴이)"
9788937429569,여름의 책,"토베 얀손 (지은이), 안미란 (옮긴이)"
9788937434488,노르웨이의 숲,"무라카미 하루키 (지은이), 양억관 (옮긴이)"
9788937436666,동조자 1,"비엣 타인 응우옌 (지은이), 김희용 (옮긴이)"
9788937436673,동조자 2,"비엣 타인 응우옌 (지은이), 김희용 (옮긴이)"
9788937437564,참을 수 없는 존재의 가벼움 - 국내 출간 30주년 기념 특별판,"밀란 쿤데라 (지은이), 이재룡 (옮긴이)"
9788937443848,이방인,"알베르 카뮈 (지은이), 김화영 (옮긴이)"
9788937444357,남아 있는 나날,"가즈오 이시구로 (지은이), 송은경 (옮긴이)"
9788937444371,나를 보내지 마,"가즈오 이시구로 (지은이), 김남주 (옮긴이)"
9788937444470,레 미제라블 (합본 특별판),"빅토르 위고 (지은이), 정기수 (옮긴이)"
9788937460036,햄릿,"윌리엄 셰익스피어 (지은이), 최종철 (옮긴이)"
9788937460043,변신.시골의사,"프란츠 카프카 (지은이), 전영애 (옮긴이)"
9788937460050,동물농장,"조지 오웰 (지은이), 도정일 (옮긴이)"
9788937460197,파리대왕,"윌리엄 골딩 (지은이), 유종호 (옮긴이)"
9788937460210,파우스트 1,"요한 볼프강 폰 괴테 (지은이), 정서웅 (옮긴이)"
9788937460258,젊은 베르테르의 슬픔,"요한 볼프강 폰 괴테 (지은이), 박찬기 (옮긴이)"
9788937460340,백년의 고독 1,"가브리엘 가르시아 마르케스 (지은이), 조구호 (옮긴이)"
9788937460364,마담 보바리,"귀스타브 플로베르 (지은이), 김화영 (옮긴이)"
9788937460388,달과 6펜스,"서머싯 몸 (지은이), 송무 (옮긴이)"
9788937460432,고도를 기다리며,"사뮈엘 베케트 (지은이), 오증자 (옮긴이)"
9788937460449,데미안,"헤르만 헤세 (지은이), 전영애 (옮긴이)"
9788937460463,카탈로니아 찬가,"조지 오웰 (지은이), 정영목 (옮긴이)"
9788937460470,호밀밭의 파수꾼,"제롬 데이비드 샐린저 (지은이), 공경희 (옮긴이)"
9788937460500,수레바퀴 아래서,"헤르만 헤세 (지은이), 김이섭 (옮긴이)"
9788937460586,싯다르타,"헤르만 헤세 (지은이), 박병덕 (옮긴이)"
9788937460616,설국,"가와바타 야스나리 (지은이), 유숙자 (옮긴이)"
9788937460661,나르치스와 골드문트,"헤르만 헤세 (지은이), 임홍배 (옮긴이)"
9788937460708,체호프 단편선,"안톤 파블로비치 체호프 (지은이), 박현섭 (옮긴이)"
9788937460753,위대한 개츠비,"F. 스콧 피츠제럴드 (지은이), 김욱동 (옮긴이)"
9788937460777,1984,"조지 오웰 (지은이), 정회성 (옮긴이)"
9788937460883,오만과 편견,"제인 오스틴 (지은이), 윤지관, 전승희 (옮긴이)"
9788937460944,차라투스트라는 이렇게 말했다,"프리드리히 니체 (지은이), 장희창 (옮긴이)"
9788937460999,맥베스,"윌리엄 셰익스피어 (지은이), 최종철 (옮긴이)"
9788937461033,인간 실격,"다자이 오사무 (지은이), 김춘미 (옮긴이)"
9788937461095,제인 에어 1,"샬럿 브론테 (지은이), 유종호 (옮긴이)"
9788937461187,폭풍의 언덕,"에밀리 브론테 (지은이), 김종길 (옮긴이)"
9788937461446,연인,"마르그리트 뒤라스 (지은이), 김인환 (옮긴이)"
9788937461491,무진기행,김승옥 (지은이)
9788937461699,포스트맨은 벨을 두번 울린다,"제임스 M. 케인 (지은이), 이만식 (옮긴이)"
9788937461798,브람스를 좋아하세요...,"프랑수아즈 사강 (지은이), 김남주 (옮긴이)"
9788937461897,말,"장 폴 사르트르 (지은이), 정명환 (옮긴이)"
9788937462122,위대한 유산 1,"찰스 디킨스 (지은이), 이인규 (옮긴이)"
9788937462177,오이디푸스 왕,"소포클레스 (지은이), 강대진 (옮긴이)"
9788937462344,참을 수 없는 존재의 가벼움,"밀란 쿤데라 (지은이), 이재룡 (옮긴이)"
9788937462627,베니스의 상인,"윌리엄 셰익스피어 (지은이), 최종철 (옮긴이)"
9788937462672,페스트,"알베르 카뮈 (지은이), 김화영 (옮긴이)"
9788937462733,유리알 유희 1,"헤르만 헤세 (지은이), 이영임 (옮긴이)"
9788937462757,픽션들,"호르헤 루이스 보르헤스 (지은이), 송병선 (옮긴이)"
9788937462788,노인과 바다,"어니스트 헤밍웨이 (지은이), 김욱동 (옮긴이)"
9788937462849,죄와 벌 1,"표도르 도스토예프스키 (지은이), 김연경 (옮긴이)"
9788937462863,시련,"아서 밀러 (지은이), 최영 (옮긴이)"
9788937463266,라쇼몬,"아쿠타가와 류노스케 (지은이), 서은혜 (옮긴이)"
9788937463402,운명,"임레 케르테스 (지은이), 유진일 (옮긴이)"
9788937463594,사양,"다자이 오사무 (지은이), 유숙자 (옮긴이)"
9788937463679,이선 프롬,"이디스 워튼 (지은이), 김욱동 (옮긴이)"
9788937463686,여름,"이디스 워튼 (지은이), 김욱동 (옮긴이)"
9788937463693,나는 고백한다 1,"자우메 카브레 (지은이), 권가람 (옮긴이)"
9788937463716,나는 고백한다 3,"자우메 카브레 (지은이), 권가람 (옮긴이)"
9788937463785,핏빛 자오선,"코맥 매카시 (지은이), 김시현 (옮긴이)"
9788937463792,모두 다 예쁜 말들,"코맥 매카시 (지은이), 김시현 (옮긴이)"
9788937463808,국경을 넘어,"코맥 매카시 (지은이), 김시현 (옮긴이)"
9788937463815,평원의 도시들,"코맥 매카시 (지은이), 김시현 (옮긴이)"
9788937463822,만년,"다자이 오사무 (지은이), 유숙자 (옮긴이)"
9788937463839,반항하는 인간,"알베르 카뮈 (지은이), 김화영 (옮긴이)"
9788937472060,우리가 쓴 것,조남주 (지은이)
9788937473036,밤의 여행자들,윤고은 (지은이)
9788937473098,보건교사 안은영,정세랑 (지은이)
9788937473135,82년생 김지영,조남주 (지은이)
9788937473166,해가 지는 곳으로,최진영 (지은이)
9788937473319,스노볼 드라이브,조예은 (지은이)
9788937475306,셰익스피어 소네트,"윌리엄 셰익스피어 (지은이), 피천득 (옮긴이)"
9788937479793,내 이름은 빨강 1,"오르한 파묵 (지은이), 이난아 (옮긴이)"
9788937479953,보건교사 안은영 (특별판),정세랑 (지은이)
9788937485619,잃어버린 시간을 찾아서 1 - 스완네 집 쪽으로 1,"마르셀 프루스트 (지은이), 김희영 (옮긴이)"
9788937485626,잃어버린 시간을 찾아서 2 - 스완네 집 쪽으로 2,"마르셀 프루스트 (지은이), 김희영 (옮긴이)"
9788937486067,카라마조프 가의 형제들 세트 - 전3권,"표도르 도스토옙스키 (지은이), 김연경 (옮긴이)"
9788937486074,안나 카레니나 세트 - 전3권,"레프 톨스토이 (지은이), 연진희 (옮긴이)"
9788937486111,셰익스피어 4대 비극 세트 : 햄릿.오셀로.맥베스.리어 왕 - 전4권,"윌리엄 셰익스피어 (지은이), 최종철 (옮긴이)"
9788937488061,신곡 세트 - 전3권,"단테 알리기에리 (지은이), 윌리엄 블레이크 (그림), 박상진 (옮긴이)"
9788937489105,불온한 검은 피,허연 (지은이)
9788937830891,밤의 피크닉,"온다 리쿠 (지은이), 권남희 (옮긴이)"
9788937832611,헝거 게임,"수잔 콜린스 (지은이), 이원열 (옮긴이)"
9788938201010,그리고 아무도 없었다,"애거서 크리스티 (지은이), 이가형 (옮긴이)"
9788947547284,얼굴 없는 살인자,"스테판 안헴 (지은이), 김소정 (옮긴이)"
9788947547345,편지의 심판,"스테판 안헴 (지은이), 김소정 (옮긴이)"
9788949140490,"모모 (블랙 에디션, 양장 특별판)","미하엘 엔데 (지은이), 한미희 (옮긴이)"
9788949161969,한밤중 달빛 식당 - 제7회 비룡소 문학상 수상작,"이분희 (지은이), 윤태규 (그림)"
9788949170602,끝없는 이야기,"미하엘 엔데 (지은이), 로즈비타 콰드플리크 (그림), 허수경 (옮긴이)"
9788949190020,모모,"미하엘 엔데 (지은이), 한미희 (옮긴이)"
9788950971571,그리스 로마 신화 22 : 헤라클레스의 열두 과업,"박시연 (지은이), 최우빈 (그림), 김헌 (감수)"
9788950975616,결정판 아르센 뤼팽 전집 1,"모리스 르블랑 (지은이), 성귀수 (옮긴이)"
9788950976705,슬픔이여 안녕,"프랑수아즈 사강 (지은이), 김남주 (옮긴이)"
9788950992521,호빗,"존 로날드 로웰 톨킨 (지은이), 이미애 (옮긴이)"
9788950993283,반지의 제왕 1~3 + 호빗 세트 - 전4권,"존 로날드 로웰 톨킨 (지은이), 김보원, 김번, 이미애 (옮긴이)"
9788950995546,시시리바의 집,"사와무라 이치 (지은이), 이선희 (옮긴이)"
9788950996208,돈의 흐름 - 돈의 길목을 지키는 부자들의 투자전략 8,전인구 (지은이)
9788952227829,미 비포 유,"조조 모예스 (지은이), 김선형 (옮긴이)"
9788952240569,가재가 노래하는 곳,"델리아 오언스 (지은이), 김선형 (옮긴이)"
9788952775184,앨리스 죽이기,"고바야시 야스미 (지은이), 김은모 (옮긴이)"
9788952776044,살육에 이르는 병,"아비코 다케마루 (지은이), 권일영 (옮긴이)"
9788952782076,사서함 110호의 우편물,이도우 (지은이)
9788952790620,인간 실격 - 다자이 오사무 사후 70주년 특별판,"다자이 오사무 (지은이), 양윤옥 (옮긴이)"
9788952791160,날씨가 좋으면 찾아가겠어요,이도우 (지은이)
9788952795113,루미 시집,"잘랄 아드딘 무하마드 루미 (지은이), 정제희 (옮긴이)"
9788954600200,변신,"프란츠 카프카 (지은이), 루이스 스카파티 (그림), 이재황 (옮긴이)"
9788954603096,어린 왕자,"앙투안 드 생텍쥐페리 (지은이), 김화영 (옮긴이)"
9788954605908,로드,"코맥 매카시 (지은이), 정영목 (옮긴이)"
9788954606417,개밥바라기별,황석영 (지은이)
9788954607346,책과 노니는 집 - 제9회 문학동네어린이문학상 대상 수상작,"이영서 (지은이), 김동성 (그림)"
9788954608640,1Q84 1 - 4月-6月,"무라카미 하루키 (지은이), 양윤옥 (옮긴이)"
9788954608831,에브리맨,"필립 로스 (지은이), 정영목 (옮긴이)"
9788954609128,가면의 고백 (무선),"미시마 유키오 (지은이), 양윤옥 (옮긴이)"
9788954611152,올리브 키터리지,"엘리자베스 스트라우트 (지은이), 권상미 (옮긴이)"
9788954611770,"나는 나를 파괴할 권리가 있다 - 제1회 문학동네신인작가상 수상작, 3판",김영하 (지은이)
9788954613651,"새의 선물 - 제1회 문학동네소설상 수상작, 개정판",은희경 (지은이)
9788954613729,울분,"필립 로스 (지은이), 정영목 (옮긴이)"
9788954614443,필경사 바틀비,"허먼 멜빌 (지은이), 하비에르 사발라 (그림), 공진호 (옮긴이)"
9788954617246,칼의 노래,김훈 (지은이)
9788954618373,프랑켄슈타인 (무선),"메리 셸리 (지은이), 김선형 (옮긴이)"
9788954619578,당신의 이름을 지어다가 며칠은 먹었다,박준 (지은이)
9788954620703,롤리타 (10주년 기념 리커버 특별판),"블라디미르 나보코프 (지은이), 김진준 (옮긴이)"
9788954622615,빙과,"요네자와 호노부 (지은이), 권영주 (옮긴이)"
9788954623377,"새의 선물 - 제1회 문학동네소설상 수상작, 은희경 장편소설",은희경 (지은이)
9788954624862,대성당 (무선) - 개정판,"레이먼드 카버 (지은이), 김연수 (옮긴이)"
9788954636858,최선의 삶 - 제4회 문학동네 대학소설상 수상작,임솔아 (지은이)
9788954638890,페스트 (무선),"알베르 카뮈 (지은이), 유호식 (옮긴이)"
9788954639651,페스트 (리커버 특별판),"알베르 카뮈 (지은이), 유호식 (옮긴이)"
9788954639682,처럼 - 시로 만나는 윤동주,김응교 (지은이)
9788954640312,햄릿 (무선),"윌리엄 셰익스피어 (지은이), 이경식 (옮긴이)"
9788954641548,너무 시끄러운 고독,"보후밀 흐라발 (지은이), 이창실 (옮긴이)"
9788954641630,쇼코의 미소,최은영 (지은이)
9788954642651,여름철 한정 트로피컬 파르페 사건,"요네자와 호노부 (지은이), 김선영 (옮긴이)"
9788954643306,아무도 아닌 (리커버),황정은 (지은이)
9788954644938,제5도살장 (리커버 에디션),"커트 보니것 (지은이), 정영목 (옮긴이)"
9788954645621,지구만큼 슬펐다고 한다,신철규 (지은이)
9788954646079,바깥은 여름,김애란 (지은이)
9788954648325,오만과 편견,"제인 오스틴 (지은이), 류경희 (옮긴이)"
9788954648677,고양이 요람 (리커버 에디션),"커트 보니것 (지은이), 김송현정 (옮긴이)"
9788954649223,너의 아름다움이 온통 글이 될까봐 - 문학동네시인선 100 기념 티저 시집,"서정학, 심재휘, 유강희, 유종인, 이용한, 장석주, 홍일표, 황규관, 김참, 문태준, 김형수, 유용주, 정채원, 이병률, 김언, 손택수, 신용목, 진수미, 이재훈, 김원경, 한영옥, 송승환, 김경인, 김박은경, 서효인, 배영옥, 박세미, 심지현, 최현우, 김해준, 권민경, 유계영, 서윤후, 박희수, 전영관, 이다희, 주민현, 김정진, 홍지호, 김향지, 김재훈, 남지은, 오병량, 이수정, 장수양, 채길우, 최예슬, 고은강, 황유원, 구현우 (지은이)"
9788954651820,내게 무해한 사람,최은영 (지은이)
9788954656160,빛과 물질에 관한 이론,"앤드루 포터 (지은이), 김이선 (옮긴이)"
9788954657235,모비 딕 1,"허먼 멜빌 (지은이), 황유원 (옮긴이)"
9788954657242,모비 딕 2,"허먼 멜빌 (지은이), 황유원 (옮긴이)"
9788954657556,룬의 아이들 - 블러디드 2,전민희 (지은이)
9788954660013,안나 카레니나 (10주년 기념 리커버 특별판),"레프 니콜라예비치 톨스토이 (지은이), 박형규 (옮긴이)"
9788954670319,정본 백석 시집 - 개정판,"백석 (지은이), 고형진 (엮은이)"
9788954670500,후르츠 캔디 버스 - 개정판,박상수 (지은이)
9788954672177,일부러 틀리게 진심으로,김경인 (지은이)
9788954672214,"시선으로부터,",정세랑 (지은이)
9788954672221,화이트 호스,강화길 (지은이)
9788954672771,일곱 해의 마지막,김연수 (지은이)
9788954673105,여름의 빌라,백수린 (지은이)
9788954673907,바람의 그림자 (합본 특별판),"카를로스 루이스 사폰 (지은이), 정동섭 (옮긴이)"
9788954674201,이별이 오늘 만나자고 한다,이병률 (지은이)
9788954674553,"언니의 나라에선 누구도 시들지 않기 때문,",김희준 (지은이)
9788954674621,룬의 아이들 - 블러디드 3,전민희 (지은이)
9788954675574,사랑이 한 일,이승우 (지은이)
9788954675604,세계를 건너 너에게 갈게 (양장),이꽃님 (지은이)
9788954675987,일인칭 단수,"무라카미 하루키 (지은이), 홍은주 (옮긴이)"
9788954676236,당신은 첫눈입니까,이규리 (지은이)
9788954677516,타타르인의 사막,"디노 부차티 (지은이), 한리나 (옮긴이)"
9788954677608,어쩌면 스무 번,편혜영 (지은이)
9788954678148,모든 비밀에는 이름이 있다,서미애 (지은이)
9788954678407,2021 제12회 젊은작가상 수상작품집,"전하영, 김멜라, 김지연, 김혜진, 박서련, 서이제, 한정현 (지은이)"
9788954678674,미래 산책 연습,박솔뫼 (지은이)
9788954678766,룬의 아이들 - 블러디드 4,전민희 (지은이)
9788954678995,연금술사 (100쇄 기념 스페셜 에디션),"파울로 코엘료 (지은이), 최정수 (옮긴이)"
9788954679190,무한한 밤 홀로 미러볼 켜네,서윤후 (지은이)
9788954679336,마안갑의 살인,"이마무라 마사히로 (지은이), 김은모 (옮긴이)"
9788954679572,너에게 속한 것,"가스 그린웰 (지은이), 강동혁 (옮긴이)"
9788954679732,술과 바닐라,정한아 (지은이)
9788954679749,펠리시아의 여정,"윌리엄 트레버 (지은이), 박찬원 (옮긴이)"
9788954679923,"우리, 이토록 작은 존재들을 위하여","사샤 세이건 (지은이), 홍한별 (옮긴이)"
9788954679930,눈으로 만든 사람,최은미 (지은이)
9788954679947,낮술,"하라다 히카 (지은이), 김영주 (옮긴이)"
9788954680066,월요일은 슬프다,전남진 (지은이)
9788954680134,영혼의 미로 1,"카를로스 루이스 사폰 (지은이), 엄지영 (옮긴이)"
9788954680141,영혼의 미로 2,"카를로스 루이스 사폰 (지은이), 엄지영 (옮긴이)"
9788954680196,1의 비극 - 노리즈키 린타로 장편소설,"노리즈키 린타로 (지은이), 이기웅 (옮긴이)"
9788954680202,날씨와 사랑,장은진 (지은이)
9788954680356,60개의 이야기,"디노 부차티 (지은이), 김희정 (옮긴이)"
9788954680394,요네자와 호노부와 고전부,"요네자와 호노부 (지은이), 김선영 (옮긴이)"
9788954680400,에세이스트의 책상,배수아 (지은이)
9788954680424,부주의한 사랑,배수아 (지은이)
9788954680431,푸른 사과가 있는 국도,배수아 (지은이)
9788954680615,발이 없는 나의 여인은 노래한다,장혜령 (지은이)
9788954680691,날마다 만우절,윤성희 (지은이)
9788954680844,시론,정끝별 (지은이)
9788954681155,홍학의 자리,정해연 (지은이)
9788954681179,밝은 밤,최은영 (지은이)
9788954681230,녹색 커튼으로,강희영 (지은이)
9788954681650,패싱,"넬라 라슨 (지은이), 박경희 (옮긴이)"
9788955617412,환상의 빛,"미야모토 테루 (지은이), 송태욱 (옮긴이)"
9788955824957,내 영혼이 따뜻했던 날들,"포리스트 카터 (지은이), 조경숙 (옮긴이)"
9788956057842,당신 인생의 이야기,"테드 창 (지은이), 김상훈 (옮긴이)"
9788956253534,남한산성 - 개정판,"김훈 (지은이), 문봉선 (그림)"
9788956601021,공중그네 (리커버 특별판),"오쿠다 히데오 (지은이), 이영미 (옮긴이)"
9788956602998,내 심장을 쏴라 (리커버 특별판) - 2009년 제5회 세계문학상 수상작,정유정 (지은이)
9788956604992,7년의 밤,정유정 (지은이)
9788956607030,28 - 정유정 장편소설,정유정 (지은이)
9788956608556,구의 증명,최진영 (지은이)
9788956609959,종의 기원,정유정 (지은이)
9788958283508,오이대왕,"크리스티네 뇌스틀링거 (지은이), 유혜자 (옮긴이)"
9788959139309,어쩌면 별들이 너의 슬픔을 가져갈지도 몰라 - 김용택의 꼭 한번 필사하고 싶은 시,김용택 (지은이)
9788960174191,제노사이드,"다카노 가즈아키 (지은이), 김수영 (옮긴이)"
9788960177758,그리고 아무도 없었다 - 애거서 크리스티 재단 공식 완역본,"애거사 크리스티 (지은이), 김남주 (옮긴이)"
9788960177765,"오리엔트 특급 살인 - 영화 오리엔트 특급 살인 원작 소설, 공식 출판작, 애거서 크리스티 재단 공식 완역본","애거사 크리스티 (지은이), 신영희 (옮긴이)"
9788960304482,단테의 신곡 - 영원의 구원을 노래한 불멸의 고전,"단테 알리기에리 (지은이), 다니구치 에리야 (엮은이), 구스타브 도레 (그림), 양억관 (옮긴이)"
9788960498921,뉴스 영어의 결정적 표현들,박종홍 (지은이)
9788960698321,성인간호학 Ⅰ - 간호과학의 임상적용을 위한,이영휘 (지은이)
9788960776654,레디 플레이어 원 - 2045년 가상현실 오아시스 게임에 숨겨진 세 가지 열쇠를 찾아서,"어니스트 클라인 (지은이), 전정순 (옮긴이)"
9788960906518,천 개의 아침,"메리 올리버 (지은이), 민승남 (옮긴이)"
9788960906815,폴 발레리의 문장들,"폴 발레리 (지은이), 백선희 (옮긴이)"
9788961559065,이상한 나라의 앨리스,"루이스 캐럴 (지은이), 살구(Salgoo) (그림), 보탬 (옮긴이)"
9788961708326,시간의 의미 - Bible+Drawings,"크빈트 부흐홀츠 (지은이), 염정용 (옮긴이)"
9788963717555,김보영의 스텔라 오디세이 트릴로지 세트 - 전3권 - Stellar Odyssey Trilogy,김보영 (지은이)
9788963717562,당신을 기다리고 있어,김보영 (지은이)
9788963717586,미래로 가는 사람들,김보영 (지은이)
9788964361948,어린 왕자,"앙투안 드 생텍쥐페리 (지은이), 고종석 (옮긴이)"
9788964373798,알고 싶지 않은 마음 - 탈진실 시대 무지의 전략들,"레나타 살레츨 (지은이), 정영목 (옮긴이)"
9788965423737,해커스 토익 실전 1200제 READING - 최근 12개월 출제경향 완벽 반영 | 실제 토익시험 난이도 반영한 최신 문제집+해설집으로 최단기 목표 점수 달성 | 취약 유형 심층 분석 무료 제공,해커스어학연구소 (지은이)
9788965424291,10일 만에 끝내는 해커스 토익스피킹(토스) Level. 7·8 - 2021. 08 최신 개정 시험 완벽 반영ㅣ만능 답변 템플릿으로 10일 만에 토스 고득점 달성ㅣ무료 MP3 + 무료 온라인 실전모의고사 제공,해커스어학연구소 (엮은이)
9788965820475,"한국단편소설 40 - 중고생이 꼭 읽어야 할, ‘인물 관계도’ 수록, 개정증보판","계용묵, 김동인, 김유정, 나도향, 염상섭, 이태준, 주요섭, 채만식, 최서해, 현진건, 전영택 (지은이), 성낙수, 박찬영, 김형주 (엮은이)"
9788965880776,"운수 좋은 날 「현진건」 - 운수 좋은 날, 빈처, 고향, 술 권하는 사회","현진건 (지은이), 김준우 (엮은이), 이경하 (그림)"
9788966263158,가상 면접 사례로 배우는 대규모 시스템 설계 기초,"알렉스 쉬 (지은이), 이병준 (옮긴이)"
9788966551385,새들은 날기 위해 울음마저 버린다,김용만 (지은이)
9788968332883,스토리텔링 바이블 - 작가라면 알아야 할 이야기 창작 완벽 가이드,"대니얼 조슈아 루빈 (지은이), 이한이 (옮긴이)"
9788968333149,드라큘라,"브램 스토커 (지은이), 김하나 (옮긴이)"
9788970123691,상실의 시대,"무라카미 하루키 (지은이), 유유정 (옮긴이)"
9788970124841,마음의 부력 - 2021년 제44회 이상문학상 작품집,"이승우, 박형서, 윤성희, 장은진, 천운영, 한지수 (지은이)"
9788970127248,"총 균 쇠 (반양장) - 무기.병균.금속은 인류의 운명을 어떻게 바꿨는가, 개정증보판","재레드 다이아몬드 (지은이), 김진준 (옮긴이)"
9788970128313,댄스 댄스 댄스 - 상 - 개정판,"무라카미 하루키 (지은이), 유유정 (옮긴이)"
9788970128320,댄스 댄스 댄스 - 하 - 개정판,"무라카미 하루키 (지은이), 유유정 (옮긴이)"
9788970128337,달리기를 말할 때 내가 하고 싶은 이야기,"무라카미 하루키 (지은이), 임홍빈 (옮긴이)"
9788970129815,파친코 1,"이민진 (지은이), 이미정 (옮긴이)"
9788970129822,파친코 2,"이민진 (지은이), 이미정 (옮긴이)"
9788970131078,결혼.여름,"알베르 카뮈 (지은이), 김화영 (옮긴이)"
9788970638331,지금 알고 있는 걸 그때도 알았더라면 - 잠언 시집,류시화 (엮은이)
9788970750019,스노 크래시 1 - 메타버스의 시대,"닐 스티븐슨 (지은이), 남명성 (옮긴이)"
9788970750026,스노 크래시 2 - 메타버스의 시대,"닐 스티븐슨 (지은이), 남명성 (옮긴이)"
9788971847251,인생,"위화 (지은이), 백원담 (옮긴이)"
9788971849149,동물 농장,"조지 오웰 (지은이), 김욱동 (옮긴이)"
9788971994542,옛편지 낱말사전 - 선인들의 간찰 읽기,"전송열, 이대형, 임재완, 하영휘, 제송희, 윤성훈, 박형우 (엮은이)"
9788972750031,악의,"히가시노 게이고 (지은이), 양윤옥 (옮긴이)"
9788972754824,연을 쫓는 아이,"할레드 호세이니 (지은이), 왕은철 (옮긴이)"
9788972755111,프란츠 카프카,"프란츠 카프카 (지은이), 박병덕 (옮긴이)"
9788972756194,나미야 잡화점의 기적,"히가시노 게이고 (지은이), 양윤옥 (옮긴이)"
9788972757085,박사가 사랑한 수식,"오가와 요코 (지은이), 김난주 (옮긴이)"
9788972757573,라플라스의 마녀,"히가시노 게이고 (지은이), 양윤옥 (옮긴이)"
9788972757962,한 명,김숨 (지은이)
9788972758532,스타니스와프 렘 - 미래학 학회 외 14편,"스타니스와프 렘 (지은이), 이지원, 정보라 (옮긴이)"
9788972758945,모스크바의 신사,"에이모 토울스 (지은이), 서창렬 (옮긴이)"
9788972883906,모비 딕,"허먼 멜빌 (지은이), 김석희 (옮긴이)"
9788972914679,침묵의 세계 - 개정3판,"막스 피카르트 (지은이), 최승자 (옮긴이)"
9788972915744,존재의 세 가지 거짓말 - 3권 합본 개역판,"아고타 크리스토프 (지은이), 용경식 (옮긴이)"
9788972976196,나의 라임 오렌지나무,"J.M. 바스콘셀로스 (지은이), 박동원 (옮긴이)"
9788973374939,눈먼 자들의 도시 (100쇄 기념 에디션),"주제 사라마구 (지은이), 정영목 (옮긴이)"
9788973814725,멋진 신세계,"올더스 헉슬리 (지은이), 안정효 (옮긴이)"
9788974431143,나무를 심은 사람 - 개정2판,"장 지오노 (지은이), 최수연 (그림), 김경온 (옮긴이)"
9788974564698,"생의 이면 - 1993 제1회 대산문학상 수상작, 개정판",이승우 (지은이)
9788974744052,인간의 마음을 사로잡는 스무 가지 플롯,"로널드 B. 토비아스 (지은이), 김석만 (옮긴이)"
9788982182792,통영,반수연 (지은이)
9788982731082,애거서 크리스티 에디터스 초이스 세트 - 전10권 - 애거서 크리스티 재단 공식 완역본,"애거사 크리스티 (지은이), 이은선, 김남주, 이선주, 신영희, 권도희, 원은주, 박선영 (옮긴이)"
9788982734083,셜록 홈즈 전집 양장 세트 - 전9권 (2판) - 일러스트 500여 컷 수록,"아서 코난 도일 (지은이), 백영미 (옮긴이)"
9788982735738,눈물을 마시는 새 세트 - 전4권 (양장),이영도 (지은이)
9788982814471,연금술사,"파울로 코엘료 (지은이), 최정수 (옮긴이)"
9788982816635,자기 앞의 생,"에밀 아자르 (지은이), 용경식 (옮긴이)"
9788983927620,해리 포터와 마법사의 돌 1 (무선),"J.K. 롤링 (지은이), 강동혁 (옮긴이)"
9788983927637,해리 포터와 마법사의 돌 2 (무선),"J.K. 롤링 (지은이), 강동혁 (옮긴이)"
9788983927644,해리 포터와 비밀의 방 1 (무선),"J.K. 롤링 (지은이), 강동혁 (옮긴이)"
9788983927651,해리 포터와 비밀의 방 2 (무선),"J.K. 롤링 (지은이), 강동혁 (옮긴이)"
9788983927668,해리 포터와 아즈카반의 죄수 1 (무선),"J.K. 롤링 (지은이), 강동혁 (옮긴이)"
9788983927675,해리 포터와 아즈카반의 죄수 2 (무선),"J.K. 롤링 (지은이), 강동혁 (옮긴이)"
9788983927682,해리 포터와 불의 잔 1 (무선),"J.K. 롤링 (지은이), 강동혁 (옮긴이)"
9788983927712,해리 포터와 불의 잔 4 (무선),"J.K. 롤링 (지은이), 강동혁 (옮긴이)"
9788983927729,해리 포터 시리즈 1~4편 박스 세트 - 전10권 (무선) - 해리 포터와 아즈카반의 죄수 1~2 + 해리 포터와 불의 잔 1~4 + 해리 포터와 마법사의 돌 1~2 + 해리 포터와 비밀의 방 1~2,"J.K. 롤링 (지은이), 강동혁 (옮긴이)"
9788983927743,해리 포터 : 마법사의 돌 (양장),"J.K. 롤링 (지은이), 강동혁 (옮긴이)"
9788983927750,해리 포터와 비밀의 방 (양장),"J.K. 롤링 (지은이), 강동혁 (옮긴이)"
9788983927767,해리 포터와 아즈카반의 죄수 (양장),"J.K. 롤링 (지은이), 강동혁 (옮긴이)"
9788983927774,해리 포터와 불의 잔 1 (양장),"J.K. 롤링 (지은이), 강동혁 (옮긴이)"
9788983927781,해리 포터와 불의 잔 2 (양장),"J.K. 롤링 (지은이), 강동혁 (옮긴이)"
9788983927958,해리 포터와 혼혈왕자 1 (무선),"J.K. 롤링 (지은이), 강동혁 (옮긴이)"
9788983927989,해리 포터와 혼혈왕자 4 (무선),"J.K. 롤링 (지은이), 강동혁 (옮긴이)"
9788983928030,해리 포터와 죽음의 성물 1 (무선),"J.K. 롤링 (지은이), 강동혁 (옮긴이)"
9788983928061,해리 포터와 죽음의 성물 4 (무선),"J.K. 롤링 (지은이), 강동혁 (옮긴이)"
9788983928092,해리 포터 시리즈 5~7편 박스 세트 - 전13권 (무선) - 해리 포터와 불사조 기사단 1~5 + 해리 포터와 혼혈왕자 1~4 + 해리 포터와 죽음의 성물 1~4,"J.K. 롤링 (지은이), 강동혁 (옮긴이)"
9788983928207,해리 포터와 마법사의 돌 (미나리마 에디션),"J.K. 롤링 (지은이), 미나리마 (그림), 강동혁 (옮긴이)"
9788983949165,키오스크 - 2021년 피터 팬 상 수상작,"아네테 멜레세 (지은이), 김서정 (옮긴이)"
9788984374256,하늘은 어디에나 있어,"잰디 넬슨 (지은이), 이민희 (옮긴이)"
9788984374270,사랑하는 아이,"로미 하우스만 (지은이), 송경은 (옮긴이)"
9788985712682,연어,안도현 (지은이)
9788986836240,왜 나는 너를 사랑하는가 (양장),"알랭 드 보통 (지은이), 정영목 (옮긴이)"
9788986836745,진범인,"쇼다 간 (지은이), 홍미화 (옮긴이)"
9788988027400,죽은 시인의 사회,"N.H 클라인바움 (지은이), 한은주 (옮긴이)"
9788988996850,리어 왕,"윌리엄 셰익스피어 (지은이), 김정환 (옮긴이)"
9788990982575,가면 산장 살인 사건,"히가시노 게이고 (지은이), 김난주 (옮긴이)"
9788990982704,용의자 X의 헌신 - 제134회 나오키상 수상작,"히가시노 게이고 (지은이), 양억관 (옮긴이)"
9788991290150,오뒷세이아 - 그리스어 원전 번역,"호메로스 (지은이), 천병희 (옮긴이)"
9788991290167,일리아스,"호메로스 (지은이), 천병희 (옮긴이)"
9788991918221,양반전.허생전 외,박지원 (지은이)
9788992036962,고백,"미나토 가나에 (지은이), 김선영 (옮긴이)"
9788993094435,안드로이드는 전기양의 꿈을 꾸는가?,"필립 K. 딕 (지은이), 박중서 (옮긴이)"
9788994006987,박민규 : 그렇습니까? 기린입니다 Is That So? I’m A Giraffe,"박민규 (지은이), 김소라 (옮긴이), 전승희 (감수)"
9788994077468,아름다운 아이,"R. J. 팔라시오 (지은이), 천미나 (옮긴이)"
9788995151204,난장이가 쏘아올린 작은 공,조세희 (지은이)
9788995501474,사랑하라 한번도 상처받지 않은 것처럼,류시화 (엮은이)
9788995772423,"어린 왕자 - 세상에서 가장 아름다운 이야기, 불한 완역판, 개정판","앙투안 드 생텍쥐페리 (지은이), 김민지 (그림), 김미성 (옮긴이)"
9788996257554,마음의 비율,김승연 (지은이)
9788997962129,망원동 브라더스 - 2013년 제9회 세계문학상 우수상 수상작,김호연 (지은이)
9788998046682,"초판본 하늘과 바람과 별과 詩 - 윤동주 유고시집, 1955년 10주기 기념 증보판",윤동주 (지은이)
9788998274412,루팡의 딸,"요코제키 다이 (지은이), 최재호 (옮긴이)"
9788998274795,돌이킬 수 없는 약속,"야쿠마루 가쿠 (지은이), 김성미 (옮긴이)"
9788998274931,봉제인형 살인사건,"다니엘 콜 (지은이), 유혜인 (옮긴이)"
9788998441005,원미동 사람들,양귀자 (지은이)
9788998441012,모순 - 개정판,양귀자 (지은이)
9788998441074,나는 소망한다 내게 금지된 것을,양귀자 (지은이)
9791104911507,옷소매 붉은 끝동 세트 - 전2권,강미강 (지은이)
9791104923586,천잠비룡포 15,한백림 (지은이)
9791126449545,시맨틱 에러 세트 - 전2권 - 완결,저수리 (지은이)
9791126452217,악역의 엔딩은 죽음뿐 1,권겨을 (지은이)
9791127844745,너는 달밤에 빛나고,"사노 테츠야 (지은이), 박정원 (옮긴이)"
9791127851446,마도조사 1,"묵향동후 (지은이), 이현아 (옮긴이)"
9791127853686,마도조사 4,"묵향동후 (지은이), 이현아 (옮긴이)"
9791127855758,청춘 돼지는 방황하는 가수의 꿈을 꾸지 않는다 - L Novel,"카모시다 하지메 (지은이), 이승원 (옮긴이), 미조구치 케이지 (일러스트)"
9791127858476,달이 이끄는 이세계 여행 10 - L Novel,"아즈미 케이 (지은이), 마츠모토 미츠아키 (그림), 김성래 (옮긴이)"
9791127859787,"거미입니다만, 문제라도? 14 - L Books","바바 오키나 (지은이), 키류 츠카사 (그림), 김성래 (옮긴이)"
9791127860264,청춘 돼지는 나이팅게일의 꿈을 꾸지 않는다 - L Novel,"카모시다 하지메 (지은이), 미조구치 케이지 (그림), 이승원 (옮긴이)"
9791127860738,데스마치에서 시작되는 이세계 광상곡 22 - L Novel,"아이나나 히로 (지은이), shri (그림), 박경용 (옮긴이)"
9791127860769,새 엄마가 데려온 딸이 전 여친이었다 1 - L Novel,"카미시로 쿄스케 (지은이), 타카야Ki (그림), 이승원 (옮긴이)"
9791127860820,스파이 교실 3 - L Book,"타케마치 (지은이), 토마리 (그림), 송재희 (옮긴이)"
9791127860837,고블린 슬레이어 14 - L Books,"카규 쿠모 (지은이), 칸나츠키 노보루 (그림), 박경용 (옮긴이)"
9791127860868,"이 멋진 세계에 축복을! 공식 메모리얼 팬북 - 그대, 여신도 인정한 이 책을 갈구하라!, L Novel","아카츠키 나츠메 (지은이), 미시마 쿠로네 (그림), 이승원 (옮긴이)"
9791128370021,정령왕 엘퀴네스 18 - 개정판,이환 (지은이)
9791128836176,화염,"와즈디 무아와드 (지은이), 최준호, 임재일 (옮긴이)"
9791130608945,"여름, 어디선가 시체가",박연선 (지은이)
9791130618654,리버보이 (리커버 특별판),"팀 보울러 (지은이), 정해영 (옮긴이)"
9791130625904,물 만난 물고기,이찬혁 (지은이)
9791130627519,개를 훔치는 완벽한 방법 (리커버),"바바라 오코너 (지은이), 신선해 (옮긴이)"
9791130635675,365일,"블란카 리핀스카 (지은이), 심연희 (옮긴이)"
9791130637082,마녀식당으로 오세요 (2종 중 랜덤),구상희 (지은이)
9791130637099,기묘한 러브레터,"야도노 카호루 (지은이), 김소연 (옮긴이)"
9791130637617,불안한 사람들,"프레드릭 배크만 (지은이), 이은선 (옮긴이)"
9791130638362,당신이 모르는 이야기,서장원 (지은이)
9791130639925,불타는 소녀들,"C. J. 튜더 (지은이), 이은선 (옮긴이)"
9791130640006,엄마에 대하여,"한정현, 조우리, 김이설, 최정나, 한유주, 차현지 (지은이)"
9791131269886,묵향 36 - 부활의 장,전동조 (지은이)
9791133452408,바니타스의 수기 1,모치즈키 준 (지은이)
9791134890766,수염을 깎다. 그리고 여고생을 줍다. 4 - 카니발 플러스,"시메사바 (지은이), 부타 (그림)"
9791134890773,제로자키 히토시키의 인간관계 : 니오노미야 이즈무와의 관계 - Premium Extreme Novel,니시오 이신 (지은이)
9791136008824,"월간최신 취업에 강한 에듀윌 시사상식 2021.8 - 공기업, 언론사, 금융권, 대기업 취업상식 대비",에듀윌 상식연구소 (지은이)
9791136009456,"2021 에듀윌 답만보는 운전면허 필기시험 1종.2종 공통 - 운전면허 1종, 2종 공통 대비｜교통안전&도로안내 표지 브로마이드 제공",에듀윌(도로교통공단 문제 제공) (지은이)
9791136263438,"하이큐!! 13 - 요괴세대를 좇아라!, NT Novel","호시 키요코 (지은이), 후루다테 하루이치 (원작), 양혜석 (옮긴이)"
9791136264473,그녀는 다 계획이 있다,"히가시노 게이고 (지은이), 양윤옥 (옮긴이)"
9791136278593,"내 여동생이 이렇게 귀여울 리가 없어 13 - 아야세 if 상, NT Novel","후시미 츠카사 (지은이), 하이무라 키요타카 (그림), 유정한 (옮긴이)"
9791136278609,"내 여동생이 이렇게 귀여울 리가 없어 14 - 아야세 if 하, NT Novel","후시미 츠카사 (지은이), 하이무라 키요타카 (그림), 유정한 (옮긴이)"
9791136278630,방황하는 칼날,"히가시노 게이고 (지은이), 민경욱 (옮긴이)"
9791136279217,고양이와 할아버지 7,"네코마키 (지은이), 오경화 (옮긴이)"
9791136279408,완벽한 그녀의 마지막 여름 - 코네티컷 살인 사건의 비밀,"루앤 라이스 (지은이), 이미정 (옮긴이)"
9791136401212,나 혼자만 레벨업 1,"추공 (지은이), 이백 (그림)"
9791136401250,나 혼자만 레벨업 5,"추공 (지은이), 이백 (그림)"
9791136401267,나 혼자만 레벨업 6,"추공 (지은이), 이백 (그림)"
9791136401274,나 혼자만 레벨업 7,"추공 (지은이), 이백 (그림)"
9791136401281,나 혼자만 레벨업 8 - 완결,"추공 (지은이), 이백 (그림)"
9791136724311,나의 히어로 아카데미아 27 - One's Justice,호리코시 코헤이 (지은이)
9791136734518,소설 주술회전 1 - 떠나가는 여름과 돌아오는 가을,"아쿠타미 게게 (지은이), 유유리 (옮긴이)"
9791136735546,소드 아트 온라인 25 - J Novel,"카와하라 레키 (지은이), abec (그림), 박용국 (옮긴이)"
9791136735638,"나의 히어로 아카데미아 5 - 유에이 백서, 소설","요시 안리 (지은이), 호리코시 코헤이 (원작), 오경화 (옮긴이)"
9791136739964,"스트라이크 더 블러드 22 - 완결, J Novel","미쿠모 카쿠토 (지은이), 마냐코 (그림), 유유리 (옮긴이)"
9791138000598,용왕이 하는 일! 12 - Novel Engine,"시라토리 시로 (지은이), 시라비 (그림), 이승원 (옮긴이), 사이유키 (감수)"
9791138000611,옆집 천사님 때문에 어느샌가 인간적으로 타락한 사연 2 - Novel Engine,"사에키상 (지은이), 하네코토 (그림), 도영명 (옮긴이)"
9791138002349,"로드 엘멜로이 2세의 사건부 8 - case. 관위결의(상), Novel Engine","산다 마코토 (지은이), 사카모토 미네지 (그림), 정홍식 (옮긴이)"
9791138002387,"리빌드 월드 1 - 상 - 유혹하는 망령, Novel Engine","나후세 (지은이), 긴 (그림), 이승원 (옮긴이)"
9791138003278,코믹 문호 스트레이독스 BEAST 1 - 노엔 코믹스,"호시카와 시와스 (지은이), 아사기리 카프카 (원작), 한호성 (옮긴이)"
9791138003315,현실주의 용사의 왕국 재건기 11 - Novel Engine,"도조마루 (지은이), 후유유키 (그림), 손종근 (옮긴이)"
9791138003322,탐정은 이미 죽었다 4 - Novel Engine,"니고 쥬우 (지은이), 우미보즈 (그림), 김민준 (옮긴이)"
9791138003339,Re : 제로부터 시작하는 이세계 생활 26 - Novel Engine,"나가츠키 탓페이 (지은이), 오츠카 신이치로 (그림), 정홍식 (옮긴이)"
9791138400381,"팔견전 12 - 동방팔견이문, S코믹스","아베 미유키 (지은이), 박소현 (옮긴이)"
9791138400428,비밀,"히가시노 게이고 (지은이), 양윤옥 (옮긴이)"
9791138400855,무기모토 산포는 오늘이 좋아 - 산포의 개성 넘치는 일상에 취하다!,"스미노 요루 (지은이), 이소담 (옮긴이)"
9791155351406,비상문,"최진영 (지은이), 변영근 (그림)"
9791155813508,트라우마 사전 (리커버) - 작가를 위한 캐릭터 창조 가이드,"안젤라 애커만, 베카 푸글리시 (지은이), 임상훈 (옮긴이)"
9791156291275,나뭇잎 물고기,노강 (지은이)
9791156756552,죽여 마땅한 사람들,"피터 스완슨 (지은이), 노진선 (옮긴이)"
9791156758815,어둠 속에서 헤엄치기,"토마시 예드로프스키 (지은이), 백지민 (옮긴이)"
9791157280292,꽃을 보듯 너를 본다,나태주 (지은이)
9791157284368,풀꽃 - 나태주 대표 시선집,나태주 (지은이)
9791157676118,2022 수제비 빅데이터분석기사 필기 (1권+2권 합본세트) - 2021년 제2회 기출 복원문제 분석 수록 | 두음비법 PDF + 명품 족보 실전 모의고사 제공(학습지원센터),NCS 정보처리기술사 연구회 (지은이)
9791157830572,개소리에 대하여,"해리 G. 프랭크퍼트 (지은이), 이윤 (옮긴이)"
9791157955206,"동물농장 - 최신 버전으로 새롭게 편집한 명작의 백미, 책 읽어드립니다","조지 오웰 (지은이), 신동운 (옮긴이)"
9791158512200,양들의 침묵 (리커버 에디션),"토머스 해리스 (지은이), 공보경 (옮긴이)"
9791158791643,폭풍의 시간,"넬레 노이하우스 (지은이), 전은경 (옮긴이)"
9791158884680,종이 동물원,"켄 리우 (지은이), 장성주 (옮긴이)"
9791158886141,증언들 + 시녀 이야기 세트 - 전2권,"마거릿 애트우드 (지은이), 김선형 (옮긴이)"
9791158887254,별뜨기에 관하여,이영도 (지은이)
9791158887544,듄 신장판 1,"프랭크 허버트 (지은이), 김승욱 (옮긴이)"
9791158887605,듄 신장판 1~6 세트 - 전6권,"프랭크 허버트 (지은이), 김승욱 (옮긴이)"
9791158888671,나의 왼쪽 너의 오른쪽,하승민 (지은이)
9791158889609,당신들은 이렇게 시간 전쟁에서 패배한다,"아말 엘모흐타르, 맥스 글래드스턴 (지은이), 장성주 (옮긴이)"
9791159036514,"초판본 데미안 (리커버 한정판, 패브릭 양장) - 헤르만 헤세 탄생 140주년 기념 초호화 패브릭 양장","헤르만 헤세 (지은이), 이순학 (옮긴이)"
9791159923340,일곱 번째 달 일곱 번째 밤 - 아시아 설화 SF,"켄 리우, 왕콴유, 홍지운, 남유하, 남세오, 후지이 다이요, 곽재식, 이영인, 윤여경, 이경희 (지은이), 박산호, 이홍이 (옮긴이)"
9791159923388,세 개의 달 - SF2021 판타지 오디세이,"듀나, 심너울, 정지돈, 조예은, 배명훈 (지은이)"
9791160075007,"13.67 (리커버 에디션, 양장)","찬호께이 (지은이), 강초아 (옮긴이)"
9791160075861,심리죄 : 검은 강,"레이미 (지은이), 이연희 (옮긴이)"
9791160076998,다만 부패에서 구하소서,"쯔진천 (지은이), 박소정 (옮긴이)"
9791160261561,붕대 감기,윤이형 (지은이)
9791160261660,"파이 이야기 (리커버 에디션, 양장)","얀 마텔 (지은이), 공경희 (옮긴이)"
9791160268034,"작은 무민 가족과 큰 홍수 - 무민 골짜기, 시작하는 이야기","토베 얀손 (지은이), 이유진 (옮긴이)"
9791160271683,멋진 신세계,"올더스 헉슬리 (지은이), 안정효 (옮긴이)"
9791160272369,집 떠난 뒤 맑음 상.하 + 다이어리 세트 - 전2권,"에쿠니 가오리 (지은이), 신유희 (옮긴이)"
9791160401745,체공녀 강주룡 - 제23회 한겨레문학상 수상작,박서련 (지은이)
9791160404715,녹즙 배달원 강정민,김현진 (지은이)
9791160406207,불펜의 시간 - 제26회 한겨레문학상 수상작,김유원 (지은이)
9791160806786,희생자의식 민족주의 - 고통을 경쟁하는 지구적 기억 전쟁,임지현 (지은이)
9791160870817,영혼과 형식,"게오르크 루카치 (지은이), 홍성광 (옮긴이)"
9791160940510,돼지가 한 마리도 죽지 않던 날,"로버트 뉴턴 펙 (지은이), 김옥수 (옮긴이)"
9791160944068,너만 모르는 엔딩,최영희 (지은이)
9791160946628,마당을 나온 암탉 (출간 20주년 특별판),"황선미 (지은이), 윤예지 (그림)"
9791160947045,사이보그가 되다,"김초엽, 김원영 (지은이)"
9791160947373,꿈에서 만나,"조우리 (지은이), 근하 (그림)"
9791160947380,내가 좋아하는 사람이 나를 좋아하는,"이필원 (지은이), 예란 (그림)"
9791160947397,너의 유니버스,"조규미 (지은이), 이로우 (그림)"
9791160947403,일 퍼센트,"김태호 (지은이), 최지수 (그림)"
9791160947427,단명소녀 투쟁기 - 1회 박지리문학상 수상작,현호정 (지은이)
9791161570341,갈매기의 꿈 - 완결판,"리처드 바크 (지은이), 공경희 (옮긴이), 러셀 먼슨 (사진)"
9791161571188,불편한 편의점 - 김호연 장편소설,김호연 (지은이)
9791161727356,"환경과 생태 쫌 아는 10대 - 우리, 100년 뒤에도 만날 수 있을까요?","최원형 (지은이), 방상호 (그림)"
9791162203392,아가미,구병모 (지은이)
9791162203620,파과,구병모 (지은이)
9791162541982,왕초보도 바로 돈 버는 부동산 경매의 기술 - 2천만 원으로 시작하는 실전 부동산 경매 노하우,"정민우, 유근용 (지은이)"
9791162768914,다정한 그대를 지키는 방법 1,마약젤리 (지은이)
9791162768969,다정한 그대를 지키는 방법 6,마약젤리 (지은이)
9791162850053,삶이 너에게 해답을 가져다줄 것이다,김용택 (엮은이)
9791163025061,그림자 없는 밤 1,김미유 (지은이)
9791163025092,창백한 손의 온기,김빠 (지은이)
9791163025153,그림자 없는 밤 3 - 완결,김미유 (지은이)
9791163719151,영단기 토익 기본서 RC (한정판) - 이론과 문제를 30일 만에 끝내는 기본서,정재현 (지은이)
9791164050277,숨,"테드 창 (지은이), 김상훈 (옮긴이)"
9791164137077,미드나잇 선 1,"스테프니 메이어 (지은이), 심연희 (옮긴이)"
9791164137084,미드나잇 선 2,"스테프니 메이어 (지은이), 심연희 (옮긴이)"
9791164138098,존리의 금융 모험생 클럽 1 - 처음 만나는 금융 동화,"존 리, 예영 (지은이), 정주연 (그림)"
9791164389551,"나태주, 시간의 쉼표 - 시인 나태주가 당신의 하루에 건네는 365 휴식 일력",나태주 (지은이)
9791164389599,"나태주, 시간의 쉼표 (소장판) - 시인 나태주가 당신의 하루에 건네는 휴식 한 조각",나태주 (지은이)
9791164450084,빨강 머리 앤 (양장),"루시 모드 몽고메리 (지은이), 애니메이션 &lt;빨강 머리 앤&gt; 원화 (그림), 박혜원 (옮긴이)"
9791164450800,초판본 오만과 편견 - 1894년 오리지널 초판본 표지디자인,"제인 오스틴 (지은이), 김유미 (옮긴이)"
9791164452194,초판본 이방인 - 1944년 오리지널 초판본 표지디자인,"알베르 카뮈 (지은이), 최헵시바 (옮긴이)"
9791164452866,"초판본 데미안 (리커버 한정판, 양장 블랙벨벳 에디션) - 1919년 오리지널 초판본 표지디자인","헤르만 헤세 (지은이), 이순학 (옮긴이)"
9791164452880,"초판본 싯다르타 (리커버 한정판, 양장 블랙벨벳 에디션) - 1922년 오리지널 초판본 표지디자인","헤르만 헤세 (지은이), 박진권 (옮긴이)"
9791164454938,초판본 악의 꽃 - 1857년 오리지널 초판본 표지디자인,"샤를 피에르 보들레르 (지은이), 이효숙 (옮긴이)"
9791164792931,재혼황후 5,알파타르트 (지은이)
9791164793501,디 아더 미세스 - 정유정 작가 강력 추천,"메리 쿠비카 (지은이), 신솔잎 (옮긴이)"
9791165041267,준비하고 있으라,김남국 (지은이)
9791165075064,녹나무의 파수꾼,"히가시노 게이고 (지은이), 양윤옥 (옮긴이)"
9791165215286,웹소설 써서 먹고삽니다 - 웃기는 작가 빵무늬의 돈 되는 작법 수업,정무늬 (지은이)
9791165300005,목소리를 드릴게요 - 정세랑 소설집,정세랑 (지은이)
9791165341909,달러구트 꿈 백화점 (50만 부 기념 드림 에디션) - 주문하신 꿈은 매진입니다,이미예 (지은이)
9791165343590,외계인 게임,오음 (지은이)
9791165343729,달러구트 꿈 백화점 2 - 단골손님을 찾습니다,이미예 (지은이)
9791165343798,결혼하지 않는 도시 - 세상 모든 사랑은 실루엣이 없다,신경진 (지은이)
9791165508340,어떤 물질의 사랑 - 천선란 소설집,천선란 (지은이)
9791165508845,얼마나 닮았는가,김보영 (지은이)
9791165508869,여름으로 가는 문,"로버트 A. 하인라인 (지은이), 김창규 (옮긴이)"
9791165700652,기억하는 소설 - 재난의 시대를 살아가는 우리에게,"강영숙, 김숨, 임성순, 최은영, 조해진, 강화길, 박민규, 최진영 (지은이), 이혜연, 김형태, 김선산, 김동현 (엮은이)"
9791165765484,2022 전한길 한국사 포켓 암기노트,전한길 (지은이)
9791165795924,그래서 죽일 수 없었다,"잇폰기 도루 (지은이), 김은모 (옮긴이)"
9791165796020,종말 하나만 막고 올게,임태운 (지은이)
9791165807184,좋아한다고 말할 수 없는 여자 친구는 안 되나요? - Shift Novel,"간구도 (지은이), 이세가와 야스타카 (그림), 김종범 (옮긴이)"
9791166110566,내세에는 남남이 좋겠어 4 - S코믹스,"코니시 아스카 (지은이), 박소현 (옮긴이)"
9791166113987,전생했더니 슬라임이었던 건에 대하여 17 - S Novel+,"후세 (지은이), 밋츠바 (그림), 도영명 (옮긴이)"
9791166116063,현자의 제자를 자칭하는 현자 14 - S Novel+,"류센 히로츠구 (지은이), 후지 초코 (그림), 정대식 (옮긴이)"
9791166116612,정령환상기 15 - S Novel,"키타야마 유리 (지은이), Riv (그림), 이은혜 (옮긴이)"
9791166118678,꿈꾸는 남자는 현실주의자 3 - S Novel,"오케마루 (지은이), 사바미조레 (그림), 박정철 (옮긴이)"
9791166118746,온리 센스 온라인 17 - S Novel,"아로하자초 (지은이), 유키상 (그림), 천선필 (옮긴이)"
9791166119477,내 최애는 악역 영애 4 - S Novel+,"이노리 (지은이), 하나가타 (그림), 정백송 (옮긴이)"
9791166119651,던전에서 만남을 추구하면 안 되는 걸까 17 - S Novel,"오모리 후지노 (지은이), 야스다 스즈히토 (그림), 김민재 (옮긴이)"
9791166119668,"고2로 타임리프한 내가 그때 좋아하던 선생님께 고백한 결과 5 - S Novel, 완결","켄노지 (지은이), 야스유키 (그림), 김지연 (옮긴이)"
9791166119880,전생했더니 슬라임이었던 건에 대하여 18 + 미니화집 특별판 - S Novel+,"후세 (지은이), 밋츠바 (그림), 도영명 (옮긴이)"
9791166119910,독설소녀는 심술쟁이 1 - S Novel,"우에무라 나츠키 (지은이), 미레이 (그림), 박정철 (옮긴이)"
9791166119941,성자무쌍 7 - S Novel+,"브로콜리 라이온 (지은이), sime (그림), 박춘상 (옮긴이)"
9791166254581,탐정은 이미 죽었다 1 - Novel Engine,"니고 쥬우 (지은이), 우미보즈 (그림), 김민준 (옮긴이)"
9791166622717,2021 해커스 증권투자권유대행인 최종핵심정리문제집 - 핵심정리부터 실전까지 10일 완성 / 실전모의고사 2회분 / 무료 바로 채점 및 성적 분석 서비스,"민영기, 송영욱 (엮은이)"
9791166686153,ㅁㅇㅇㅅ - 미영과 양식의 은하행성서비스센터,곽재식 (지은이)
9791166686160,슈뢰딩거의 아이들,최의택 (지은이)
9791166686184,더는 잠들지 못하리라,"P. D. 제임스 (지은이), 이주혜 (옮긴이)"
9791166812453,아리스토텔레스 시학 (그리스어 원전 완역본),"아리스토텔레스 (지은이), 박문재 (옮긴이)"
9791166815386,프랑켄슈타인 - 현대판 프로메테우스,"메리 셸리 (지은이), 오수원 (옮긴이)"
9791166830303,가지 말라는데 가고 싶은 길이 있다 - 나태주 스페셜 에디션,나태주 (지은이)
9791166830785,초등 영어책 읽기의 기적 - 혼자서도 영어책 술술 읽는 아이로 키우기,미쉘 (지은이)
9791166941627,인사반파자구계통 박스 세트 - 전3권,묵향동후 (지은이)
9791166941634,인사반파자구계통 일반판 박스 세트 - 전3권,묵향동후 (지은이)
9791167030191,"하란사 - 조선의 독립운동가, 그녀를 기억하다",권비영 (지은이)
9791167132758,폴링,하지연 (지은이)
9791167133663,언트루 스캔들,안시윤 (지은이)
9791167140050,"당신에게 시가 있다면 당신은 혼자가 아닙니다 - 소월에서 박준까지, 우울한 시인과 유쾌한 검사가 고른 우리나라 극강의 서정시","류근, 진혜원 (엮은이)"
9791167370280,완전한 행복,정유정 (지은이)
9791167370433,개 다섯 마리의 밤 - 제7회 황산벌청년문학상 수상작,채영신 (지은이)
9791167370471,와일드카드 1,"조지 R. R. 마틴, 하워드 월드롭, 로저 젤라즈니, 월터 존 윌리엄스, 멀린다 M. 스노드그래스, 마이클 캐서트, 데이비드 D. 러빈 (지은이), 김상훈 (옮긴이)"
9791170400097,너와 함께라면 인생도 여행이다 (여름 한정 특별판) - 나태주 시집,나태주 (지은이)
9791170400479,나는 나의 밤을 떠나지 않는다,"아니 에르노 (지은이), 김선희 (옮긴이)"
9791185152431,"내 문장이 그렇게 이상한가요? - 내가 쓴 글, 내가 다듬는 법",김정선 (지은이)
9791185190488,얼굴 없는 살인자,"헨닝 만켈 (지은이), 박진세 (옮긴이)"
9791185272603,한경무크 슬기로운 주식생활 - 엄마 아빠 함께하는,한경 경제교육연구소 기획 제작팀 (지은이)
9791185578491,인간의 130가지 감정 표현법 - 감정이 살아있는 캐릭터 만들기,"안젤라 애커만, 베카 푸글리시 (지은이), 서준환 (옮긴이)"
9791186222355,문장기술,배상복 (지은이)
9791186372821,버지니아 울프의 정원 - 몽크스 하우스의 정원 이야기,"캐럴라인 줍 (지은이), 메이 (옮긴이), 캐럴라인 아버 (사진)"
9791186621905,사랑해도 혼나지 않는 꿈이었다,"강은교, 고영, 기형도, 김경미, 김사인, 김용택, 나희덕, 남진우, 도종환, 박남준, 박정만, 박형준, 백석, 송찬호, 신대철, 이대흠, 이문재, 이상국, 이성복, 이시영, 이홍섭, 자크 프레베르, 장석남, 정호승, 천양희, 최승자, 최정례, 함민복, 황인숙, 이선영, 김선우, 문태준, 이용악, 조연호, 박성우, 이병률, 김경주, 이영광, 박규리, 신용목, 김민정, 김근, 박소란, 신미나, 박연준, 최금진, 이제니, 강성은, 주하림, 황인찬, 박준, 신철규, 안희연, 안태운, 박신규 (지은이), 시요일 (엮은이)"
9791186825297,다 같은 나무인 줄 알았어,김선남 (지은이)
9791186825303,앙통의 완벽한 수박밭,"코린 로브라 비탈리 (지은이), 마리옹 뒤발 (그림), 이하나 (옮긴이)"
9791187011583,헤르만 헤세 초판본 데미안 + 수레바퀴 아래서 세트 - 전2권 (오리지널 초판본 디자인) - 최신 원전 완역본,"헤르만 헤세 (지은이), 박지희, 이미영 (옮긴이), 김선형"
9791187011590,데미안 (오리지널 초판본 표지디자인) - 최신 원전 완역본,"헤르만 헤세 (지은이), 이미영 (옮긴이), 김선형 (해설)"
9791187011750,세계 미스터리 걸작선 1 : 살인자 외,"대실 해밋, 어니스트 헤밍웨이, G. K. 체스터턴, 안나 카타린 그린, L. T. 미드, 로버트 유스터스, R. A. 프리먼, 클리퍼드 핼리팩스 (지은이), 신예용 (옮긴이), 박광규 (기획)"
9791187011767,세계 미스터리 걸작선 2 : 모래시계 외,"아서 모리슨, 헤스케스 프리처드, E. P. 버틀러, 로버트 바, M. M. 보드킨, 로드 던세이니, 바로네스 오르치, K. O. 프리처드 (지은이), 이정아 (옮긴이), 박광규 (기획)"
9791187119845,나는 나로 살기로 했다 (100만 부 기념 클래식 에디션),김수현 (지은이)
9791187252054,수레바퀴 아래서,"헤르만 헤세 (지은이), 송소민 (옮긴이)"
9791187252078,젊은 베르터의 고뇌,"요한 볼프강 폰 괴테 (지은이), 김미선 (옮긴이)"
9791187824299,이상한 나라의 앨리스 (디즈니 애니메이션 70주년 특별 에디션 고급 벨벳 양장본),"루이스 캐럴 (지은이), 디즈니 (그림), 공민희 (옮긴이), 양윤정 (해설)"
9791188285938,10호실,"리 차일드 (지은이), 윤철희 (옮긴이)"
9791188451159,아킬레우스의 노래,"매들린 밀러 (지은이), 이은선 (옮긴이)"
9791188626007,"비트코인, 지혜의 족보",오태민 (지은이)
9791188710348,눈사람 자살 사건,최승호 (지은이)
9791188810949,반드시 해피엔딩 2 - 완결,플아다 (지은이)
9791188810963,반드시 해피엔딩 1,플아다 (지은이)
9791188862290,지구에서 한아뿐,정세랑 (지은이)
9791188862306,효옥 - 노비가 된 성삼문의 딸,전군표 (지은이)
9791188862955,검은 바이올린,"막상스 페르민 (지은이), 임선기 (옮긴이)"
9791189015381,돌이킬 수 있는,문목하 (지은이)
9791189166793,"매일, 시 한 잔 - 오늘도 시를 읽고, 쓰고, 가슴에 새기다","윤동주, 강은교, 고재종, 고정희, 곽재구, 권정생, 권태응, 글로리아 밴더빌트, 기형도, 김광균, 김기림, 김선우, 김소월, 김수영, 김승희, 김억, 김영랑, 김춘수, 김형영, 나태주, 나희덕, 노천명, 도종환, 라이너 마리아 릴케, 문정희, 박규리, 박용철, 박재삼, 방정환, 백석, 사라 티즈데일, 신석정, 장 니콜라 아르튀르 랭보, 안도현, 오규원, 윌리엄 버틀러 예이츠, 윌리엄 블레이크, 윌리엄 워즈워스, 이상화, 이성복, 이성부, 이성선, 이용악, 장석남, 정현종, 정호승, 조지 고든 바이런, 조지훈, 천양희, 칼 윌슨 베이커, 칼릴 지브란, 크리스티나 G. 로세티, 하인리히 하이네, 한용운, 허영자, 황동규 (지은이), 배정애 (캘리그래피)"
9791189178437,섭주,박해로 (지은이)
9791189228361,땀 흘리는 소설 - 사회에 첫발을 내딛을 당신이 꼭 읽었으면 하는 소설,"김혜진, 김세희, 김애란, 서유미, 구병모, 김재영, 윤고은, 장강명 (지은이), 김동현, 김선산, 김형태, 이혜연 (엮은이)"
9791189336325,글쓰기에 대하여 - 작가가 된다는 것에 관한 여섯 번의 강의,"마거릿 애트우드 (지은이), 박설영 (옮긴이)"
9791189336370,유령의 벽,"세라 모스 (지은이), 이지예 (옮긴이)"
9791189356514,아이는 왜 폴렌타 속에서 끓는가,"아글라야 페터라니 (지은이), 배수아 (옮긴이)"
9791189467067,i에게,김소연 (지은이)
9791189467128,"나 개 있음에 감사하오 - 개와 함께한 시간에 대하여, 아침달 댕댕이 시집","유계영, 강지혜, 김상혁, 김소형, 남지은, 민구, 박세미, 박시하, 박준, 서윤후, 성다영, 송승언, 심보선, 안미옥, 안태운, 원성은, 유형진, 임솔아, 정다연, 최현우 (지은이)"
9791189467166,한 줄도 너를 잊지 못했다,창작동인 뿔 (지은이)
9791189467210,"그대 고양이는 다정할게요 - 고양이와 함께한 시간에 대하여, 아침달 냥냥이 시집","권민경, 김건영, 김승일, 김잔디, 김하늘, 박시하, 배수연, 백은선, 싱고(신미나), 유진목, 이민하, 이현호, 조은, 지현아, 최규승, 한연희, 한정원, 황인숙 (지은이)"
9791189467241,당신이 오려면 여름이 필요해,민구 (지은이)
9791189467258,지금부터는 나의 입장,유계영 (지은이)
9791189571528,시즈카 할머니와 은령 탐정사,"나카야마 시치리 (지은이), 민현주 (옮긴이)"
9791189571542,히나구치 요리코의 최악의 낙하와 자포자기 캐논볼,"오승호 (지은이), 이연승 (옮긴이)"
9791189686307,개를 훔친 이웃집 여자,"세레나 발렌티노 (지은이), 정다은 (옮긴이)"
9791189982140,"진이, 지니",정유정 (지은이)
9791190090018,우리가 빛의 속도로 갈 수 없다면 - 2019 제43회 오늘의 작가상 수상작,김초엽 (지은이)
9791190090261,천 개의 파랑 - 2019년 제4회 한국과학문학상 장편소설 부문 대상 수상작,천선란 (지은이)
9791190090391,에스에프널 SFnal 2021 세트 - 전2권,"테드 창, 켄 리우, S. L. 황, 그렉 이건, 캐롤라인 M. 요킴, 말카 올더, 앨리스 솔라 김, 한쑹, 엘리자베스 베어, 소피아 레이, 폰다 리, 치넬로 온왈루, 반다나 싱, 토비아스 S. 버켈, 찰리 제인 앤더스, N. K. 제미신, 프랜 와일드, 인드라프라미트 다스, 피터 와츠, 리치 라슨, 아닐 메논, E. 릴리 유, 카린 티드베크, 알렉 네발라리, 수전 파머, 수이 데이비스 오쿵보와, 테건 무어 (지은이), 조너선 스트라한 (엮은이), 김상훈, 장성주, 박중서, 이동현 (옮긴이)"
9791190157278,꼭두각시 살인사건,"다니엘 콜 (지은이), 유혜인 (옮긴이)"
9791190157339,형사의 약속,"야쿠마루 가쿠 (지은이), 남소현 (옮긴이)"
9791190157346,루팡의 딸 2,"요코제키 다이 (지은이), 권하영 (옮긴이)"
9791190174756,"칵테일, 러브, 좀비",조예은 (지은이)
9791190224154,끝까지 남겨두는 그 마음,"나태주 (지은이), 슬로우어스 (그림), 배정애 (캘리그래피)"
9791190224284,너만 모르는 그리움,"나태주 (지은이), 슬로우어스 (그림), 배정애"
9791190224635,그런 사람 또 없습니다 - 원태연 필사시집,"원태연 (지은이), 배정애 (캘리그래피), 히조 (삽화)"
9791190234016,"콜 미 바이 유어 네임 - 《그해, 여름 손님》 리마스터판","안드레 애치먼 (지은이), 정지현 (옮긴이)"
9791190234023,파인드 미 - 《콜 미 바이 유어 네임》 속편,"안드레 애치먼 (지은이), 정지현 (옮긴이)"
9791190313926,널 위한 문화예술 - 미술관에서 길을 잃는 사람들을 위한 가장 친절한 예술 가이드,오대우.이지현.이정우 (지은이)
9791190314060,고양이 - 그러자 모든 사람이 따뜻해진다 녀석의 아름다움이 불러온 사랑으로,"조운 에이킨, 메리 올리버, 나오미 시합 나이, 라이너 마리아 릴케, 샤를 보들레르, 폴 베를렌느, 오스카 와일드, 앨저넌 찰스 스윈번, 루이스 캐럴, 에이미 로웰, 윌리엄 블레이크, 장 드 라 퐁텐, 윌리엄 브라이티 랜즈, 에드워드 리어, 토마스 플랫맨, 제임스 로플린, 리언틴 스탠필드, 한스 카로사, 윌리엄 버틀러 예이츠, 케이트 그리너웨이, 랜달 자렐, 기욤 아폴리네르, 프란츠 카프카, 포드 매독스 포드, 월터 드 라 메어, 에밀리 디킨슨, 존 키츠, 유진 필드, 크리스티나 로세티, 제인 케니언, 톰 건, 로잘리 무어, 폴 발레리, 스티비 스미스, 리샤르트 크리니츠키 (지은이), 이재경 (옮긴이)"
9791190382267,마음챙김의 시,류시화 (엮은이)
9791190422819,남성 특권 - 여성혐오는 어디에서 비롯되는가,"케이트 만 (지은이), 하인혜 (옮긴이)"
9791190473446,1984,"조지 오웰 (지은이), 이정서 (옮긴이)"
9791190492430,GV 빌런 고태경 - 2020 한경신춘문예 당선작,정대건 (지은이)
9791190533041,순수와 비순수,"시도니 가브리엘 콜레트 (지은이), 권예리 (옮긴이)"
9791190582438,키르케 (리커버 특별판),"매들린 밀러 (지은이), 이은선 (옮긴이)"
9791190582476,아킬레우스의 노래 (리커버 특별판),"매들린 밀러 (지은이), 이은선 (옮긴이)"
9791190669405,아르센 뤼팽 넷플릭스 오리지널 에디션 1 (고급 벨벳양장본) - 괴도신사 아르센 뤼팽,"모리스 르블랑 (지은이), 바른번역 (옮긴이), 장경현, 나혁진 (감수)"
9791190749046,판타지 유니버스 직업 소개소 - ‘드래곤 퀘스트’ 용사부터 ‘파이널 판타지’ 성기사까지,"환상직업안내소 (지은이), 전홍식 (옮긴이)"
9791190749107,스토리 창작자를 위한 빌런 작법서 - 당신의 이야기를 빛내줄 악당 키워드 17,차무진 (지은이)
9791190749145,밸런스 게임,김동식 (지은이)
9791190749237,시나리오 레시피 - 8가지 장르 스토리 창작을 위한 작법서,홍지운 (지은이)
9791190758154,여름비,"마르그리트 뒤라스 (지은이), 백수린 (옮긴이)"
9791190784085,낫씽맨,"캐서린 라이언 하워드 (지은이), 안현주 (옮긴이)"
9791190885362,가해자들,정소현 (지은이)
9791190885621,내가 되는 꿈,최진영 (지은이)
9791190885713,바늘과 가죽의 시,구병모 (지은이)
9791190885867,콘크리트의 섬,"제임스 그레이엄 밸러드 (지은이), 조호근 (옮긴이)"
9791190885904,불온하고 불완전한 편지,이소호 (지은이)
9791190991117,고구려 1부 땅을 다지다 세트 - 전7권,김진명 (지은이)
9791191029291,여름의 시간 - 사랑이라는 이름의 미스터리 일곱 편,"김재희, 류성희, 사마란, 황세연, 홍선주, 홍성호 (지은이)"
9791191043297,"오늘 밤, 세계에서 이 사랑이 사라진다 해도","이치조 미사키 (지은이), 권영주 (옮긴이)"
9791191056556,미드나잇 라이브러리,"매트 헤이그 (지은이), 노진선 (옮긴이)"
9791191056839,데카메론 프로젝트 - 팬데믹 시대를 건너는 29개의 이야기,"빅터 라발, 모나 아와드, 카밀라 샴지, 콜럼 토빈, 리즈 무어, 토미 오렌지, 레일라 슬리마니, 마거릿 애트우드, 이윤 리, 에트가르 케레트, 앤드루 오헤이건, 테이아 오브레트, 알레한드로 삼브라, 디노 멘게츄, 캐런 러셀, 데이비드 미첼, 찰스 유, 파올로 조르다노, 미아 쿠토, 우조딘마 이웰라, 디나 나예리, 라일라 랄라미, 줄리언 푸크스, 리버스 솔로몬, 매튜 베이커, 에시 에두잔, 존 레이, 에드위지 당티카 (지은이), 정해영 (옮긴이)"
9791191071016,죄의 궤적 1,"오쿠다 히데오 (지은이), 송태욱 (옮긴이)"
9791191071023,죄의 궤적 2,"오쿠다 히데오 (지은이), 송태욱 (옮긴이)"
9791191071030,프리즘,손원평 (지은이)
9791191071238,니클의 소년들,"콜슨 화이트헤드 (지은이), 김승욱 (옮긴이)"
9791191071573,부서진 여름 - 이정명 장편소설,이정명 (지은이)
9791191174007,이솝 우화 전집 (그리스어 원전 완역본),"이솝 (지은이), 아서 래컴 (그림), 박문재 (옮긴이)"
9791191174595,유토피아 (라틴어 원전 완역본) - 최상의 공화국 형태와 유토피아라는 새로운 섬에 관하여,"토머스 모어 (지은이), 박문재 (옮긴이)"
9791191193114,재와 물거품,김청귤 (지은이)
9791191193138,밤에 찾아오는 구원자,천선란 (지은이)
9791191247022,잃어버린 단어들의 사전,"핍 윌리엄스 (지은이), 서제인 (옮긴이)"
9791191253313,기타기타 사건부,"미야베 미유키 (지은이), 이규원 (옮긴이)"
9791191262445,아는 낱말의 수만큼 밤이 되겠지,임수현 (지은이)
9791191280630,사람은 무엇으로 사는가 (러시아 원전 번역본) - 톨스토이 단편선,"레프 니콜라예비치 톨스토이 (지은이), 홍대화 (옮긴이)"
9791191347296,"사장님, 아무거나 먹지 마세요","안티 투오마이넨 (지은이), 전행선 (옮긴이)"
9791191363739,나 혼자만 레벨업 4 - 만화,"장성락(REDICE STUDIO) (지은이), 추공 (원작)"
9791191420203,살인귀 1 - 각성편,"아야츠지 유키토 (지은이), 김진환 (옮긴이)"
9791191420210,살인귀 2 - 역습편,"아야츠지 유키토 (지은이), 김진환 (옮긴이)"
9791191718003,시소 몬스터,"이사카 고타로 (지은이), 김은모 (옮긴이)"
9791191731019,남편이 떠나면 고맙다고 말하세요,"켈리 함스 (지은이), 허선영 (옮긴이)"
9791191744002,빛이 사라지기 전에,박혜미 (지은이)
9791195847471,해설과 함께 읽는 빈처 / 벙어리 삼룡이 외,"전도현 (엮은이), 송하춘 (감수)"
9791195970094,랜드 오브 스토리 1 - 하 - 소원을 들어주는 마법,"크리스 콜퍼 (지은이), 김아림 (옮긴이)"
9791196067694,12가지 인생의 법칙 - 혼돈의 해독제,"조던 B. 피터슨 (지은이), 강주헌 (옮긴이)"
9791196222628,회색 인간,김동식 (지은이)
9791196254803,원더 (양장 특별판),"R. J. 팔라시오 (지은이), 천미나 (옮긴이)"
9791196484194,꽃들의 말,"장프랑수아 샤바 (지은이), 요안나 콘세이요 (그림), 김지희 (옮긴이)"
9791196517199,시와 산책,한정원 (지은이)
9791196533007,세상 쉽고 맛있는 튼이 이유식 - 큐브와 밥솥 칸막이로 한 번에 3가지 9끼 이유식 완성,정주희 (지은이)
9791196554835,타키니아의 작은 말들 - 뒤라스가 펼쳐 보이는 프랑스판 ‘부부의 세계’,"마르그리트 뒤라스 (지은이), 장소미 (옮긴이)"
9791196554842,행복의 나락,"프랜시스 스콧 피츠제럴드 (지은이), 조이스 박 (옮긴이)"
9791196632403,세월,"아니 에르노 (지은이), 신유진 (옮긴이)"
9791196756949,그 환자,"재스퍼 드윗 (지은이), 서은원 (옮긴이)"
9791196783686,누구의 것도 아닌 나 - 플로르벨라 이스팡카 시선집,"플로르벨라 이스팡카 (지은이), 김지은 (옮긴이)"
9791196814342,요리코를 위해,"노리즈키 린타로 (지은이), 이기웅 (옮긴이)"
9791196830182,트러블과 함께하기 - 자식이 아니라 친척을 만들자,"도나 해러웨이 (지은이), 최유미 (옮긴이)"
9791196837648,브리스 디제이 팬케이크 소설집,"브리스 디제이 팬케이크 (지은이), 이승학 (옮긴이)"
9791196866792,놀이터는 24시,"김초엽, 배명훈, 편혜영, 장강명, 김금희, 박상영, 김중혁 (지은이)"
9791196914806,당신 인생의 이야기 (양장),"테드 창 (지은이), 김상훈 (옮긴이)"
9791196975289,여섯 개의 도덕 이야기,"에릭 로메르 (지은이), 이세진 (옮긴이)"
9791196997755,들불축제,박해인 (지은이)
9791197021633,검은 꽃,김영하 (지은이)
9791197021688,살인자의 기억법,김영하 (지은이)
9791197030161,억대 연봉 부르는 웹소설 작가수업 - 북마녀의 베스트 작가 실전 트레이닝,북마녀 (지은이)
9791197063251,고구려 5 - 백성의 왕,김진명 (지은이)
9791197063268,고구려 6 - 한의 바다,김진명 (지은이)
9791197063275,고구려 7 - 동백과 한란,김진명 (지은이)
9791197072901,비에도 지지 않고,"미야자와 겐지 (지은이), 곽수진 (그림), 이지은 (옮긴이)"
9791197103292,스키마와라시,"온다 리쿠 (지은이), 강영혜 (옮긴이)"
9791197120541,유진과 유진 - 개정판,이금이 (지은이)
9791197182204,애린 왕자 - 갱상도 (Gyeongsang-do Dialect),"앙투안 드 생텍쥐페리 (지은이), 최현애 (옮긴이)"
9791197381706,어느 날 내가 죽었습니다,이경혜 (지은이)
9791197459702,진상,"요코야마 히데오 (지은이), 이혁재 (옮긴이)"
9791197475818,돼지신령 - 김동식 작가와 함께 출판하기 2기 초단편소설집 상북중학교 편,김동식 (지은이)
