ISBN13,review
9791165212612,
9791165212612,"[나홀로 여행 컨설팅북] 읽어보았습니다~


여행은 언제나 설레임이 가득합니다.
하지만 요즘처럼 해외여행은 갈 수도 없고,
국내 여행도 조심스러운 이 때..
해마다 국내 여행과 해외 여행을
꾸준히 다녔던 저에게 이 책은 
받자마자 두근두근 거리는 느낌이었어요.

한장 한장 넘길때마다 국내 여행지가 
깨알같이 소개되어 있어서,
보기만 해도 여행을 다녀온듯~! 
힐링이 되면서 보는 내내 즐거웠답니다.






[나홀로 여행 컨설팅북]은
혼자하는 여행에 필요한 정보를 공유하고,
도움을 주고 받는 20만 회원을 가진 
카페 '나홀로 여행가기 나만의 추억 만들기'
운영자인 이주영 여행작가님이 쓴 책이에요.

이 책은 올해 처음 만들어진 책은 아니고요,
2016년에 처음 초판이 인쇄되었어요.
제가 보고 있는 이 책은 20~21년 최신 개정판으로
기존에 없던 영월과 태백, 보성이 추가되었어요.


*서울,경기도,인천 - 서울,가평,강화,과천,양평,
                      여주,인천
*강원도 - 강릉,속초,영월,춘천,태백
*충청도 - 공주,부여,단양,청주
*전라도 - 강진,구례,담양,목포,보성,순천,여수,
           해남,고창선운사,전주+군산,남원,부안
*경상도 - 남해,부산,창녕,통영,울산,경주,대구,
           안동+영주,울릉도
*제주도 - 제주

이렇게 구분하여 소개하고 있답니다.






INTRO 부분에서는 나홀로 여행 Q&A와 
혼자 여행을 처음 시작하기 좋은 곳 BEST 5
여행은 먹방이죠~ BEST 3
쉬엄쉬엄 여행하고 싶어요 BEST 3

등등 주제에 맞는 여행지도 추천하고 있어서
특히 초보 나홀로 여행족에게 좋을듯 해요~ 




[나홀로 여행 컨설팅북] 이지만,
'뚜벅이족을 위한 여행 컨설팅북'
이라고 할 수 있을 정도로 대중교통을 
이용한 여행 소개가 잘 되어있어요.

여행지 근처의 볼거리와 맛집, 
숙박지 정보와 여행 꿀팁에
버스시간표나 이용가능한 터미널, 금액까지 
꼼꼼하게 나와있어서 이 책만 있으면
내일이라도 훌쩍 떠날 수 있을것 같아요~





사실,
나홀로 여행은 해보지도 못했는데,
이 책 한 권 들고 나홀로.. 조금은 느리게... 
여행을 즐기고 싶어지네요~!

정말 '멍..... ' 때리러 창녕으로 떠나고 싶고..
혼자 걷기 좋은 수원 화성으로 떠나고 싶어요...

여행이 쉽지 않은 시기라서 그런지
읽으면 읽을수록 여행을 준비하던
그 설레는 맘이 계속 되는
부작용이 아~주 심하지만....

여행이 일상이 되는 그 때를 기약하며
오늘도 설레는 맘으로
여행을 꿈꿔봅니다~!


[도서를 제공받아 주관적인 견해로 작성했습니다]"
9791165212612,"[길벗] 나홀로 여행 컨설팅북
20만 회원 나.여.추 카페 ~ 혼자 여행 꿀팁 대공개
이주영 지음
여행. 단어만 들어도 정말 설레는, 인생의 낙~♥
진정한 여행은 나홀로 여행이 아닐까요?
겁이 많아서 항상 일행과 함께하다가, 
나홀로 떠났던 제주여행! 정말 소중한 시간, 예쁜 추억으로 기억에 남아요.
그래서... 나홀로 제주여행만 벌써 세번 다녀왔네요^^
프리덤! 진정한 자유!!! 여유로움!! 모든 것이 내가 가장 원하는 대로!
일행과 함께할 때 안 보이던 것들이 보이더군요.
이래서 진정한 여행은 나홀로 여행이구나...

나홀로여행가기 나만의추억 만들기(나여추) 카페의
혼자 여행 핵심꿀팁들을 모아모아 
전국 방방 곳곳의 멋진 나홀로여행지 코스/맛집/숙박 정보로 가득한
멋진 책이 나왔습니다. 감사합니다ㅜㅜ 
어디에 뭐가 있는지 몰라서 제주도만 가고 있었거든요ㅜㅜ
(나여추 카페: https://cafe.naver.com/naganda) 나간다.ㅋㅋㅋ 너무 귀엽네요.ㅋㅋㅋㅋ

독자의 1초를 아껴주는 정성! (길벗의 문구 넘 좋아요♡)
나홀로 국내여행의 교과서! 
<나홀로 여행 컨설팅북> 열심히 보고 달달 외워서 전국 탐방 도전해볼래요!

목차만 봐도... 와... 전국여행!
가까운 서울/경기/인천 부터 탐험하고, 
강원도/충청도/경상도/전라도 다 뚫어야겠어요!
(제주도는 사랑입니다♥)

INTRO 부분부터 나홀로 여행에 좋은 정보들로 가득했어요!
(나 홀로 여행 Q&A ~ 무엇을 가져가야 하나요?, 게스트하우스에 대한 궁금증들, 여자혼자모텔괜춘? 등...)

특히 여행책을 볼 때 (제가 생각하는) 가장 중요한 Best 시리즈.
""여기 꼭 가야지"", ""이거 꼭 해야지""라고 결정하게 되는 중요한 부분인데,
좋은 주제들로(특히 먹방!!), 멋진 사진들과 함께 잘 소개되어 있었습니다.
아래 사진 참고하세요. (속초, 군산, 제주, 경주, 통영!! Wow~!! 울산 대나무숲 꼭 가야지!!)
아래 페이지 말고도, 정말 너무너무 좋은 정보들로 가득했어요!


이 책의 핵심은, 잘 정리된 지도들이 아닐까...★
위와 같이, 제가 가장 좋아하는 구성으로 되어있더군요.
지도 위에 (핵심)사진과 함께 알아보기 쉽게 표현된 구성!
특히... 제가 고등학교 때 지리 수업이 없어서 국내지리에 약한데, 
사진과 함께 전국 곳곳을 알 수 있어서 넘 좋았습니다ㅜㅜ
교과서와 다른, 읽고 싶고 알고 싶은...ㅜㅜ 아시죠? ㅎㅎ
우리나라 지리 공부에도 넘 좋은것같군요~♥

아래부터는 제가 책을 읽으며 
""여긴 꼭 가야해!"" 싶었던 매력적인 곳들을 추렸습니다.
저의 심한 개인 취향이지만, 여러분도 이거 보심 당장 떠나고 싶을걸요?^^♥
아... 강화도에 섬이 많죠..
제주도 말고, 섬에 감히 가 볼 생각을 못했어요~
섬, island! 섬도 여행 로망 중 하나인데 말이죠!
석모도 넘 멋지네요~
특히 서해쪽으로 가면 일몰 꼭 봐야죠!
어머... 지금까지 내륙여행에서 일몰 보러 간 적이 없는거 있죠ㅜㅜ

아래 조그맣게 첨부된 멋진 일몰 사진을 보니, 꼭 떠나야 겠습니다.
석모도로!

How to go. 가는 방법까지 세세하게 나와있는 배려! 독자의 1초를 아껴주는 정성!
위 페이지 좀 보세요ㅜㅜ
감동의 쓰나미...★
지도 구성 넘 좋아요! 정말 한 눈에 보기 쉬운!!! 배려 가득한 여행책! (여행책들 다 이랬으면...)

강화도에도 루지가 있었네요! 
보기만 해도 즐거운 ""강화 놀이 지도""였습니다.

양평~ 넘나 좋은 것.
이 페이지에 실린 사진들, 큰것부터 작은 것까지 하나 하나 넘 멋지네요.
아래와 같이 Q&A 페이지에서도 멋진 사진들이 있어, 가서 뭘할지 미리 알아볼 수 있었어요.


강원도 태백에 한강 발원지가 있었군요!
와... 신선이 나올 법한 풍경~♡
물도 정말 맑네요.

이렇게 전국의 몰랐던 ""살면서 꼭 가봐야 할 곳"" 정보도 담겨있네요!
한강 발원지는 정말 꼭 가봐야 하지 않겠어요?^^

와... 창녕이란 곳이 있었군요... 
정말 고즈넉하네요. 여유를 느낄 수 있는 아름다운 곳...

대구에서 이렇게 풍등도 날릴 수 있나봐요.
간혹 만나는, 전국의 이런 멋진 축제 사진들.
책에 멋진 순간이 담겨 있는것도 좋았습니다.

제주도도 테마별로 지도에 일정을 담아놔서 너무 좋았어요.
요즘 인기인 ""카페투어"" 테마!
20만 카페 회원들의 노하우가 담겨있는거 인정!!

혼여의 핵심 정보들로 가득한 <나홀로 여행 컨설팅북>.
""어디를 가야 할지 몰라서"" 못 가는 건 이제 그만, 
언제든 시간 나면, 가방 싸들고, 훌~쩍~ 전국의 멋진 곳으로 떠날 수 있겠어요^^♥
벌써부터 넘나 설레는 것~~♥


#국내여행, #나홀로여행컨설팅북, #국내여행책, #국내여행추천책, #여행추천책, #1인여행코스, #여행추천코스, #나홀로여행, #나홀로여행추천지, #여행추천지
※출판사로부터 도서를 제공받아 작성한 리뷰입니다."
9791165212612,"예전에는 여행하면 혼자 떠난다는 생각을 잘 하지 못했어요
그런데 나이를 먹어가니 홀로 조용히 발길 닿는 곳으로 나홀로 여행을 떠나도 좋겠다는 생각이 들더라구요
그런데 해외는 아직은 용기가 안나서 무리이고 국내여행은 나홀로 여행 충분히 할 수 있지 않을까 싶어요
20대 30대엔 친구들과 여러명이서 하는 시끌벅적한 여행이 좋았다면
이젠 조용히 생각하며 나를 돌아보거나 사색할 수 있는 그런 여행이 좋더라구요
그런데 여행을 떠나가기 그리 쉽지는 않더라구요
준비할 것이 많기 때문에 나홀로 여행도 망설여지는데요
그런 걱정을 무색하게 하는 혼자 여행하는 나홀로 여행족에게 알맞은 국내여행 가이드북이 있어 만나보았습니다
길벗의 국내여행서 나홀로 여행 컨설팅북이랍니다

나홀로 여행 컨설팅북은 혼자하는 여행에 필요한 정보왇움을 주고받는 나여추의 매니저인 이주영씨가 지은 책으로 홀로 여행하기 좋은 1인 코스와 맛집, 숙박등을 실고 있습니다.
서울, 경기도, 인천, 강원도, 충청도, 경상도, 전라도, 제주까지 골고루 가볼만한 여행지를 소개하네요.

혼자하는 여행은 아무래도 용기가 필요한데요
본격적인 홀로 여행하기 좋은 국내여행지 소개전에 나홀로 여행력 테스트부터 준비물, 주제별 여행지를 사진과 함께 간단하게 소개한 인트로가 먼저 있어 도움을 받을 수 있어요

저는 해외여행을 많이 못해본 것에 비해
가족여행으로 국내여행은 이곳저곳 다녀본 곳이 있어
길벗의 국내여행서 나홀로 여행 컨설팅북을 보며 지난 여행지는 되돌아보는 것도 재미있더라구요
우리나라 멋진 여행지가 행정구역별로 잘 소개되어있는데요
특히나 전 최근 모 프로그램에 나오던 울산을 보며 울산 여행을 가고 싶더라구요
할아버지 할머니가 계셨었고 어린 시절의 추억이 있던 고향이기 때문에 더욱 그렇더라구요

나홀로 여행 컨설팅북은 지역별로 지도와 함께 여행지의 위치를 보여줍니다.
그리고 여행지에서 놓치지 않고 꼭 해봐야할 일을 먼저 소개합니다.
그 아래에는 미션을 완료했는지 체크하는 코너도 있어 재미있네요.
어떻게 가는지 가는 방법과 함께 별점으로 저자의 총평도 담아두어 혼자 여행하기에 좋은 곳인지 아닌지도 알 수 있어 좋습니다.

그리고 Q&A를 통해 홀로 여행족들이 많이 하는 질문에 답을 주어 여행지별 궁금증까지 해소시켜줍니다.
완전 꼼꼼한, 가이드북, 컨설팅북입니다.

특히나 한눈에 보는 여행지의 지도가 있어 여행 동선짜기에 완전 좋으네요.
모를 땐 컨설팅북에 나와있는 놀이지도대로 다녀도 되겠다는 생각이 들더라구요
이 놀이지도를 기본으로 해서 여행지를 더하거나 빼도 되겠다는요.

항상 여행을 가면 뭘 먹어야하지? 어디서 자야하지? 고민인데
맛집과 숙박지도까지 첨부해 처음가는 곳이라도 고민할 필요가 없도록 해 놓았습니다
거기다 대략적인 여행경비까지 계산해두어 여행계획을 세울 때 도움을 많이 받을 수 있는 나홀로 여행 컨설팅북이랍니다.

마지막으로 책 뒷부분에는1년 12달 중에 어디로 여행을 가면 좋은지 여행 캘린더도 있어
여행지를 고를 때 참고하면 좋겠네요
차례를 보지 않아도 여행지, 맛집, 숙박도 인덱스로 되어있어 찾아보기 쉽습니다

길벗의 나홀로 여행 컨설팅북은 앞으로 혼자 떠나는 여행을 할 사람들에게 여행에 대한 불안감을 해소시켜주고 혼자 여행도 충분히 가능하다는 걸 알려주는 가이드북같은 책이랍니다
홀로 여행을 떠나실 분들에게 여행계획을 짜는데 도움이 되는 알짜 정보가 담긴 여행 컨설팅북이네용
혼자 떠나는 여행 한번도 해보지 않았는데요
코로나19로 여럿이 떠나기도 힘든 시기에 가까운 곳이라도 대중교통을 이용해 조용히 홀로 떠나보는 것도 좋을 것 같네요.
미지의 곳에서 혼자만의 시간을 가지며 나를 돌아보는 기회도, 다른 도시의 색다른 맛, 경치 등을 즐기는 것도 좋겠다는 생각을 해봅니다.
나홀로 여행을 계획하시는 분들에게 추천하고 싶은 국내여행서
나 홀로 여행 고수가 알려주는 여행 꿀팁이 가득한 책
나홀로 여행 컨설팅북이었습니다."
9791165212612,"1인 인구가 늘면서 
혼자 식당에서 밥을 먹거나 혼자 여행을 다니는 일이 
이제는 전혀 이상하거나 낯설지 않는 시대가 되었다.

바쁜 현대인들이 서로 시간을 내어 
함께 여행을 계획해서 간다는 게 어쩌면 더 힘들고 
코로나가 터진 요즘엔 더 어려운 일이지 않나 싶으면서도

한편으로는 
혼자만의 여행이 과연 재미가 있을까, 
어색하지는 않을까 하는 생각이 드는 사람도 있을 것이다.

나만 해도 
살면서 혼자 얼마나 많은 여행을 다녔나 생각해보면 
손에 꼽을 정도이니 말이다.

그 손에 꼽을 혼자만의 여행도 
장기간 여행은 하나도 없고 
당일치기 혹은 기껏해야 가까운 거리의 1박 정도였고
많은 시간 계획하거나 알아본 여행이 아닌
단지 답답하고 지친 현실에서의 도피나 쉼표 정도의 여행이었다.

결혼을 하고 아이들을 육아하면서 살고 있는 지금이 되어서야
왜 좀 더 일찍, 어릴 때, 현실적인 제약이 덜할 때 
나 혼자만의 여행을 많이 다니지 않았나 하는 아쉬움이 크다.
 
[나홀로 여행 컨설팅북]

나는 여행을 가기 전에 
긍정과 부정적인 후기를 다 보고 
동선과 시간 등등을 빠짐없이 보고 선별해서 계획을 하기 때문에 
사실 여행에서 실망하거나 나쁜 기억으로  끝난 여행은 없었던 거 같다. 
하지만 그렇게 다각도로 따지고 따져서 계획을 짜기 때문에 
종종 여행 계획을 세우면서 이미 많은 에너지를 써서 
지치기도 하고 스트레스도 어느 정도 받는데 
이런 책이 있다면 그런 수고가 현저히 줄어들 것 같다.

요즘은 인터넷으로 무한 정보를 얻을 수 있는 대신에 
너무나 많은 정보들의 홍수 속에서
나에게 꼭 맞는 정보를 찾는 게 더 어려운 일이 되어 버렸다.

그래서 이렇게 컨셉이 있는 책이 반가울 때가 있다.

나홀로의 여행을 계획하는 사람이 
꼭 챙겨야 할 사항들을 조목조목 따져 실은 책이라니 
이 책 한 권만 있어도 당장 여행을 갈 수 있을 것만 같다.
 
나홀로 여행가기 나만의 추억 만들기(나여추) 카페를 
운영하는 카페지기 이주영 작가가
스스로 경험한, 그리고 
카페의 많은 회원들의 노하우를 총망라하여 만든 책이 바로 이 책,
[나홀로 여행 컨설팅북] 이다.

그래서 책 시작 부분에 
혼자 여행할 때의 마음가짐이나 꿀팁들을 
살뜰히 제공하고 있는데

사실 여행이라는 것이 
시간적 여유나 자금의 여유도 있어야겠지만 
가장 있어야 하는 게 
여행하고자 하는 마음이다.

혼자 여행 가본 이들의 이 말들이 
얼마나 공감이 가던지 
이 부분을 읽고 또 읽게 되더라...
 
우리나라의 멋진 여러 곳을 여행해봤지만 
솔직히 아직 두렵기도 해서 시도조차 잘 못했던 것이 
바로 섬 여행이다.

날씨의 변화로 오가는 게 불가한 상황이 생기면 어쩌나 하는 
불안함이 가장 큰데 
그래도 언젠가는 
우리나라의 많은 섬들을 한 번씩 보고 싶다는 작은 소망이 있다.
 
이 책의 목차는 
여섯 파트로 나누어 지역별로 묶어두었는데 
확실히 여행책자이기 때문에 
이렇게 나누는 것이 보기가 편하다.


혼자 여행을 간다~? 
그 말 하나로도 여러 궁금증과 두려움이 생길 것이다. 
누구나 한 번쯤 궁금했을 것들을 이렇게 Q & A 들로 정리해두었다.
 
지역별로 나누어 책 내용의 흐름이 비슷하기 때문에 
좋은 기억으로 남았던 
강릉 페이지를 펴보았다.

여행지마다 어떤 계절이 유난히 멋진 절경을 보여주는 곳들이 있다. 
그래서 여행하기 좋은 계절을 함께 안내하고 
여행을 하기 위한 정보를 알 수 있는 문의처의 전화번호도 안내되어 있다.

여행지가 정해지면 교통수단을 고민해야 하는데
시간이 얼마나 걸릴지, 금액은 얼마나 들지 자세히 안내하고 있어서 편리하다.

다만 출발지가 서울 기준이기 때문에
타 도시에서의 출발이라면 다시 알아봐야 한다.
 
강릉 내에서의 여행에 관한 궁금증을 
이렇게 항목별로 Q&A 형식으로 사진과 함께 제공하고 있어 
간편하게 여행 계획을 할 수 있다는 점이 좋았다.



지도와 함께 1박 2일 코스를 제공하는데
처음 그 여행지를 가는 사람이라면 
단지 이 코스대로만 가도 유명한 곳은 갈 수 있으니 
충분할 거 같다는 생각이 들었다.

코스의 관광지에 대한 설명도 사진과 함께 있고 
관광지마다의 소요시간까지 그래프로 표시하고 있어 
가독성이 무척 좋다.
 
여행지의 동선이 정해지면 
맛 집과 숙박할 곳을 알아봐야 하는데 
맛 집과 숙박지도를 따로 제공하여 
한눈에 보기가 좋다.

맛 집이라도 2인 이상 주문해야만 하는 곳도 많은데 
이 책은 나홀로 여행 컨설팅북 답게 
1인 메뉴가 있는 식당을 알 수 있어서 
세심한 배려가 엿보인다. 
금액도 기재되어 있어서 여행 계획을 세울 때 
예산 잡기도 편리하다.



혼자 여행하기에 두려움이 가장 큰 데 
든든한 후원자가 생기는 느낌이다. 
혼자 여행해 본 이들의 노하우가 압축되어 있어서 
검증된 내용이고 핵심만 간추려진 느낌이라 
두려움은 살짝 미뤄두고 
이 책 속에서 내가 사는 곳과 가까운 여행지부터 
한번 시도해보길 추천한다.
 
※ 이 포스팅은
'리뷰어스 클럽' 카페에서 진행된
서평 이벤트에 당첨되어 도서만을 증정받아 읽고가감 없이 주관적이고 솔직하게 작성된 후기입니다.
 "
9791165212612,"여행하기 좋은 계절입니다. 바람도 선선하고 단풍도 서서히 들기 시작해서 어디든 떠나기만 하면 좋은 풍경을 만날 수 있는 계절이죠. 물론 지금 당장 여행을 떠나는 것은 어렵겠지만, 곧 상황이 좋아질 거라고 생각해요. 그래서 오늘은 <나홀로 여행 컨설팅북>으로 대한민국 곳곳을 여행할 계획을 세워볼까 합니다. 물론 이 여행의 묘미는 '나 혼자'떠나는 여행이라는 데 있습니다.


어디로 떠나야 할지 고민되시죠? 평소에 여행을 자주 가거나 여기저기 많이 다녀본 사람들은 이 계절에는 어디가 좋다 이런 내용들을 머릿속에 저장하고 있겠지만, 그렇지 않은 분들은 막상 어디로 떠날지 고민되죠?


그럴 때는 내가 가고 싶은 여행이 어떤 여행인지를 생각해보면 좋습니다. 산으로 갈지 바다로 갈지, 액티비티를 즐길지 아니면 혼자서 명상할 수 있는 시간을 가지고 싶은지. 여행의 목적에 따라 어떤 장소를 가면 좋을지 생각해볼 수 있습니다.


특히 혼자서 떠나는 여행에 익숙하지 않은 사람들을 위한 Q&A를 통해서 궁금증을 해결할 수 있는데요. 여행블로그에서 보면 궁금한 점이 많은데 막상 물어보기에는 너무 뻔하고 눈치 보이는 것 같은 질문들을 골라 답하고 있기 때문에 여행 초보자들에게 많은 도움이 됩니다.


어떤 식으로 책이 구성되어 있는지 남해 편으로 살펴볼게요. 우선 여행지에 대한 간략한 소개와 여행 가기 좋은 계절이 언제인지 체크해볼 수 있습니다.
그리고 여행지에서 꼭 해봐야 할 일과 가는 방법을 확인할 수 있는데요. 남해 같은 경우에는 버스로만 이동이 가능하다니 뚜벅이 여행자들은 참고하면 좋겠네요.


그리고 동선을 짤 수 있도록 도움을 주는 지도까지. 놀이지도에서는 이 지역에 어떤 볼거리가 있는지를 살펴볼 수 있는데요. 특히 어떤 코스로 여행을 가면 좋을지 참고가 될만한 여행코스가 짧은 일정으로 짜여 있어서 좋습니다.

맛집 정보도 빼놓을 수 없겠죠? 요즘은 여행블로그가 워낙 잘 되어 있어서 정보를 얻기가 수월합니다. 그렇지만 여행은 보는 것보다는 직접 여행을 하며 겪는 과정들이 즐겁잖아요? 우리나라 여행은 기본적으로 언어가 통하기 때문에, 너무 많은 정보를 알고 가는 것보다는 기본적인 정보만 체크하고 나머지는 직접 가서 즐기는 것도 좋을 것 같습니다. 어디로 떠나야 할지 고민될 때, 무엇을 해야 할지 고민될 때 혼자서 하는 여행의 A부터 Z까지 알려주는 <나홀로 여행 컨설팅북>이었습니다.





출판사로부터 책을 제공받아 작성했습니다."
9791165212612,"'나홀로 여행가기 나만의 추억만들기(나여추)'카페를 운영하고 있는 이주영작가님의 책이네요.
그러면 더 다양하고 혼자여행할때 초보들도 가이드북으로 너무 좋을거같은데요?
결혼하기전에는 그래도 친구아니면 혼자 여행도가고 놀러도 다니고 한거같은데 결혼하고는 혼자여행가본적은 없네요..
가끔혼자만의 시간도 필요할때도 있는데 말이죠..

이책의 구성도 살펴보며 어떻게책을봐야할지 알아보았구요. 나홀로여행컨설팅북은 2020년8월을 기준으로 최대한 정확한 정보를 싣고자 노력하셨데요.

나홀로 여행의 모든 궁금증에 답한다.
<나 홀로 여행 Q&A>보면서 혼자 여행할때 숙소정하는거 궁금했던점들 답변들이 잘되어있어 도움이 되었어요.

아직 못가본 곳중 젤 여행가고 싶은 담양한번 살펴볼께요.
혼자여행가기 좋은계절은 4~5월.9월이구요
꼭해봐야할일 리스트에 적어두고해보는거에요.
가는방법등등 적혀있어 너무좋았어요.

담양에 가는방법.대중교통이용법.자건거대요가능하곳.
죽녹원산책길 등등 궁금증들 해소가 한번에 되는 Q&A도 있어 혼자여행하시는분들 진짜 좋은 정보되시겠어요.

여행가면 구경하고 노는것도 중요하지만 숙소와 맛집.경비도 중요하죠?
'나여추'카페 분들의 맛집.숙소 공유다보니 블로그 찾는것보다 더 좋은듯해요.
그리고 숙소도 호텔.한옥.게스트하우스등 많은 정보가 담겨있어 비교하며 숙소잡기도 좋더라구요
마지막으로 교통비부터 숙소.입장권등 대략 1박2일 여행경비도 계산해볼수있어 더 좋았네요.

책으로 너무좋았던곳 알게되어 언릉 여행가고싶어지네요.
혼자 여행계획하시는 분이라면 이책 추천드려요.."
9791165212612,"혼자 여행하는 사람을 위한 '나홀로 여행 컨설팅북'
네이버 카페에서 무지무지 유명한 '나.여.추'라는 카페의 운영자이자 여행작가가 만든 책이에요.
저도 결혼전에는 나여추 카페에 엄청 들락날락했었는데요.
지금은 나홀로하는 여행이 어려워졌지만ㅠㅠ
그렇다고 여행을 못하는건 아니니,
'나홀로 여행 컨설팅북'만의 여행 TIP을 제 여행 TIP으로 만들어 여행을 가고 싶어요!
옛추억이 생각나는 나여추의 여행이야기~
기대를 가득 안고 책을 보았답니다^^


이 책은 혼자서 즐길 수 있는 국내의 여행지를 엄선하여 소개하고 있다고 글 첫머리에 나와 있어요.
더더더 혼자서 여행가고 싶은 충동이 생깁니다~~~~
요즘 '초보운전' 붙이고 운전연습중인데
여행책 보니 얼른  장거리 여행이 가고 싶어져요~


'나홀로 여행력 TEST'가 있어요.
저는 YES가 4개 나와서 '초보 나홀로 여행자!'에 속하네요 ㅎㅎㅎㅎ
우선은 가까운 곳은 혼자서 여행갈 수 있다는 결과가 나와서 더욱 용기가 생깁니다!!
마음같아선 혼자서 제주도도 너끈히 다녀올 수 있을 것 같은데,
테스트를 보니 혼자 여행하려면 아직 부족한 면이 많이 보이네요;;
나홀로 여행을 위해 노력해야겠어요!! 아자아자!!!!


진짜 정말 너무나 좋은 여행지들이 엄청 많아요.
초보를 위한 여행지를 시작으로 혼자서 여행할 수 있는 산, 들, 바다 추천지가 많아요!
멍때리고 싶은 여행, 쉬엄쉬엄 여행, 무조건 바다 여행, 먹방하고 싶은 여행 등등
이 책 하나면 어디든지 원하는 곳에 가서 즐거운 여행이 가능할 것 같아요~~~
저는 이 중에서 쉬엄쉬엄 여행이 하고 싶네요 ㅎㅎ
아주 어렸을 적 가보았던 남해에 가 가보고 싶어요~^^


이 책에 나오는 수많은 여행지 중에서 저는 그래도 제주도가 가장 가고 싶어요.
가족여행으로 매해 가기로 했었는데 작년에는 건강상의 이유로 못가고,
올해는 코로나때문에 가질 못했거든요ㅠㅠ
지금도 제주도로 여행가시는 분들이 많긴 한데...
우리집에는 두꼬맹이들이 있어서 더욱 걱정되어 올해는 패쓰하려구요~


책에는 각 도별 여행지들이 소개되어 있는데 아주 자세히 나와 있어요.
각 여행지의 꼭 해봐야 할 일, 가는 방법, 그 여행지를 여행하기 가장 좋은 계절, 
걷을 수 있는 코스, 자전거로 가기 좋은 코스, 2박 3일 코스, 3박 4일 코스, 
맛집과 숙박 지도, 
그리고 맨 뒷장에는 '나 홀로 여행 오늘 하루 어땠나요?'라는 일기장같은 여행일지가 있어요.
이 책을 가지고 떠나는 여행의 마지막에는
여행일지를 써보는 것이 정말 좋은 추억이 될 것 같아요!

여행가기 좋은 계절에~
정말 여행하고 싶어지게 만드는 책이에요~!
여행 좋아하시는 분들! 혼자 여행가고 싶으신 분들!
이 책 추천합니다^^

#나홀로컨설팅북, #이주영, #길벗, #컬처블룸, #컬처블룸리뷰단
<본 리뷰는 네이버 '컬처블룸' 카페를 통해 업체에서 무상으로 지원받아 작성한 솔직한 후기입니다.>"
9791165212612,"여행이 주는 즐거움은 대단합니다. 지도를 보며 여행 계획을 세울 때, 숙박시설을 예약할 때, 캐리어에 차곡차곡 짐들을 정리할 때, 열심히 면세점에서 쿠폰과 적립금을 써가며 쇼핑할 때 등등 여행은 준비하는 과정부터가 상당히 설렙니다. 여행을 떠날 땐 또 어떤가요? 자전거나 자동차, 기차, 비행기 등을 타고 목적지에 도착할 때까지도 두근거리는 마음을 진정할 수가 없습니다. 여행지에서는 현실의 팍팍함을 잊고 새로운 환경에 매혹되어 시간이 이대로 멈췄으면 좋겠다는 생각이 들곤 합니다. 이렇게 여행은 즐거움과 기대, 설렘을 선사해 주고 있어서 떠나기만을 간절하게 기다립니다.

최근 『나홀로 여행 컨설팅북』이라는 책을 만나면서 국내여행의 매력에 푹 빠졌습니다. 이 책은 20만 회원을 보유하고 있는 『나홀로 여행가기 나만의 추억 만들기』라는 네이버 카페를 운영하는 저자가 쓴 여행 도서입니다. 서울 경기도 인천, 강원도, 충청도, 경상도, 전라도, 요즘 핫한 제주도까지 전국 여행지를 모두 담았습니다. 목적지만 선택하면 해당 지역의 여행 코스, 교통 편, 식당, 숙소, 경비까지 추천해 주고 있어서 여행 계획을 세울 때 참고하기 좋습니다. 혼자 여행을 해도 충분히 많은 것을 보고 즐길 수 있도록 알찬 정보가 가득합니다. 먼저 여행지만 선택하세요. 나머지는 이 책에게 맡기시면 됩니다! 



나홀로 국내 여행의 모든 것
1인 코스와 맛집, 숙박까지 깔끔하게 정리되어 있어서 여행지만 선택하면 준비할 것을 척척 알려주고 있습니다. 동선을 머리 아프게 짜지 않아도 기본적으로 1박2일 코스가 나와 있어서 동선대로 따라 하기가 편합니다. 또한 대략적인 교통비와 식비, 입장료 등을 계산해 주고 있기 때문에 여행경비를 정리하기에도 좋습니다. 교통수단도 교통비, 소요 시간들이 상세하게 나와 있어서 목적지까지 가는 방법을 따로 찾아보지 않아도 됩니다. 그리고 나홀로 길 찾기, 나홀로 밥 먹기, 나홀로 잠자기에 대한 저자의 별점과 총평이 나와 있어서 나에게 맞는 여행지를 찾아보는 데에 도움이 됩니다. 지역마다 그곳에서 꼭 해봐야 할 3가지 미션을 주고 있어서 여행을 하며 성취감을 느낄 수 있도록 합니다. 마치 도장 깨기 같습니다.  이 책의 가장 큰 장점은 지역마다 Q&A가 있는데 혼자 여행하는 사람들이 그 지역을 여행하면서 궁금해할 법한 내용들을 친절하게 담았습니다. 예를 들어 서울에서는 고궁과 야시장, 청계천, 교통 편, 시티투어 등을 물어보고 있고 정보를 얻을 수 있는 곳이나 자료들을 꼼꼼하게 답변하고 있습니다. 




국내여행 최신 정보가 가득
이 책은 2020~2021년 최신 개정판으로 영월, 태백, 보성이 추가되었습니다. 지도 중간에는 지역적 배경이나 각종 정보를 알 수 있는 꿀팁들이 적혀 있어서 따로 검색하지 않아도 되는 수고를 덜어줍니다. 서울에 살고 있지만 책에 나와 있는 서울지역을 보면서 의외로 안 가본 곳이 많다는 생각이 듭니다. 사실 이전까지도 국내여행은 1박 2일 프로그램을 통해서 보기만 했지 실제로 가보겠다는 생각을 하지 않았습니다. 국내라서 언제든지 갈 수 있다는 생각에 늘 여행 순위에서 제외하고 있었습니다. 하지만 책에서 소개하는 많은 장소와 여행정보를 보며 국내에도 정말 멋진 곳과 볼거리, 맛집들이 많다는 걸 느꼈고 지금이라도 당장 떠나고 싶은 마음이 들었습니다. 이 책을 통해 국내 여행에 크게 관심이 없었던 분들도 국내 여행의 매력을 충분히 느끼실 것 같습니다.




일단 결심했다면 용기를 가지고 출발!
Q&A 형식으로 나 홀로 여행에 대한 조언을 들을 수 있습니다. 혼자 여행하는 건 처음이라서 평소에 궁금했던 부분들이 많았는데 진심 어린 조언 덕분에 준비를 좀 더 꼼꼼하게 할 수 있을 것 같습니다. 그중 ""혼자 하는 여행에서 가장 필요한 건 역시 용기인 것 같아요. 한 번의 용기로 엄청난 깨달음을 얻을 수 있어요.""라는 한 마디가 마음에 와닿았습니다. 여행을 떠나기 전, 고민과 생각이 많아지지만 책의 조언처럼 막막했던 마음을 접어두고 일단 출발해보는 용기를 가져야겠습니다. 



지난 4월에 스페인과 포르투갈 여행이 예정되어 있었지만 안타깝게도 코로나 바이러스 때문에 여행 일정을 모두 취소했습니다. 작년부터 계획했던 해외여행이기에 상당히 속상했었습니다. 저처럼 부득이하게 여행을 가지 못한 분들이 많이 있을 겁니다. 코로나 여파로 해외여행 수요가 상당히 축소되었다고 합니다. 그러나 해외여행을 떠나지 못한 사람들이 국내여행에 관심을 가지면서 국내여행 수요가 상당히 늘고 있으며 더욱이 감염 예방을 위해서 타인과 접촉을 피하는 나홀로 여행이 인기있는 추세입니다.

여행은 익숙했던 일상을 벗어나 새로운 공간, 새로운 환경에 자신을 맡기며 평소와 다른 나를 만나게 합니다. 또한 여행 중에는 계획했던 대로 일정을 보내지 못하는 경우도 생기고 의도하지 않았던 상황을 겪기도 하면서 세상이 순리대로 되지 않음을 깨닫습니다. 경험으로 한층 더 성숙해지고 낯선 환경에서 두려움을 이겨내는 것이 여행이 주는 교훈일 것입니다. 게다가 혼자 여행을 떠나는 것은 더욱 특별합니다. 처음에는 혼자라서 부끄럽고 쑥스럽게 느껴질 수 있겠지만 나 자신을 진지하게 들여다볼 수 있는 시간을 가지면서 좋은 추억을 쌓고 새로운 활력을 충전할 수 있으리라 생각합니다. 이 책을 보면서 혼자 여행하는 걸 즐기는 사람이 의외로 많다는 사실에 마음이 든든합니다. 이번 가을에는 개인위생수칙을 철저히 지키면서 『나홀로 여행 컨설팅북』과 함께 홀로 떠나는 여행을 준비해 보시는 건 어떠실까요?


* 출판사로부터 무료로 책을 제공받아 직접 읽고 쓴 리뷰입니다."
9791165212612,"  나홀로 여행 컨설팅북 : 혼자 여행하는 사람을 위한 1인코스·맛집·숙박
혼자 여행을 계획하는 당심을 위한 A to Z 컨설팅북
 나홀로 여행 해보신적 있으신가요?
전 안타깝게도 제 평생동안 한번도 해본적이 없는것같아요ㅠㅠ
어릴때는 겁도 많았고 딱히 혼자 여행가고싶다는 생각을 해본적이 없는데요.
나이가들고 혼자있는시간이 많지않은 요즘은 혼자서 여행 안해본게 아쉽더라구요.
특히나 요즘 코로나 19때문에 여행에 대한 갈망이 더 높아지기도 했고요.
못해도 한 달에 한번이상은 가족여행을 했던터라.....
 나홀로 여행 컨설팅북은 혼자서 글길 수 있는 국내의 여행지를 엄선하여 소개했어요.
책에 소개된 여행지의 교통편, 음식점 및 카페, 숙박업소, 여행 경비 등의 정보는 2020년 8월을 기준으로 정확한 정보를 싣고자~~
    혼자 떠나는 여행~~
나 홀로 여행력 TEST를 해봤는데 나 홀로 여행은 힘들 수도.....
혼자 하는 여행, 상상만으로도 좋기도하고 걱정이 되기도 하는데요.
미리 혼자 여행 다녀온 분들의 이야기도 들어보며 용기 백배 해봅니다.
    여행지에서 놓치지 않고 꼭 해봐야 할 일을 소개합니다.
여행지까지 대중교통 수단을 이용해 가는 방법, 나 홀로 여행지의 장단점을 한눈에 알아 볼 수 있도록 별점으로 표시했어요.
    여행지별 궁금한 사항을 속 시원히 풀어주는 Q&A
질문은 나홀로 여행하기, 나만의 추억 만들기 카페에서 자주 등장한 단골 질문으로
그 지역을 처음 여행하는 사람들이 가장 궁금해 하는 것들을 엄선했어요.
    각 지역을 혼자서 여행하는 베스트 코스와 더 가볼만한 곳, 혼자 여행의 꿀팁, 여행지별 소개, 미니 코스 등을 소개합니다.
    지역에서 꼭 가보야 할 맛집과 혼자 묵기 좋은 숙소를 소개
여행 일정에 따른 대략적인 경비를 명시해 두었어요.
  이거저것 둘러보고 맛있는 거 먹고~~~
이게 바로 여행의 묘미죠.
요즘은 여행의 묘미를 제대로 못 즐기고 있는데요.
이렇게 나홀로 여행 컨설팅북 보면서 여행하고픈 마음을 달래보는 중이에요.
곧 아무꺼리낌없이 여행할 수 있는 날들을 꿈꾸며!!!
그리고 혼자서 여행할 수 있는 용기도 키우고~~~
나 홀로 여행의 고수가 알려주는 리얼 꿀팁들로 중무장을 해봅니다.
 도서를 제공받아 작성한 리뷰입니다."
9791165212612,"#나홀로여행컨설팅북 #국내여행 #혼자여행 #나여추카페여행꿀팁 #길벗 #1인여행

나홀로 여행 컨설팅북
이주영 지음 / 길벗

네이버 카페 나여추의 매니저 헤이쭈 이주영님이 지으신
혼자 여행을 위한 정보와 꿀팁 가득한 책,
나홀로 여행 컨설팅북.
서울, 경기, 인천, 강원도, 충청도, 전라도, 경상도, 제주도까지
전국 방방 곡곡의 여행지 추천에서부터
교통편, 숙소, 맛집 정보 그리고 직접 다녀본 분들이 전하는
소소한 꿀팁까지.
여행을 떠나고 싶을 때 펼쳐보면 좋을 정보들이 가득한 책이네요.
코로나19로 인해 매년 한 번씩 떠나던 해외 여행도,
소소히 친정 식구들과  떠났던 국내 여행도
전혀 하지 못하는 상황에서 책을 보며 언젠가 다시 떠날 때를 위해 공부하는 마음으로
혹은... 상상속의 여행을 하는 느낌으로 한 곳, 한 곳.....살펴봅니다.

나홀로 여행의 Q&A.
이 부분은 혼자 여행을 계획하고 생각하고 계시는 분들에게는
아주 소중한 정보네요.
혼자 여행의 시작, 챙겨야 할 짐, 저도 아직 한 번도 묵어보지 못한 게스트 하우스,
아직은 거리감이 느껴지는 모텔 이용을 위한 질의 응답에서부터
여행지 맞춤 준비물이나 시기에 따른 여행지 선택 요령도
도움이 많이 될 것 같아요.


혼자 여행을 가게 된다면 꼭 가 보고 싶은 곳은 강릉.
강원도의 매력에 뒤늦게 빠져들었지만
가족 여행으로도 제대로 둘러보지 못했던 곳.
혼자 여행을 떠나 강릉을 돌아보며 카페 투어도 해 보고
혼자 겨울 바다를 바라보며 멍~ 때리는 시간도 가지고 싶어서
제일 먼저 펼쳐본 페이지랍니다.

강원도는 그래도 몇 번 가 보기도 했고
그래서 더 매력을 느끼는 곳이기도 하지만
전라도는 나에게 미지의 세계.
여수에 한 번 가 본 것을 제외하고는
전라도에 가 본적이 없어서 더더욱 그 모습이 궁금해지는 곳.
언젠가 그 곳을 찾을 날을 기다리며
장소 한 곳 한 곳 꼼꼼히 살펴보게 되더라구요.
내가 가 보았던 유일한 전라도 여수 편을 보면서
내가 갔던 곳을 떠올리며 추억에 젖는 시간도 가져봅니다.
언젠가... 코로나가 끝이 나고 마음 편히 전국 방방 곡곡을 누릴 수 있는
그 날을 꿈꾸며...
꿈 속에서라도 가고 싶은 여행지로 떠나는 꿈을 꾸고 싶어요 ^^


<출판사로부터 도서만을 제공받아 작성한 후기입니다>"
9791165212612," 뷰스타 반달진이예요 월요일 잘 보내고 계신가요~
저는 어제부터 지끈지끈거리던 긴장성 두통때문에
월요병 제대로 앓고 있는 중인데 코로나시대 주말,
휴일 집에서만 보내는 것도 만만치가 않더라구요!
게다가 나이가 들면 들수록 괜히 같이 여행다니다,
서로 눈치 보며 관계가 틀어지는 것도 피곤해져요!
그래서 요즘은 혼밥, 혼술처럼 혼행이 유행이지만,
막상 어디부터 어떻게 준비해야할지가 막막해져서
혼자 여행하는 사람을 위한 1인 코스?맛집?숙박
<나홀로 여행 컨설팅북> 미리 만나보았답니다^.^
   2016년 첫 출간 된 여행북 <나홀로 여행 컨설팅북>은
2020년 두 번째 개정판을 선보이며 현재 코로나 시대
끝난 후 국내 곳곳을 어떻게 안전하고 즐겁게 여행할지
최신 여행정보로 전면 업데이트하며 새롭게 선보여요!
우선 나홀로 여행력 TEST부터 한 후, 어떻게 준비하고
즐기면 좋을지, 혼자 여행 시작하기 좋은 지역을 비롯,
먹방여행, 멍 때리는 여행, 바다 전망 좋은 여행지처럼
다양한 테마로 나 혼자여행을 좋은 베스트 장소들부터
간단히 소개하고서 서울 경기도 인천, 강원도, 충청도,
경상도, 전라도, 제주도로 나눠서 소개하고 있답니다♪
   여행작가이지만, 실제 직장인으로 사회생활
하는 저자인 만큼 더 공감이 가는 여행북^^
1인 여행코스는 당연하고, 혼밥하기에 좋은
맛집, 혼자서도 안전하게 묵을 숙소를 소개!
약 20만 명의 회원들이 활동하고 있는 카페
'나홀로 여행 가기 나만의 추억 만들기'에서
추천하는 핫스팟 여행지까지 추가해서 굿~
SNS맛집은 물론이고 교통정보까지 실어서
이것저것 검색할 수고로움을 덜어주네요!!
<나홀로 여행 컨설팅북>처럼 떠나고파요~"
9791165212612,"도서
나홀로 여행 컨설팅북
혼자 여행하는 사람을 위한
1인 코스 . 맛집 . 숙박
안녕하세요.
오늘은 울 잇님들을 위한 도서를 한권 가지고 왔어요.
코로나로 인해 집콕,방콕중이시죠??
너무 갑갑하고 답답하고
혼자서 훌쩍 떠나고 싶을때이네요.
그런분들에게
책으로만으로도 여행의 기분을 느낄 수 있는 도서에요.
책을 한장한장 넘기면서
시작하는 여행 저 믿고 따라오실래요?!~
참, 이 도서는
나홀로 여행 가기 나만의 추억 만들기
20만 회원의 나.만.추 카페 회원들이
혼자 여행 꿀팁을 대공개 했으니 재미보장이에요.
작가 이주영
여행작가로 활동하면서 회사원이기도 해요.
직장 생활 외 시간에는 여행을 글과 말로 풀어내고 있으며,
틈을 만들어 여행가방을 싸는분이세요.
첫장을 내기면서
기분이 좋아지는 부분이에요.
독자의 1초를 아껴주는 정성을 만나보라는데....
기분이 좋아지네요.
이책의 구성
일러두기 본문들여다보기 그리고 알아두세요까지~
INTRO
나 홀로 여행력 TEST
나·여·추 회원에게 물었다!
나 홀로 여행 Q&A
나 홀로 여행 난 이렇게 준비하고 즐긴다
나 홀로 여행에 대해 한마디
혼자 여행을 시작하기 좋은 지역 BEST 5
태생이 가만히 있지 못하는 당신을 위한 여행지 BEST 3
여행은 먹방이죠 BEST 3
‘멍......’ 때리고 싶어요! BEST 3
힘든 등산은 싫고 바다 전망으로는 좀 아쉬워요 BEST 3
쉬엄쉬엄 여행하고 싶어요 BEST 3
바다면 돼요~ BEST 3
추천 템플스테이 BEST 3
혼자 걷기 좋은 길 BEST 4
혼자 가기 좋은 섬 BEST 4
서울ㆍ경기도ㆍ인천 038
서울ㆍ내멋대로, 내맘대로 도시여행 040
가평ㆍ설렘지수 300%, 아기자기 054
강화ㆍ역사, 문화 말고 오롯이 섬 여행 064
과천ㆍ잊고 지내던 동심 꺼내보기 072
양평ㆍ언제든 훌쩍 떠날 수 있어서 다행이야 080
여주ㆍ마음에도 시간을 좀 주렴 088
인천ㆍ지하철을 타고 시공을 초월하다 096
강원도 104
강릉ㆍ혼자 만끽하는 낭만 106
속초ㆍ싱싱생생 활력 충전 116
영월ㆍ감성 뿜뿜, 풍경 맛집 124
춘천ㆍ언제나 봄봄 134
태백ㆍ청량한 공기로 면역력 충전 144
충청도 154
공주ㆍ역사를 품은 풍경, 어바웃 타임 156
부여ㆍ역사 그 시간의 깊이 탐색하기 164
단양ㆍ산 좋고 물 좋고 분위기도 좋고 172
청주ㆍ도시 속 혼자 누리는 여유 182
경상도 190
남해ㆍ바람도 머물며 쉬어가겠지 192
부산ㆍ혼자서도 다이내믹! 200
창녕ㆍ한 박자 쉬고 두 박자 마저 쉬고 210
통영ㆍ나 홀로 여행의 성지 218
울산ㆍ천년을 건넌 바람과 바다의 노래 228
경주ㆍ차분하게 나를 돌아보는 시간 238
대구ㆍ형형색색 248
안동+영주ㆍ무심한 듯 마음을 울리는 풍경 256
울릉도ㆍ무슨 말이 필요할까 268
전라도 278
강진ㆍ청량한 공기의 맛, 감성 충전 280
구례ㆍ바람이 스치는 새벽, 감동 한가득 290
담양ㆍ싱싱한 공기 한 모금, 활력 충전 298
목포ㆍ시간을 담은 근대도시 308
보성ㆍ눈도, 마음도 생생해지는 316
순천ㆍ바람 따라 발길 닿는 대로 326
여수ㆍ기대와 설렘 사이 334
해남ㆍ비워야 담을 수도 있지 않겠나 344
고창 선운사ㆍ나를 위한 선물 템플스테이 352
전주+군산ㆍ아늑한 시간 여행 358
남원ㆍ내 마음과 마음 사이 들여다보기 370
부안ㆍ소박하지만 풍요로운 378
제주도 386
제주ㆍ언제나 옳다 388
여행을 시작하기 전
나 홀로 여행력 TEST가 있네요.
저도 해봤는데...
저는 4개 초보 나홀로 여행자네요.
나 홀로 여행하는데...
궁금한 사항들이 36가지가 있어요.
나 홀로 여행
나여추 회원들의 이야기도 들어볼 수 있어요.
그리고
나여추회원들의 응원글까지~
요약처럼 정리되어서
처음 시작하기에도 좋은거 같아요.
제 고향인 인천..
친정도 인천이고 제가 살아온 곳도 인천인지라
인천도 많이 변화기는 했지만
그래도 제가 잘 아는지역이라서 더 눈이 가더라구여~
그리고 지금 제가 살고 있는
춘천
춘천으로 이사온지는 7~8년정도 되었는데....
정말 가는곳만 가봐서리
잘 모르는거 같아요.
언제 한번 날 잡아서
춘천만이라도 혼여행을 시작해봐야 겠어요.
마지막 장
나 홀로 여행 어땠는지 메모장이 있네요.
여기에 한자 한자 적다보면
기분이 색다를거 같아요~
혼자 여행을 계획하는 당신을 위한
A to Z
어디 갈지 고민인가요?
고민은 더이상 노~
나홀로 여행 컨설팅북 한권이면 끝!!!
마지막 책장을 덮고나면
여행을 다녀온거 같은 느낌이 들었어요.
나 홀로 여행의 모든 궁금증에 답해주는 - 나홀로 여행 Q&A
지역별 놓칠 수 없는 스폿들로 구성한 - 놀이지도
20만 카페 회원들이 인증한 - 맛집&숙소 정보
여행지에서 꼭 해야 할 것만 모아 놓은 - MUST DO
알뜰 여행을 도와주는 TRAVEL RECIPE
나 홀로 여행의 고수가 알려주는 리얼꿀팁까지....
나 홀로 여행 컨설팅북 한권이면 가능해요."
9791165212612,"항상 마음속에 어디론가 떠나고 싶다는 생각을 하지만, 
일상에 매여 마음 놓고 떠나질 못하는 우리들을 위한 책이 나왔습니다.
누군가와 함께 떠나는 여행은 일정도 맞춰야 하고, 
서로를 위한 배려가 필요하다 보니 즐거움은 크지만, 그만큼 불편함도 생깁니다.
떠나고 싶을 때 언제든지 나홀로 여행을 갈 수 있는 여행책, 
<나홀로 여행 컨설팅북>은 혼자여행의 두려움을 떨칠 수 있으니 살펴보겠습니다.


'나홀로 여행력 TEST'부터 하며 나홀로 여행을 할 수 있을지 없을지부터 체크합시다.
'나홀로 여행 Q&A'에서 무엇을 가져가야 할지, 게스트하우스 이용 시 주의할 점은 
무엇인지, 안전하게 여행하는 방법과 돈을 아끼면서 여행할 수 있는 알짜 팁을 알려주고,
꼭 먹고 싶은데 2인분밖에 안 팔면 어떻게 해야 할지, 횟집 혼자 가도 받아주는지 등
어디서 묻기 어려운 질문의 답도 실었습니다.
이미 나홀로 여행을 간 선배들의 한 마디와 어떻게 준비하고 즐기는지도 적혀 있고,
'혼자 여행을 처음 시작하기 좋은 지역 Best 5', 
'태생이 가만히 있지 못하는 당신을 위한 여행지 Best 3', 
'여행은 먹방이죠 Best 3', '멍...... 때리고 싶어요! Best 3', 
'힘든 등산은 싫고 바다 전망으로는 좀 아쉬워요 Best 3', 
'쉬엄쉬엄 여행하고 싶어요 Best 3', '바다면 돼요~ Best 3', 
'추천 템플스테이 Best 3', '혼자 걷기 좋은 길 Best 4', 
'혼자 가기 좋은 섬 Best 4'를 소개합니다.


<나홀로 여행 컨설팅북>은 전국을 '서울·경기도·인천, 강원도, 충청도, 경상도, 
전라도, 제주도'로 나눠 혼자여행하기 대표적인 지역을 알려줍니다.
해당 지역의 전체 소개와 더불어 '혼자 여행 가기 좋은 계절'로 
체적의 여행 일정을 계획하는 데 도움을 주고, 
'MUST DO 꼭 해봐야 할 일'에서 인증만 하고 오는 단순한 여행이 아니라 
체험하며 느끼고 오는 혼자여행이 될 수 있습니다.
여행지까지 대중교통수단을 이용해 'HOW TO GO 가는 방법'을 소개하고, 
'저자 총평'에서 나홀로 여행지의 장단점을 한눈에 알아볼 수 있도록 
별점으로 표시했습니다.
해당 여행지별로 궁금한 것들을 설명하는 'Q&A', 
각 지역을 혼자서 여행하는 베스트 코스와 더 가볼 만한 곳, 
혼자 여행의 꿀팁, 여행지별 소개, 미니 코스 등을 보여주는 '한눈에 보는 OO 놀이 지도',
'한눈에 보는 OO 맛집 & 숙박 지도'는 그 지역에서 꼭 가봐야 할 맛집과 
혼자 묵기 좋은 숙소를 소개합니다.


대구에 오래 살아도 <나홀로 여행 컨설팅북>에 소개된 맛집을 가보질 못했어요.
그리고 가까운 울산도 아직 안 가봤고요, 
내년엔 고등학교 친구도 보고 소개한 여행지도 가볼 겸 울산에 가야겠어요.


저자 이주영 씨는 2010년 '한국 관광의 별' 문화체육관광부 장관상을 수상한 카페 
""나홀로 여행가기 나만의 추억 만들기(나여추)""를 운영하고 있는 
여행작가 겸 회사원입니다.
저자는 직장 생활을 하기 때문에 가고 싶어도 가지 못하는 우리들의 마음을 
더욱 헤아려 20만 회원의 공감을 이끌어내고 있습니다.
<나홀로 여행 컨설팅북>으로 혼자여행에 도전하길 바랍니다.



네이버카페 이벤트에 당첨되어 책을 제공받고 솔직하게 쓴 후기입니다."
9791165212612," 고등학교때부터 지금까지 쭉이어져온 한가지 목표가있다.
바로 우리나라 방방곡곡 빠지지않고 모든 지역을 가보는 것!
틈틈이 시간날 때마다 여행을 떠났고 지금은 대한민국의 3분의1정도는 다녀온 것 같다.
그렇지만 아직 아직 갈길이 멀다...
 그래서 이 책이 나의 꿈을 마저 이루주기에 정말 찰떡인 책인 것 같아서
책을 받기전부터 무지 기대가 되었다.
  목차를 살짝보아도 아직 가보지못한 지역도 많았고, 심지어 그 지역에 가봐야할 곳과 맛집 숙소 그리고 일정까지 나와있어서 이 책만 차근차근 따라가도 저의 목표를 향해 많이 다가갈 수 있을 것 같아 기대감을 가지고 읽기 시작했다.   
   바쁜 일상을 살며 시간이 없어 여행은 꿈도 꿀 수 없으니 혼자 하는 여행은 엄두도 못 내겠지만 내일은, 나중에는 또 그때의 사정이라는 걸 만들어 스스로를 묶어 떠나지 못하는 이유를 만들지 않을까요? 언젠가 혼자 떠난 템플스테이에서 만나 스님께서 평생에 며칠도 내 마음대로 못하면 그게 누 구 인생이냐고 물으셨어요. 오늘, 남은 생애 중 가장 젊은 당신, 무언가를 시작하기엔 지금이 딱 좋을 때입니다.
 혼자 하는 여행으로 인생이 크게 달라지진 않겠지만 환기가 되길. 그로 인해 조금은 유연해지고 단단해진 삶을 맞이할 당신을 응원합니다.
                                                                                 -나홀로 여행 컨설팅 북, 지은이의 말 中
 솔직히 지은이의 말을 읽으면서 부터 울컥했었다.
평생에 며칠도 내 마음대로 못하면 그게 누구인생이냐는 스님의 말씀은 내 가슴에도 꽂혔고,
혼자하는 여행을 통해 유연해지고 단단해진 삶을 맞이할 나를 응원해주는 지은이에게도 새삼 고맙게 느껴졌다.
   혼자 여행을 하다보면 어쩔수없이 맞닥뜨리고 난감할 수 밖에 없는 상황들이 나타나 나의 원래의 계획을 무너뜨리곤한다.
 처음엔 식당을 갔는데 2명이상 부터 받는다고 이야기를 들을때는 가끔 서러울 때도 있었다.
그렇지만 지금은 알겠다고하고 쿨하게나왔는데, 이 책 처럼 2인분 시킬게요 라고 더 쿨하게 말해보고싶어진다.
   책에는 여러가지 재밌는 순위들로 추천하는 여행지도 나와있어서
흥미롭게 봤던 것 같다.
 케이블카가 유명한 통영이 힘든 등산은 싫고 바다 전망으로는 좀 아쉬울 때가면 좋은 여행지 1위에 뽑혀있는걸보고는 격하게 공감하기도 했다.
     한챕터당 도별로 나뉘어어져있는데, 첫번째는 서울/경기도/인천 이다.
항상 아래에 살다보니 어렸을 때부터 가고 싶었던 서울 경기도 인천 지역.
 그리고 여행을 다니기 시작하면서 처음 마주한 서울은 너무 컸고 나는 다소 경직되어있었다.
그러나 차차 여행을 다니고 다니다보니 서울의 매력에 빠지게되었다.
 아직 경기도 지역과 인천은 많이 못가보았는데 어떤 매력이 있을지 기대하는 마음으로 보면서
가고 싶은 곳 먹고싶은 음식에 인덱스를 잔뜩 붙여두었다.
   <꼭 해봐야 할 일>을 추천해주는데 너무 좋았다.
내가 가봤던 지역이지만 여기서 추천해주는 MUST DO를 실천하지 못했던 지역도 있어서
시간이 된다면 그 지역을 다시 가보고싶을만큼 이 코너가 너무 좋았다 :)
  그리고 한눈에 보는 놀이지도라던지 가볼만한 곳 지도라던지 맛집과 숙박 지도까지 갖추어진 이 책은 독자를 향상 정성이 가득하다는 걸 느꼈다.
 나 또한 여행 계획을 세우는데 많이 도움이 되었으니까♡ 
   특히 제주도에는 카페 지도가 있는 걸보고 정말 신났었다.
카페를 좋아하지만 특히나 제주도에는 이쁜 카페가 많아서 어딜가야되나 고민됐었는데
여기에서 추천하는 카페를 위주로 가보면 좋을 것 같다는 생각에 너무 좋았다.
  또한 TRAVEL COURSE에서 1박2일 여행 코스를 알려주기도 하고 여행을 다니는 동안의 비용을 보여주는 TRAVEL RECEIPT도 있어서 여행 계획을 세우는데 정말정말 많은 도움이 되는 책이다.
 이 책이 없었다면 나는 검색하고 또 검색하고 이거 검색하고 저거 검색하다가
여행전에 녹초가 되어있었을 지도 모른다 ㅠㅠ 
  사진과 혼자여행을 다니며 느낀점을 쓸 수 있도록 일기를 쓸 수 있는 장이 두장 구성되어있다.
이렇게 책에 나만의 이야기를 써놓으면 나만의 책이 완성되는 듯한 느낌을 줘서
좋은 것 같다.
  제일 마지막에는 『한눈에 보는 나 홀로 여행 캘린더』로,
어느 달에 어느 지역을 놀러가면 좋은지 표시가 되어있다.
 개인적으로 제일 마음에 들었던 페이지이다.
이왕 놀러가는거 제철에 놀러가면 좋으니까 말이다:)
 
혼자 거닐던 여행지를 이제는 당신은 나의 동반자 영원한 나의 동반자,
<나홀로 여행 컨설팅북>과 함께 든든하게 여행 다녀보고싶어진다.
 여행의 여러 팁들과 노하우를 찐-하게 전수받을 수 있는 이 책을 통해 
생생한 팁을 고스란히 전해듣는걸 추천한다 :)
    YES24 리뷰어클럽 서평단 자격으로 작성한 리뷰입니다. 
 "
9791165212612,"     「나홀로 여행 컨설팅북」의 이주영 작가는 카페 ‘나홀로 여행가기 나만의 추억 만들기’를 운영하고 있는 여행꾼이다. 이 책에는 배차 간격이 긴 군내버스 시간표, 시티투어, 최신 교통 정보, SNS 맛집 등 최신 여행 정보가 가득하다. 혼자 가도 심심하지 않게 여행지에서 꼭 해봐야 할 추천 미션 3가지도 알려준다. 
 앞부분에는 혼자 여행가는 사람 중 초보자들이 궁금해 할만한 것들에 대한 질문과 대답이 있다. 다음 장에는 나 홀로 여행 준비 물품에 대한 설명도 있다. Q&A 코너는 관광객이 질문할 만한 여러 가지 질문 샘플에 따른 답을 알려준다. 궁금한 것을 물어보고 대답하는 형식이라 내용이 머리에 쏙쏙 들어온다.
추천 템플스테이 BEST 3 / 혼자 걷기 좋은 길 BEST 4 /  혼자 가기 좋은 섬 BEST 4는 우선 내가 가보고 싶은 곳으로 꼽아 두었다.
    한눈에 보는 OO놀이 지도와 한눈에 보는 OO맛집&숙박 지도는 한눈에 보는 지도라 편하다.
‘한눈에 보는 놀이지도’ 페이지에는 혼자서도 놀거리들을 제공한다. 놀이지도에는 관광할 곳, 혼자서 즐길 수 있는 액티비티, 테마파크, 미술관, 천문대, 박물관, 유적지 등을 한 눈에 볼 수 있게 두 페이지에 실었다. 지도에 위치를 표시한 후 설명을 해주어서 동선을 알아보기 좋다.
      TRAVEL COURSE에서 동선을 제공하는 것이 너무나 마음에 들었다. 한 지역에서 다른 지역까지 갈 동선을 짜는데 제일 시간이 많이 든다. 나는 어느 지역으로 이동하는 것이 제일 가까운지 어떻게 가는지 알아보는데 인터넷을 뒤지며 많은 시간을 소요하는데 이 책에서는 동선과 이동 방법, 소요시간을 알려주어서 너무나 좋다.
 TRAVEL RECEIPT는 하루에 예산을 할 수 있고 입장료나 활동 요금을 알 수 있어서 좋다. 맛집, 숙박, 지도에서는 에서 입장료, 자전거 대여료, 각종 요금, 음식 값 등을 알려 준다. 
    혼자 가는 여행에서 헤매지 않도록 차편의 시간과 정류장을 자세히 알려주는 것이 가장 도움이 된다. 강화도에서는 북부 순환버스 남부 순환버스 코스도 제공한다.
   지도를 보니 군산을 갔다가 선유도를 갈 수 있다. 난 다음 여행지로 군산을 꼽고 있는데 군산의 대표 맛집은 일요일 날 쉬는 곳이 많단다. 이성당, 복성루, 중동호떡은 매주 일요일 문을 닫는다는 정보가 유용하다.
제주도는 ‘난생처음 2박 3일’ ‘혼자 처음 3박 4일’ 코스로 나누어 주요 관광코스를 사용한다.
 여행 책자에서 맛집과 숙소는 형식적으로 올려놓을 때도 많은데 「나홀로 여행 컨설팅북」에 나오는 맛집과 숙소 정보는 20만 카페 회원들이 인증한 곳들이란다. 이 책을 들고 사람들 많은 곳을 피해서 여행을 떠나고 싶다. 아니, 그냥 보고 있기만 해도 답답함이 좀 풀리는 것 같다. 코로나19가 끝나기만을 기다린다.
  출판사에서 책을 제공받아 작성한 리뷰입니다.
 "
9791165212612," 요즘은 코로나때문에 사실 밖으로 나가기도 조심스러웠는데
'나홀로여행컨설팅북'을 발견하여 집에있으면서도
여행을 하는 기분을 받을 수 있어 정말 좋더라구요
집에서 여가시간을 보내면서 다른 사람들이 놀러갔다온 후기들을 보며
스크랩해놓고 다음에 나도 꼭 가봐야지 다짐을 했었는데
저자인 이주영작가님처럼 어느 순간 여행이라는 게 숙제가 되어있더라구요.
꼭 시간을 만들어야만 여행을 가는 것이 아니라
내 취미로, 내 여가 생활로 여행이라는 숙제를 자연스레 넣어야겠단 생각이  들었어요
 혼자 여행하는 건 정말 크나큰 용기라고 생각해요어렵지 그다음은 정말 쉽다고 생각하거든요
저도 예전에 일을 관두며 혼자 생각 정리겸 여행을 떠났었는데
그 기억을 잊을 수가 없어요
그때의 그 공기와 추억들이 아직도 새록새록해요
 혼자 여행을하면서 음식을 먹는 것 또한 정말 크나큰 용기죠
원래는 혼자 음식먹는 게 정말 어려웠었는데
저의 첫 여행에 있어서 삼겹살집에 가서 혼자 술과 함께 먹고나니
세상 그렇게 편하고 좋을 수가 없더라구요.
요즘은 무엇보다 혼자 여행하는 사람들이 많아지다보니
음식점 메뉴에도 1인메뉴가 다양하게 있어서 더욱 좋더라구요
  '나홀로여행컨설팅북'을 그때 알았더라면 좋은 후기와 좋은 팁들을 보며
좀 더 용기를 내서 여행을 다닐 수 있었지 않을까 생각이 들었어요.
 '나홀로여행컨설팅북'에는 
첫 여행을 혼자 시작하기 두려워하고 힘들어하는 분들을 위해
간략하게 여행을 시작하기 전 준비과정 준비해야할 것들도 세세히 적혀져있고
그에 맞는 우리가 걱정하는 것들까지 콕 찝어서 정리되어 있어서
혼자 여행하는 사람들에게 정말 추천해주고싶습니다.
뿐만 아니라 각 지역을 소개하며 지도상 위치도 표시가 되어있고
가서 맛 볼 수있는 맛집들 그리고 숙박업소들까지 친히 적혀 있답니다
  거기에 여행을 할 때 생각하는 경비부분에서도
숙박과 왕복비용 음식점들을 방문했을 때 예상금액까지
정리되어있으니 
'나홀로여행컨설팅북' 하나만으로도 충분히 즐거운 여행을 할 수있을 것 같더라구요.
  어서 코로나가 끝났으면하는 바램 속에서
코로나가 끝난다면 숙제가 되어버린 여행을
내 스트레스 해소, 즐거움으로 가득채워보려고해요
아직도 혼자 여행하기에 두려움만 가득하신 분들이라면
일단 여행을 떠나기 전 '나홀로여행컨설팅북'을 통해 국내 여행지를 눈으로 담은 후
여행을 시작하는 것도 정말 좋다고 생각합니다.
   다음에 제가 여행을 시작하고 있을 때 
저와 같은 책을 들고 여행을 하는 분을 만난다면 정말 반가울것 같아요!
나홀로 여행에 있어서 정말 꿀팁들이 가득해서 여행을 좋아하시는 모든 분들에게 추천하고 싶어요 ^-^
 "
9791165212612,"   혼자 여행 다니는 것이 생각보다 쉽지 않아요.
무섭기도 하고 혼자 다니면 재미없을거 같은데...
예전에 혼자 제주도 여행을 다녀오고 나서 혼자 다니는 여행에 대한 생각이 확 변했죠.
혼자 여행하는 것이 얼마나 매력적인지 알게 되었어요.
그러면서 이 책을 읽어보았는데, 더더더더 혼자 여행가고 싶어졌어요.
       코로나19로 인해 하늘길이 막히면서 많은 사람들이 국내 여행을 다니기 시작했어요.
물론 사람 많은 곳을 마음껏 다닐 순 없지만요...
국내 여행으로 눈길을 돌리면서 하나 깨달은 점은 국내에도 정말 아름다운 곳이 많다는 거에요.
이 책을 보면서도 '참, 우리나라에 아름다운 곳이 많구나' 라는 걸 느꼈답니다.
      이 책에 나오는 나홀로 여행력 TEST를 해보았는데요
저는 나홀로 여행 중수 였습니다 ㅎㅎ
혼자 여행을 몇 번 다녀서 그런걸까요. 중수가 나오니까 기분이 좋더라고요.
앞으로 초고수가 되고 싶어요.
       나 홀로 여행 준비 하는 꿀팁들은 20만 회원이 있는 나여추 카페 회원들을 통해 얻을 수 있었어요.
직접 경험만큼 좋은 것이 없다고 그들이 말하는 꿀팁들 보는 재미가 쏠쏠했답니다.
      혼자 여행하기 좋은 지역을 상황별로 나누어 놓았어요.
혼자 여행을 처음 시작하기 좋은 지역으로 속초, 군산 등이 있네요.
안가봤는데 다음에 꼭 한번 혼자 가보고 싶네요!
      저는 지방에 살았기에 서울도 여행지로 특별한 느낌이 있답니다.
코로나 잠잠해지면 제일 먼저 가고 싶은 곳이기도 해요.
       책에는 정말 많은 꿀팁들이 나와있어요.
가는 방법이나 해야할 일, 중요한 전화번호, 인터넷 주소까지!
꼼꼼히 읽으면 도움이 많이 될 거 같네요.
       이름만 들어도 너무 설레는 여행이라는 두글자.
다른 사람들과 함께 어울러져 다니는 여행도 행복하지만
혼자만의 시간을 갖는 여행도 꼭 필요하다고 생각하기에 추천하고 싶은 책이네요! 
   "
9791165212612,"표지 : 
표지가 노랑노랑하고 귀여운 일러트스터와 아이콘이 듬뿍 들어가 있다.
부제가 혼자 여행하는 사람들을 위한 책이라고 되어 있어서
정말 혼자로 여행하는 나에게 제대로 꽂힌 타이틀이 였다.
오른쪽 밑에는 영월, 태백, 보성이 추가 되어있다고 했는데
사실 보성은 잘 아는 동네라 영월과 태백이 나오는 페이지에 눈이 많이 꽂혔다.

나.여.추라는 카페가 있다는 것도 이 책을 통해 처음 알게 되었고,
책을 다 읽고 나서 혹시 모를 정보가 더 있을 것 같아 카페에 바로 가입...ㅎㅎ


역시 젊은 사람들에게 가장 흔하고 해볼 게 많은 도시 서.울
현재 서울에 살고 있지만 생각보다 유명한 랜드마크 말고는
숨어 있는 핫플들을 잘 몰랐기에
이번 책을 통해 다양한 장소들이 있다는 것을 알게 되었다.


경상도는 솔직히 많이 가보지 못했다. 
어렸을 때 부모님 쫓아서 아무것도 모를 때 다녀온 적과
초등학교 수학여행때 다녀온 거 말고는 잘 기억이..
그리고 성인이 되어서 부산과 경주를 친구와 다녀 왔는데,
워낙 이쪽으로는 교통도 잘 되있고 요즘은 카쉐어링도 잘 되어 있는거 같아
코로나가 끝나면 가고 싶은 top3 지역이다.
아마 가게 된다면 이책을 적극 활용하지 않을까 싶다.


떠나요~ 제주도~
가장 가고 싶은 지역 best 1위 
여기도 초딩때 부모님 따라 한번
고등학교 때 배타고 수학여행으로 한번
성인이 되고 나서 가보지 못했던 나름 미지의 영역이다.
지금은 코로나로 인해 가기가 더 어려워지긴 했지만
그래도 갈 사람을 가더라...

돈 좀 모아서 휴가가 좀 긴 날 
정말 함께 가고 싶은 사람과 함께 꼭 가고 싶다...♡
물론 나의 여행 가방엔 이 책이 분명히 동행할 것이라고 장담한다.


목차들을 보면 빽빽하다 
생각보다 갈 곳이 이렇게 많았다니
안에를 보면 관광지 말고도 맛집 카페 등등 
깨알 정보까지 들어가 있어서 그런지 책이 두꺼운 건 사실이다.


가격이 17,000원이라는데 확실히 그 값을 하는 거 같다.
아무리 요즘 인터넷에 뭐가 정보가 많고 다녀온 사람들의 후기가 
넘쳐나는 이 때에 그래도 이것저것 검색하면서 시간 쓰느니
이 책으로 한번에 뭐가 있는 지 찾아보고
여행 동선을 짜보는 것도 재미 있을 것 같다.

*YES24 리뷰어클럽 서평단 자격으로 작성한 리뷰입니다."
9791165212612,"       내 나이 벌써 40대 중반. 두 아이가 딸린 전형적인 중년의 아줌마다. 많은 사람들이 얘기하듯 마음은 아직 청춘이건만 (정말 내 마음 속 나이는 아직 20대인데......) 한 번씩 내 나이를 쓰거나 보게 되면 나도 흠칫 놀란다. 언제 이렇게 나이를 먹은걸까?
       아직도 내 마음에는 20대 시절의 내가 들어앉아 있어서인지 아직도 난 '배낭여행'을 꿈꾼다. 스페인의 산티아고순례길을 걷듯, 배낭 하나 메고 유럽 여기저기의 골목들을 다니며 혼자 여행하는........꿈을 아직도 꾸곤 한다. 사실 현실적으로는 여자 혼자서 위험하기도 하고, 딸린 자식들도 걸리기에 가능성이라고는 눈꼽만치도 없지만 뭐 상상은 내 자유니 얼마든지 해도 되지 않은가. 상상만으로도 어느새 내 입가에는 미소가 걸리니 이렇게 경제적인 힐링의 방법도 없지 싶다.


       이 책은 이런 나의 '혼술'이 아닌 '혼여행'에 대한 로망을 국내버전으로 실현가능성이 있다는 것을 알려주는 책이었다. 여행지에서 놓치지 않고 꼭 해봐야 할 일, 여행지까지 교통수단을 이용해 가는 방법, 그 여행지에 관한 궁금증 Q&A, 혼자서 여행하는 베스트 코스와 더 가볼만한 곳, 혼자 여행의 꿀팁, 여행지별 소개, 미니코스, 꼭 가봐야 할 맛집, 혼자 묵기 좋은 숙소, 대략적인 경비 등 아주 디테일한 부분까지 구석구석 여백 하나 놓치지 않고 알차게 소개하고 있다. 그야말로 '나홀로 여행 종합가이드북'같은 책이다.


       서울.경기도.인천,  강원도,  충청도,  경상도,  전라도,  제주도 이렇게 지역별로 소개하고 있는데 그 중 나 혼자서 가보고 싶은 고창 선운사 편은 몇 번이고 읽고 또 읽었는지 모른다. 난 기독교인이긴 하지만 나의 위시리스트 중 하나가 템플스테이를 해보는 것이다. 108배를 하고, 불경을 외는 이런 것들은 아무래도 하기 어렵지만 그 외의 모든 것들이 정말 해보고 싶은 일들이었다. 깜깜한 새벽의 이른 기상, 명상, 사찰음식 등 딱 내 취향이기에 평소 템플 스테이를 꿈꾸고 있었는데 안그래도 한 번 가보고 싶던 고창 편에서 템플 스테이를 소개하고 있어서 더 해보고 싶은 마음이 샘솟는다. 특히 저자의 소개글이 나를 더 유혹한다.
             명절은 길고, 집에 있긴 싫고, 차는 막히겠고, 기차가 답이겠지만 명절에 기차표 예매 역시 여의치 앖고! 그래서 대중교통으로 템플스테이에 갔었더랬다. 휴식형에 1인실을 신청하고는 정말 아무것도 안 했다. 입실할 때 나눈 몇 마디의 인사 빼고는 2박 3일 동안 말 한마디도. 이런 경험 또 언제 하겠나. 정말 산속으로 뛰쳐 들어가고 싶은 심정의 날들이었는데 딱! 짐심 휴식 같은 여행이었어.
                                                           - p. 353 -
         
         누군가 그랬다.  ""언제까지 꿈만 꿀래?"". 딱 나에게 하는 소리이다. 여지껏 꿈만 꾸고 스스로 실현가능성이 없다고 아예 정답을 내리고 있으니 말이다. 그런데 이젠 아니다. 늘 꿈만 꾸고 실행 계획은 엄두도 못내고 있었는데, 이 책을 읽고 나니 뭔가 실천욕구가 슬슬 발동된다.
         저자가 템플 스테이에서 스님에게 들었다는 한 마디가 떠오른다. 평생에 며칠도 내 마음대로 못하며 그게 누구 인생이냐고 스님이 그러셨단다. 맞다. 내 인생인데 평생에 이 며칠도 내 마음대로 못하면 이게 과연 누구의 인생이란 말인가. 꼭 실천하리라! 꼭 멀리까지가 아니더라도 인근도 좋으니 나 혼자 조용히 여행을 다녀오고 말리라. 당장 1박 2일이 아닌 당일치기라도 혼자서 다녀오고 말리라. 그래서 제대로 힐링을 하고 말 것이다. 나에게 이렇게 실천의지를 마구마구 불러일으켜 준 나여추 매니저님께 진심으로 감사드린다. 아자아자~!!!"
9788971844755,"  전공인 홍보학을 십분 발휘할 수 있는 국제홍보회사의 일을 그만두고 세계여행을 실행한다. 한비야씨는 3년 간 알뜰히 모은 돈 2천5백만 원을 종자돈 삼아 세계를 향하여 길을 떠난다.
  여행을 떠나면서 한비야씨는 세 가지 커다란 원칙을 세웠다. 첫째, 비행기를 타지 않는다. 둘째, 한 나라에서 적어도 한 달 이상 머문다. 셋째, 오지마을 중심으로 다니며 현지인과 똑같이 먹고 자고 생활한다. 이렇게 65개국 이상을 다니면서 세상에 좋다하는 곳은 다 찾아다녔다.
  대륙에서 대륙으로 땅이 붙어 있는 한 육로로만 이동한 2,100일 동안의 여행이 거의 끝나갈 무렵 티베트에서 한 여행자가 한국의 임실이라는 곳을 얘기하자 한비야씨는 걸어서 우리나라 국토종단을 해보기로 결심한다. 전라도 땅끝마을부터 강원도 통일전망대까지 2,000리 길을 떠나기로 말이다.
   한비야씨는 토말 땅끝탑을 지나 바닷가 자갈밭으로 내려가 바람을 막아줄 적당한 바위를 찾아 초와 향을 피워놓고 바다를 향해 삼배, 땅을 향해 삼배, 동서남북으로 각각 삼배를 했다. 공손한 마음으로 사방에 술을 한 잔씩 바치고는 미리써간 비나리를 큰소리로 읽어내렸다. 이 여행을 계획할 때부터 염두에 두고 있었던 작은 의식이다.
  이번 여행에서 하루에 여섯 내지 일곱 시간 정도를 걷기로 한다. 거리로는 60~70리, 25킬로미터 남짓이다. 그렇지만 장시간 걷는 여행에 무리하지 않게 적응하려면 3~4일 정도는 하루 하루 조금씩 거리를 늘려가기로 한다.
  도보여행은 몇 달씩 벼르고 계획하지 않아도 어느 날 친구끼리 의기투합해서도 할 수 있는 것, 체력 좋은 20대 젊은이가 아니라 60대 할머니들도 할 수 있는 것, 한달 이상 한꺼번에 시간을 내야만 하는 것이 아니라, 시간이 없는 사람은 두세 번에 나눠서도 할 수 있는 것이 도보여행이다.
   여행이 아닌 일상 생활에서도 걷는 것 하나로 젊음과 건강을 유지할 수 있다. 하루 1만 보 걷기 운동이 바로 그것인데, 1만 보라면 6킬로미터, 보통 걸음으로 한 시간 반 거리다. 평소에 이만큼 걷는다는게 쉬운 일은 아니지만 그렇게 어렵기만 한 일도 아니다.
  빨리 걷는 속보는 다리 힘을 강화하고 노화를 방지한다. 그러니 전철을 탈 때는 에스컬레이터 대신 계단을 이용하고, 건물도 3층 이상은 걸어다니면 좋다. 계단을 오를 때는 발끝으로만 걷고 내려올 때는 발뒤꿈치로 내려온다.
  계단 오르내리기 자체가 전신의 지구력을 키우는데, 특히 올라갈 때 발끝으로 걸으면 뇌세포가 활성화되고 내려갈 때 발뒤꿈치로 걸으면 각 기관을 자극하는 지압점들이 눌려 좋다. 또 한 가지는 줄넘기다. 줄넘기는 관절을 강하게 단련시키고 내장의 신진대사도 활발하게 한다.
  인생에서 자기가 어디로 가고 있는지 목표가 있다면, 그리고 자기가 바른 길로 들어섰다는 확신만 있다면, 남들이 뛰어가든 날아가든 자신이 택한 길을 따라 한 발 한 발 앞으로 가면 되는 것이다. 중요한 것은 어느 나이에 시작했느냐가 아니라, 시작한 일을 끝까지 꾸준히 했느냐인 것이다.
      "
9788971844755,"길 옆은 누런 흙밭, 그 바로 뒤로 잔디만큼 자란 푸른 보리 싹의 물결, 그 뒤로는 파란 바다, 그 위에 장난감처럼 예쁘게 떠 있는 까만 섬들이 눈에 들어온다. 무슨 재미있는 얘기를 들려주는 듯 오순도순 정겹다. 바다의 돌김 양식장이 마치 육지 밭의 연장인 것처럼 느껴진다. 가끔씩 보이는 붉은 동백꽃, 반짝반짝 윤기 나는 초록색 이파리가 꽃보다 더 예쁘다. 갈아서 엎어놓은 흙에서 풍기는 냄새가 구수하다."
9788971844755,"그냥 평범하게만 살아 왔는데... 학교, 집 등 평범한 테두리 안에서 평범한 생각을 하며 살아온 나에게 나와는 다른 더 넓은 생각을 할 수 있게 해 준 책입니다. 재미있게 잘 읽었어요. 지루하고 누구나 다 비슷한 삶을 살아가는 사람들에게는 다른 삶도 있다는 걸 친절히 알려주는 책인 것 같습니다. 용기가 생기면 나도 훌쩍 떠나볼 수 있을까나... 우리 나라 정도는 가능할 듯도 싶고 해볼수도 있을 것 같다는 생각은 들지만 역시 평범한지라 쉽지는 않네요."
9788971844755,"바람의 딸, 우리 땅에 서다 _ 한비야

한비야
그 이름 하나만으로 모든게 설명이 됩니다. 바람의딸이라는 닉네임처럼 전세계 방방곡곡을 여행을 다녔지요. 6년 동안 65개국을 누비고 다니며 쓴 '바람의 딸 걸어서 지구 세바퀴 반'이라는 책은 하나의 센세이션을 일으켰습니다.

한비야씨가 세계여행을 마치고 국내에 들어와서 도보여행을 했습니다. 해남 땅끝마을에서 고성 통일전망대까지 .. 49일 동안 800㎞를 걸은 이야기를 책으로 담아냈습니다.. 


개인적으로 한비야씨와 인연이 있습니다. 군대 다녀오고 나서 딱히 할 일이 없었을 때였습니다. '바람의 딸 걸어서 지구 세바퀴반'이라는 책을 도서관에서 빌려다 봤지요 .. 아니 도대체 이 여자의 정체는 무엇일까? 하는 호기심이 마구 일어났습니다.. 

그러던 차에 한비야씨 팬카페에 가입 하게 되었고, 마침 강연이 있다기에 구경을 갔었지요.. 거기서 한비야씨와 조우하게 됩니다.. 이후로 한비야씨와 밥도 같이 먹고, 등산도 같이 다니는 영광(?)이 있었지요 ..오랜 시간이 흘렀지만, 그녀의 힘있는 에너지는 생생하게 기억이 납니다..





800㎞를 걷는다는거 .. 말이 쉽지 결코 쉽게 도전할 수 없는 일입니다.. 요즘 800m만 걸어도 픽픽 쓰러지고 힘들다는 사람이 많을텐데 말이죠 .. 하지만 한발 한발 내 딛다보면 어느덧 목적지는 눈앞에 다가오고, 기쁨과 환희의 시간이 다가옵니다.. 






한비야씨를 만나고, 이 책을 본 이후로 도보여행에 대한 관심이 많아졌습니다. 실제로 서울에서 땅끝까지 도보여행을 했었습니다.. 그 이후로 틈틈이 우리나라 곳곳을 누비며 이름난 도보여행 코스를 다니고 있습니다.. 이번 여름 휴가도 제주올레길 투어를 했고요 .. 개인적으로 제주올레길 전 구간을 완주하는 것이 인생의 작은 목표이기도 합니다.. 




한비야씨의 책을 보면, 파이팅이 느껴집니다.. 사람이 살아가는 진솔함이 담겨 있습니다.. 사람이 있고 만남이 이어지는 것이 여행입니다.. 차 타고 휭하니 지나가서 주마간산격으로 보다보면, 여행의 진정한 의미와 재미를 느끼기에 부족함이 있을 것입니다..
   



한 걸음의 철학 .. 






책 뒷면에는 책 뒷면에는 한비야씨가 추천하는 도보여행 코스와 도보여행에 떠나기 전 준비해야 될 것에 대해서 자세히 알려주고 있습니다.. 실제로 제가 도보여행 떠날 때, 책에 나온 내용이 많은 도움이 되었습니다..

그녀가 한발 한발 내딛으면서, 매일매일의 기록이 정성스럽게 담겨 있습니다.. 오랫동안 세계 여행을 해서 강건할것만 같은 그녀지만, 아프기도 하고 힘들기도 했습니다. 그렇게 한발한발 나가다보면 목적지에 도달합니다.. 인생도 그렇겠지요 .. 지금 당장 힘들어도 묵묵히 걸어간다면, 내가 가고자 하는 그곳이 점점 가까워지고 있을 것입니다..."
9788971844755,"남성과 여성의 구분이 점점 모호해지는 시대이다. 단지 여성이라는 이유만으로 할 수 없는 일들이 분명 존재하기는 하지만, 예전에 비해 많이 줄어들어가고 있다. 오랜 시간동안 많은 사람들의 노력이 필요했겠지만, 한비야라는 인물의 등장은 새로운 여성상의 기준이 되기에 충분한 행보를 보여주고 있다. 걸어서 지구를 세바퀴 반이나 돌았던 여성, 항상 새로운 도전을 위해 중국으로 미국으로 자신의 삶을 채찍질해 가는 여성, 전 세계 재난의 현장에 도움의 손길이 필요한 곳 이라면 어디든지 달려가는 여성, 항상 새로운 일을 시작할 때 마다 많은 이들의 시선을 한 몸에 받는 유명인.한비야의 또 다른 도전이 이 펼쳐진다.
  세계 여행의 막바지에서 정작 우리 나라 , 우리 땅을 제대로 돌아보지 못했다는 사실을 깨닫게 된 한비야는 오랜 시간의 세계 여행을 마치고 , 국토 종단이라는 새로운 계획을 세우게 된다. 해남 땅 끝 마을에서부터 강원도 고성의 통일전망대까지약800km에 이르는 대 장정을 시작하게 된 것이다. 지도를 펼쳐놓고 보면 해남은 서쪽 맨 끝이고 강원도 고성은 현재로서는 동해의 가장 끝지점에 해당한다.  오로지 자신의 두발에만 의지한 채 우리 땅을 뚜벅뚜벅 걸어서 종단 하겠다는 생각은 황당하면서도 무모하게까지 들린다. 이 책이 처음 출간된것이 1999년이다. 지금이야 배낭여행이니 도보 여행 각종 둘레길,올레길과 같은 것들이 많이 대중화 되어 있었지만, 그 당시에는 거의 처음과도 같은 시도였다. 더군다나 여자 혼자의 몸으로 오로지 도보로만 국토를 횡단 한다는 것은 대단하다 못해 무모한 도전으로 들리기에 충분했을 것이다. 한비야의 말을 빌리자면 그 당시에는 국토종단에 대한 책도 거의 찾아보기 힘든 시기였다고 한다. 어찌됐든 한비야는 또 한번의 선구자적 도전을 시작한 것이다.
  한비야는 책의 마지막 장에서 자신의 여행을 하나의 숫자로 표현을 했다. 800 , 49 , 10 , 225 , 150
약800Km의 거리를 49일간 평균 10kg의 배낭을 짊어지고 225mm등산화를 신고서 걸었다는 것이고, 그 사이 소요된 경비는 약 150만원이라는 말이다. 참 평범한 숫자이지만, 그 울림은 정말 대단하다. 225mm라는 갸냘픈 발로 800km에 이르는 장대한 거리를 혼자서 묵묵히 걸었다는 그 자체만으로도 엄청난 성과임에 틀림없다.한비야가 걸었던 길에는 문경세재와 같은 높은 고개도 있었고 설악산과 같은 험한 산도 있었다. 하지만, 한비야는 어느 것 하나 돌아가지 않고, 피해가지 않고 묵묵히 두 발에 의존해 걷고 또 걸었다. 길을 가다 만난 모든 사람들은 한비야의 그런 도전을 보면서 하나같이 어리석은 짓이라며 만류했지만, 한비야는 웃음으로 그들의 만류를 받아 넘겼다. 그리고, 그녀는 이렇게 말한다.  '가는 길만 포기하지 않는다면 꼴찌도 괜찮은 거야' 일등만 기억되는 요즘과 같은 시대에 한비야의 말은 신선하기 까지 하다. 포기하지 않는다면 꼴찌라도 괜찮다니. 꼴찌에게 박수를 보내야 한다는 말일까?  마라톤 경기에서 모든 선수들이 다 들어오고도 한참이 지난 후에야 마지막으로 들어오는 꼴찌를 본적이 있는가?  그는 왜 승부가 모두 갈린 후에도 포기하지 않고 완주를 했을까? 그는 자신과의 싸움에서 지고 싶지 않았을 것이다. 한비야의 말대로 포기하지 않는다면 꼴찌라도 결코 패한 것이 아닐것이다. 이 책에서 가장 가슴 깊이 와닿는 말이었다.
  여행 중 무수히 많았던 에피소드들은 일일이 언급하지 않아도 될 것이다. 캠핑이나 도보여행과 같은 것이 요즘에는 거의 광풍과 같은 수준이기에 걷기 예찬, 캠핑 방법 등에 대한 한비야식 노하우도 굳이 언급할 필요는 없을 것 같다. 요즘의 기준으로 보면 한비야식 방법은 조금은 뒤쳐진 것일수도 있다. 하지만, 분명한 것은  한비야는 유행이라는 광풍에 얹혀 휩쓸려 간것이 아닌, 스스로 조금씩 행동하며 몸으로 느끼며 깨달았다는 것이다. 그것이야말로 체험 삶의 현장식 노하우다.
  국토종단이라는 것이 일반인에게는 감히 상상도 할 수 없는 일이다. 하지만 이 책을 읽고 나면 그런 생각이 조금은 없어진다. 그리고, 나도 한 번 해볼까 하는 생각을 갖게 된다. 천천히 끝까지 포기만 하지 않는다면 언젠가는 반드시 성공할 수 있기 때문이다. 국토종단이라는 거창한 일만이 아니다. 조금 높은 산을 오르는 일도, 누군가와 경쟁하듯 빨리 오르려고 하지 말고, 천천히 오르다보면 언젠가는 정상에 오를 수 있을 것이다. 하루에 안된다면 이틀,사흘,나흘에 걸쳐 천천히 오르면 되는 일이다. 모든 것을 경쟁적으로 생각하지 말자. 걷다가 힘드면 쉬었다가, 한참 지난후에 다시 그 곳에서 부터 시작하면 되는 것이다. 누군가의 시선을 의식할 필요가 없다. 나 와의 약속만 지키면 되는 것이다.  책을 읽는 내내 이 땅을 바라보는 한비야의 따뜻한 시선이 참 좋았다. 그리고, 그녀의 긍정적인 생각또한 무척 좋았다. 모든 것을 아름답게 보려는 그녀의 시선이야 말로 진정한 미인의 눈길이었다. 가슴이 따뜻한 그녀이기에 지금도 어디선가 그녀의 열정적인 삶은 결코 식지않고 계속해서 타오르는 듯 하다. "
9788971844755,"   <걸어서 지구 세바퀴 반>, <지도 밖으로 행군하라>, <한비야의 중국견문록>, <그건 사랑이었네> 등등. 한비야가 쓴 책의 대부분은 읽은 나에게 이번 책은 다소 늦게 다가온 셈이다. <걸어서 지구 세반퀴 반> 시리즈를 우연히 1996년도에 당시 서울에 인기가 있던 책 대여점에서 발견해서 열심히 읽었던 기억이 난다. 당시 작가는 30대 후반이었고, 나는 26세였다. 오지탐험 한비야! 책을 광고하는 제목만으로도 책을 읽을 수 밖에 없다는 생각을 했다.
    이번 <바람의 딸, 우리 땅에 서다> 책은  작가가 지면에서 언급한 것처럼, 세계 오지 여행가가 웬 우리나라 탐험기일까 하는 의구심으로 일부러 읽지 않았었다. 그러다가 기회가 돼서 읽었고, 진작 읽었을걸 하는 후회까지 했다. 한비야가 세례명이었다는 것은 익히 알고 있었지만, 본명인 한인순에서 아예 한비야로 개명한 사실은 몰랐다. 그 만큼 이제 한비야는 5천만 전 인구가 알 만한 고유명서가 된 것이 아닌가 생각한다.
    이 책에 나온 지명 중에서 내가 가본 곳도 있지만, 생소한 곳도 있었다. 그러나 역시 한비야 방식의 독특한 배경지식과 세계 여행에서 나온 산지식은 책을 다 읽고 나서, 다시 읽게 하는 힘이 있었다. 나는 요즘도 한비야의 글을 한달에 한번씩 생생하게 접하고 있다. '좋은 생각'에서 한비야가 계속 글을 기고 하고 있기 때문이다. 이제는 누가 썼는 지를 굳이 확인하지 않아도 그녀의 글임을 대번에 알 수가 있다.
   여자이면서 독신이라는 사람들에게 우리나라 사람들이 가지는 편견을 이렇게 제대로 온전히 잘 극복하면서 살아가는 사람이 있을까하는 심정을 다시 한번 느껴본다. 그녀의 글 속에는 그녀가 추천하는 책 제목처럼 ""길들일 수 없는 자유""가 뜸뿍 배여있다. 정말 두고두고 반복해서 읽고 싶은 책이다."
9788971844755,"바람의 딸, 한비야가 '걸어서 세계일주'라는 어린시절 로망을 달성하기 위해 다니던 회사에 과감히 사표를 던지는 모습부터 예사롭지 않다. 그 후 7년간에 걸쳐 이루어진 세계 오지여행을 하고, 세계일주의 마지막을 우리나라 국토종단으로 마무리하는 모습을 보면서 보통사람들과 다른 카리스마와 약간의 신비로움를 느끼게 된다. 네티즌이 만나고 싶은 사람 1위로 한비야를 뽑았다는 이야기에 고개가 끄덕여진다.
  이 책에서 한비야는 해남 땅끝마을에서 고성 통일전망대까지 800km(2,000리)를 49일간 걸어가면서 만난 우리 땅, 우리 사람, 우리 이야기를 일기 형식으로 정리하고 있다. 스페인의 산티에고 순례길과 같이 세계적으로 유명한 도보여행길도 있고, 베르나르 올리비에가 3년(1,099일)간 목숨을 걸고 대장정을 마무리했던 비단길도 생각이 난다. 우리나라에서는 둘레길이나 올레길과 같은 비교적 짧은 거리의 도보여행길이 최근에 많이 개발되었지만, 제대로 된 대표적 국토종단코스라면 이 책에 소개된 '한비야길'과 백두대간 종주길등이 되지 않을까 하는 생각을 해본다.
  한비야는 왜 전라도 해남땅에서 강원도 통일전망대까지 2,000리길을 걸어서 간다는 것일까? 우리같은 보통사람이야 편리한 교통수단을 마다하고 걸어가겠다는 고집을 어떻게 이해할 수 있겠는가? 땅끝마을에서 한비야가 만났던 할머니의 말이 일품이다
""뭐시라고라? 강원도? 워매 징한 거, 걸어서는 못 간당께. 워쩔라고 그라시오""
  한비야는 도보여행의 의미를 세가지로 설명하고 있다. 첫째는 도보여행을 통해 자신이 의도했던 것을 달성하는데서 오는 성취감, 둘째는 자기 자신과 이 나라 사람, 우리 땅을 만나 이야기하는 과정에서 얻게 되는 새로운 배움, 셋째, 꾸준한 걷기를 통한 건강 챙기기 등을 들고 있다. 천리길도 한 걸음부터라는 말을 몸소 실천하여 목표를 달성한 후에 느낄 뿌듯함을 무엇으로 바꿀 수 있겠는가?
  한비야가 직접 언급한 것 이외의 도보여행의 의미를 좀 다른 측면에서 생각해 본다. 먼저 바람직한 삶의 속도문제이다. 사실 현대인의 삶의 속도는 걷기가 아니라 달리기이다. 빠르게 달려가면서 길가에 핀 들꽃을 들여다 보지 못함은 물론이고 자기자신과 이야기 나눌 시간도 갖지 못한다. 한비야가 걸어간 2천리는 물리적거리라기보다는 자신과의 만남의 시간이요, 정다운 우리 이웃과의 만남과 소통의 기록이다. 그녀가 들려주는 하루하루의 기록이 우리에게 잔잔한 감동을 주는 이유도 바로 여기에 있다고 하겠다.
  둘째는 일상과의 낯설음이라는 경험을 인생의 본질적 문제와 자기자신을 돌아보는 기회를 제공한다. 그녀가 설명하는 베낭 싸는 방법부터 돌아보자. 직접 필요하지 않는 것들에 대한 욕심을 버리는 것이 첫번째 원칙이다. 현대인의 끊없는 소유욕과 부분별한 낭비습관에 대해 간접적 방법으로 일침을 가하고 있다. 우리의 삶에서 진정 중요한 것은 소유의 문제가 아니라 따뜻한 관계라는 점을 실감나게 전달하는 책이다.
  <걸어서 지구 세바퀴 반>, <지도 밖으로 행군하라>, <한비야의 중국견문록>, <그건 사랑이었네>... 그녀가 내놓은 여행과 관련된 책들의 면면이다. 그녀가 풀어헤치는 이야기 보따리가 우리들에게 잔잔한 감동과 울림을 주는 이유는 바로 그녀의 여행을 통해 우리가 우리를 만나고 이웃을 만나고, 정을 느끼고 새로운 세상을 만날 수 있기 때문이라는 생각이 든다."
9788971844755,"점심을 먹으며 이런저런 이야기를 하다가 이번 휴가는 날짜를 맞춰서 제주도 도보순례를 해보자는 얘기가 나왔다. 좋은 생각인데... 라고 하다 문득 이 책이 떠올라 다시 한번 뒤적여본다.
3년쯤 전 제주에 한비야님이 온다는 얘길 듣고 사무실에서 조퇴까지 하며 강의를 들으러 갔던 기억이 난다. 책장을 뒤져 특별히 이 책을 빼내어 가방에 챙겨넣고 마음설레이며 그녀의 강의를 들었었는데, 책을 읽을때나 강의를 들을때나.. 그녀의 말과 글에는 뭔가 모를 희망과 자신감이 넘쳐나게 하는 활력소가 들어있는 듯 하다. 내가 원하는 것을 꼭 이룰 수 있겠구나..하는 확신이 생겨나는 것이다.
2001년, 강의가 끝나고 싸인을 받을 기회가 주어졌을 때, 길게 늘어선 줄이 차츰 줄어들고 마침내 내 차례가 되었을 때 내 손에 들린 '바람의 딸, 우리 땅에 서다', 이 책을 보고 '드디어 이 책이 나왔구나'했던 말을 잊을수가 없다. 내심 심혈을 기울여 선택한 책이란 걸 알고 있다는 듯한 그 말한마디에 내 탁월한 선택을 인정받은 듯한 기쁨은 나만의 착각이었다 해도 마냥 좋았다....시원스레 쓰여진 '그 꿈 꼭 이루시길'이란 글을 보니 다시금 맘이 설레인다... 꿈이 부풀어오르는듯...
언젠가부터 국토종단에 대한 관심이 높아지면서 국토순례를 하는 사람들이 많아졌고, 그런면에서 어찌보면 이 책은 그닥 별다를것이 없을지도 모르겠다. 하지만 '가는 길 포기하지만 않는다면 꼴찌도 괜찮은거'라는 말이 그녀에게서 나오면 괜스레 절대 포기하지 않고 내 갈 길을 갈 수 있을듯한 느낌이 드는건 뭐라고 딱히 꼬집어 설명할수가 없는 그녀의 글이 가진 흡입력이다.
꼭 이 책에 씌여진 추천코스를 따라가지 않는다 해도 좋을 것이다. 조금씩 조금씩 자분자분 걸어 내 나름대로의 국토순례에 대한 꿈을 이뤄나가며 꿈을 완성하는 것이 더 좋을것이다. 참, 그리고 이 책에 부록으로 딸린 도보여행 장비, 준비물, 잘 걷는법, 다리피로풀기 등의 내용은 도보행진이 있을때마다 내게 잘 걷는다는 칭찬을 받게하는 원천이었음을 말하고 싶다."
9788971844755,"바람의 딸, 우리 땅에 서다 - 한비야
이 책은 국토 도보 여행자들에게는 정말 유용한 책이며, 그냥 읽기에도 정말 재미있는 책이다.

이 책을 통해서 우리나라의 문화, 습관, 情 등 한국인이라면 느낄게 정말 많은 책이다. 애국심을 느꼈고, 그리고 한국인이지만 얼마나 한국을 모르고 있나 하는 것들을 느끼게 해주었다.

정말 한비야씨는 존경할만한 사람인 것 같다. 걸어서 지구 세바퀴 반을 돌고 우리나라도 돌고,  여자로써 정말 하기 힘든일인데 정말 대단하다는 말밖에는 안나온다.
  이 책에서 기억에 남았던 글들은,
  ""임실이 내가 사는데서 먼곳이냐고 묻는다. 속이 뜨끔했다. 임실이 전라남도인지 북도인지, 어디쯤 있는데지 한순간 확실치 않아서였다. 미국의 덴버, 인디애나폴리스, 버펄로, 뉴올리언스 등의 위치는 눈 감고도 훤히 알면서 정작 내 나라의 꽤 이름난 곳조차 헛갈리다니"" - 우리의 세대들도 지역이나 지명을 모르는 곳이 많을 것 이라고 생각했다. 정작 나도 헷갈리니까...
  ""도보여행 원칙의 1장 1조는 찻길을 따라 걸을 때 반드시 차가 다니는 반대 방향으로 걸어야 한다는 거다. 그래야 오는 차를 볼 수 있어 안전하고, 위험한 순간에도 쉽게 피할 수 있기 때문이다.""
  ""밥을 공짜로 먹고 - 내가 네팔이나 인도를 여행할 때 구걸하는 아이들에게 돈을 주는 대신 밥을 사먹인 적이 여러 번 있었는데, 혹시 그때 지어놓은 복을 지금 돌려받는 건 아닐까?""
  ""해보지도 않고 어떻게 알아?는 지금 내가 아주 애용하는 말이 되었다. 전혀 새로운 일을 시작할 대, 힘에 부칠 것 같은 일을 계획할 때, 혹은 무언가 조금 늦었다고 생각될 때, 그래서 포기하고 싶을때마다 내가 나에게도 하는 말이다."" - 이 책에서 가장 크게 와닿은 말, 해보지도 않고 어떻게 알아.
  ""인연이란 그냥 내버려두어도 저절로 자라는 야생초가 아니라 인내를 가지고 공과 시간을 들여야 비로소 향기로운 꽃을 피우는 한 포기 난초인 것이다. 이것이 바로 나와 친한 사람이면 귀가 무르도록 들었을 '한비야의 난초론'이다.
  ""쇼페하우어가 한말 - ""나는 내가 돈 버는 재능이 전혀 없다는 것을 잘 알고 있습니다. 그러니 돈을 아껴 쓰는 법을 터득해야지요""
  ""걸으면 머리가 맑아지고 좋은 생각이 떠오른다. 철학자 플라톤과 아리스토텔레스의 말이다. 걷는 것이 사색과 명상의 필수라도 해서 이들을 소요학파라고 한다. 의학의 아버지 히포크라테스도 걷는 것이야말로 두뇌 회전에 가장 좋은 일이라고 강조한 바있다.""
  ""도시 사람에게는 이렇게 아름답게만 보이는 까치가 시골에서는 눈엣가시고 애물단지란다. 자기의 이해관계에 따라 이렇게 보는 눈이 180도로 달라진다. 이게 바로 우리 인간들이다""
  ""저 양지바른 곳곳에 무덤들 좀 봐. 한국은 죽은자를 위한 나라인 것 같애""
  ""결혼할 사람도, 계획도 없는데 괜한 말을 했나보다. 말씀은 안하셔도 시집 안간 딸이 있으니 인생의 숙제를 다 못했다고 생각하는 것이 분명하다. 엄마, 미안해.""
  ""우리의 할머니들은 어쩌면 그리도 하나같이 파란만장한 삶을 살았을까? 한 분 한 분 이야기가 그야말로 한편의 대하소설이다""
  ""사람을 가장 사람답게 하는 것 역시 발. 발로 무언가를 하는 사람들은 약지도 못하고 융통성도 없다. 날아갈 수 도 건너 뛸 수도 없다. 지름길도 없고 남의 힘을
빌릴 수도 없다. 죽이 되든 밥이 되든 그저 제 힘으로 한 발 한 발 묵묵히 자기 길을 갈 뿐이다. 그러나 그들을 알고 있다. 그 한걸음 한걸음 그 작아 보이는 힘이 사실은 얼마나 큰 힘을 가지고 있는가를. 그리고 제 발로, 제 힘으로 땀 흘려 무엇인가를 일궈냈을 때 저 밑바닥에서 솟아오르는 그 충만한 행복감을.""
  ""자기가 어디로 가고 있는지 목표가 있다면, 그리고 자기가 바른 길로 들어섰다는 확신만 있다면, 남들이 뛰어가든 날아가든 자신이 택한 길을 따라 한 발 한 발 앞으로 가면 되는 것이다. 중요한 것은 어느 나이에 시작했느냐가 아니라, 시작한 일을 끝까지 꾸준히 했느냐인 것이다.
  ""내가 시집 안 가고 잇는 것이 조국 통일이나 인류 평화에 해를 끼치는 것도 아니건만.""
  ""차로 하는 여행이 머리와 눈만의 즐거움이라면 걷는 여행은 눈으로 보고, 코로 향기 맡고, 귀로 듣고, 발로 느끼는 '오감 만족 여행'이다""
  ""걸을 수 있다는 것은 모든 동물 중에서 인간만이 받은 최고의 특혜이다""
  ""중국에는 만 권의 책을 읽는 것보다 만 리를 여행하는 편이 낫다는 말이 있다""
  ""영어가 일상화, 일반화되는 과정에서 우리말이 제대접을 받지 못한다는 점이다""
  ""켈리와 아니타는 사고 방식의 정형화와 획일화, 젊은이들의 비전 없음, 남자들의 보수적인 성향과 술버릇, 공중도덕이 없는 것. 웃지 않는 사람들 등을 지적했다. 요즘에 봇물처럼 쏟아진 '자아비판서'에서 한 번씩은 언급되었던 것들, 우리들이 잘 알면서도 '웬일인지' 고치지 못하고 있는 바로 그런 것들이었다.""
  ""김정호 선생님이 애국은 그 땅과 그 땅의 사람들을 사랑하는 것이라, 땅을 모르면 그 땅을 사랑할 수 없다""
  ""끝은 시작의 다른 말이라고 했던가""
  등 이외에도 정말 좋은 말들도 많고 우리가 느끼고 살아가야 할 이야기들도 많이 나온다.
  이 책을 너무 재미있게 봐서 한비야씨의 책을 더 사야할 듯 싶다. 너무나도 즐겁고 유쾌한 이야기가 아닌가 싶다.
  이 책 강추~"
9788971844755,"  한비야씨 책을 줄줄이 읽고 있다.  <지도 밖으로 행군하라> <그건, 사랑이었네> <한비야의 중국견문록> 그리고 이어 <바람의 딸, 우리 땅에 서다>를 읽었다.  아, 자꾸 여행기에 손이 가는 것은 어디론가 가고 싶어서일까?
    땅끝마을 해남에서 통일전망대까지의 도보 국토종단이다.  정말 대단하다.  이 말 밖에는.  예전 모 자양강장제 회사에서 희망 대학생들을 모아 국토대장정이라는 것을 하는 것을 본 일이 있다. (지금도 하고 있는지는 모르겠다) 하루 종일 걷고 텐트를 짊어지고 다니다 괜찮은 곳에 텐트를 치고 또 이동하고 마치 유목민처럼 야영을 하는 것이었다. 그들은 불볕 더위에 하루 종일 걸은 발은 그야말로 만신창이에 피부는 죄다 그을러 있었지만  나는 정말 그것이 너무 하고 싶었다.  왜인지는 모르겠지만 뭔가 새로운 일 같았다.  불행하게도 그것은 대학생만 신청이 가능했다는 사실.  그렇게 열망했던 일이라면 홀로라도 했으면 되지 않았겠냐고?  물론 여러가지 핑계거리가 있다.  여름, 겨울 휴가 해봐야 기껏 며칠이었고 또 여자 혼자는 '박'자가 들어가는 여행은 절대 금기인 가풍때문이었다.  아니, 하고 싶지는 했지만 그것은 어디까지나 막연히 하고 싶었던 것이고 실천이 뒤따를 만큼 열망했던 것은 아닐지도 모른다고.
    그런데 한비야씨는 그런 국토대장정을 홀로 해냈다.  당시 세계여행가로 알려진 한비야씨가 우리나라 여행을 했다는 것은 많은 이들에게 귀감이 되는 일이었다.  솔직히 지금이라도 당장 '우리나라 전국 일주 여행권 줄까?' 아니면 '유럽에 저기 저 나라 3박 4일 여행권 줄까?' 하고 누가 내게 묻는다면 나는 후자쪽을 택할테니 말이다.  생경함, 이국적, 낯선 것은 이토록 좋아하면서 편안함, 익숙함, 친근함은 이리도 나 몰라라 할 수 있다니.  모르긴 몰라도 이 책으로 인해 해외여행을 갈망하던 몇 몇 사람들에게 '그래 국내 여행도 좋을 것 같다' 하고 눈을 돌리게 하지 않았을까 싶다.
    도보 국토 종단에 대한 체험기와 부록으로는 한비야씨의 여행 노선과 경비가 정리되어 있다.  찾아보지는 않았지만 한비야씨 말로는 국토종단기(더욱이 도보 국토종단기는)는 선출간된 책들이 없었단다.  그렇다면 이 책이 거의 시초가 될 만한 책일테다.  
    먼저 여행 곳곳에서 찾아본 우리 말 지명들이 얼마나 예쁘고 앙증맞은 뜻들이 많던지.  참 정겨웠다.  일제시대 창씨개명을 시작으로 마을 이름까지 죄다 한자로 바뀌었단다.  그냥 자연스럽게 여겼던 것인데 이 책을 읽으며 내가 전혀 생각지 않았던 것을 발견할 수 있었다.  유일하게 순 우리말 지명을 갖고 있는 도시가 '서울' 이란다. 대전, 대구, 부산, 인천, 광주, 울산 6대 광역시는 물론 모든 시 도를 뒤적여 봐도 순 우리말 도시명은 서울 뿐이라는 사실.  단 한 번도 생각지 못했던 것이다.  그리고 우리 나라 섬이 천여개가 넘는단다.  그 중 백 몇십개가 유인도이고.  인도네시아 발리, 필리핀의 세부.... 잘도 알면서 내 나라 섬의 갯수가 이리 많은지는 정말 몰랐다. 책을 읽기 전에는 생각해 본 일도 없었지만 이 사실을 알기 전 누군가가 내게 물었다면 ""많아봐야 몇 십개 아닐까요?"" 했을 것이다.
    800.49.150  무슨 숫자일까?  약 800킬로미터를 49일간 걸었고 경비는 총 150만원선이었단다.  일수로 계산을 하면 하루 3만원 정도 된다.  그런데 야영을 하거나 정해진 숙소가 있지 않고는 하루 3만원도 여행자의 입장에서는 많지 않은 돈이다.  매일 밤 묶어야 할 숙소값, 세끼 밥값 그리고 약간의 비상금(오로지 도보 여행이었기에 이 이상 들것은 없다)만 해도 3만원은 족히 넘는다.  그런데 한비야씨는 주로 시골 마을 혼자 사는 할머니 댁에 얹혀 자는 날이 많았단다.  아무리 시골 인심, 시골 인심하지만 정말 그럴 수 있을까?  왠 배낭 하나 짊어지고 온 여자가 하룻밤 묶어가자면 선뜻 응할 사람이 몇이나 될까 싶다.  그런데 책에서 꽤 많은 시골 어르신들이 그렇게 해주고 있었다.  그에 모자라 아침에는 따뜻한 밥까지 차려줬다니 정말 놀랍다.  혼자 사는 어르신들의 시골집이 방이 많은 것도 아닐테고 말이다.  도시에 사는 우리가 체감하지 못해서 그렇지 아직까지 정말 우리네 시골에는 인심이 살아있을까?  
    도보 국토종단.  의미있긴 하다.  그러나 나는 이것이 하나의 수행처럼 여겨지는 것이 사실이다.  '반드시 걸어서' 라는 것은 자신과의 약속이고 결단이 따라야 할 일이다.  그런데 사실 여행을 '반드시 걸어서' 해야 할 이유는 없다.  덜컹이는 버스도 타보고 기차도 타고 그렇게 떠나는 여행이 어쩌면 더 로맨틱하다.  그런데 굳이 이렇게 '반드시 도보로만' 이라는 규칙은 수없이 고된 상황 속에 자신을 몰게 될 것이며 이는 '어떠한 극한에도 맞서겠다' 는 결의 아닐까?  그렇다면 '주로 도보'가 아닌 '반드시 도보'로 여행했는지 어떤 의도가 있었는지 궁금하다.  순전히 내 다리로만 여행한 것에 대한 자기 만족을 위해?  아니면 걸어서 여행하는 것이 산과 자연, 나무, 풀들을 더 자세히 볼 수 있어서?  그도 아니면 여행경비 때문에?  내가 이런 이야기를 굳이 하는 이유는, 자칫 잘못하면 '반드시 도보'로 하는 여행은 누군가에게 보이기 위해, 쉽게 말해 내세우기 위한 여행이 될 수도 있다는 점이다.  여행의 방식과 루트의 설계는 자기 마음이지만 이것이 진정 나를 위한 여행이라면 그런 방식과 루트를 정함에 있어 나름의 이유가 있어야 하지 않을까 싶어서 하는 말이다.
    여행을 하다보면 산전수전을 겪을 수 있다.  그러나 그를 위해 불법을 행하거나 도의에 맞지 않는 일을 하고도 무용담이 되어 들려지는 이야기는 영 마음이 불편하다.  일전에 읽은 <한비야의 중국견문록>에서도 느꼈지만, 나는 최소한 공인은 도덕적이어야 한다고 본다.  아니 그렇게 노력해야 한다고 본다.  공인이 아니더라도 사람이라면 누구나 '지킬 것은 지키며 살자' 를 지향해야 하지 않을까?  그런데 한비야씨는 산불의 우려로 인해 입산 금지(등산객의 안전을 위한 권유가 아니라 발각시 처벌한다는 경고문이다)라는 팻말이 버젓이 있음에도 불구하고 입산을 하여 산을 넘어 여행했다는 이야기를 하고 있다.  만약 그럴 수 밖에 없었다면 최소한 '그러그러해서 그러했지만 절대 그렇게 하지 않아야 겠으며 여러분도 그렇게 하지 않길 바란다' 정도는 명시를 해줘야 할 것 같은데 말이다.  그런데 '나 좋으면 그만'이라는 생각은 말할 수 없이 아쉽다.  한비야씨는 대다수 젊은이들에게 하나의 코드로 떠오르며 젊은이들이 그것을 표방하고 싶어한다.  그렇다면 열기 왕성한 젊은이들이 보기에 불법을 행하는 것을 보고도 결과만 괜찮았다면  '와~ 겁없네? 용기있어. 도전정신이 강한걸' 하고 오해할 수 있다는 것을 명심해야 할 것이다.  읽어보지는 않았지만 <바람의 딸, 걸어서 지구 세 바퀴 반>에서는 밀입국하는 장면도 쓰여 있단다.  불법, 그것을 행했다면 그냥 혼자 알고 말일이지 '나는 이렇게 이렇게 했어. 그렇게 하면 안되는데 나는 그렇게 했어. 어때? 나 용감하지?' 하는 것은 정말 아니라고 본다.  솔직히 내리 읽은 읽은 한비야씨의 두 권의 책을 통해서는 이런 부분에서는 굉장히 아쉬움이 크다.  독자 또한 선망하는 모델이라고 무조건 맹신하지 말아야 겠으며 분별력을 갖고 독서를 해야 할 필요성을 절실히 느낀다.
    이런 아쉬운 면도 있지만 역시 이 책을 통해 알게 된 새로운 사실과 우리나라 국토에 대한 애정, 아직 살아있는 시골 인심을 발견하게 된 것은 반가운 일이다.  앞으로 나도 우리 나라 곳곳을 더 많이 돌아보는 여행을 계획하고 싶다."
9788971844755,"    “전라도가 왜 전라도인지 알아?”
“흠…글쎄….^^;”
전주와 나주의 앞자를 따서 붙인것이래.”
“자, 그럼…문제, 경상도는?”
“경주와 상주?”
“딩동댕~~!!”
그렇게 책에서 보았노라며 강원도는 강릉과 원주를 합친것이요,
충청도는 충주와 청주를 합친 것이라는 등
권군과의 산책길에 이런저런 퀴즈놀이를 하다보니 참 우리나라에 대해 모르는 것이
 너무나 많구나 싶어 권군이 읽은 후한달음에 읽어넘긴 책.
속사포처럼 뿜어져나오는 깨방정(?) 스러운 비야언니의 문체를 너무 사랑하기도하고 말이다.ㅋㅋ^^;
  배꼽을 잡다가 마음이 찡하면서 읽기도 했지만 책 내용 중에 가장 인상깊었던 부분은
내가 여태껏 인식하지 못한 부분을 깨워준 
[큰 자라산이 까마귀산이 된 이유]에 관한 이야기.
말인 즉슨 오산시는 큰 자라가 많았기 때문에 큰자라 [오]를 썼었는데 일제에 쓰기 쉽도록
까마귀[오]자로 글자를 바꾸고
아랫파발, 점말, 새술막, 곰지골, 한여골, 푸실....등 참 부르기 좋고 듣기 좋고 뜻도 좋은
한글로 씌여진 동네이름을 일제시대때 행정구역을 정리한다는 명목으로
집중적이고 의도적이게 변경!!
동서남북, 상하좌우, 일이삼사...등으로 바꿨고 지금까지 사용되고 있다는 우리나라 토박이
이름에 관한 것이었는데
그 말을 듣고보니 현재 내가 살고있는 화정 1동, 2동, 3동의 이름 역시 그 시절의
잔재구나 싶기도하고
  화정동이라 부르는대신 [꽃우물마을] 로
별이 모래처럼 많아 붙여졌다는 성사동은 [별모래마을]로
흰돌이 많아 백석으로 불리우는 백석동은 [흰돌마을]로...
  이렇게 내가 사는 지역의 동네 이름을 한자를 한글로 풀어도 보고
00동보다는 00고을... 00마을... 로 바꿔 불러보니 
얼마나 정감있는 우리 말들인지... 한글이름이 너무 이쁘기만하구나...싶다.^^
.
.
.
나 역시 짧은 타국 생활 후 집으로 돌아오면서 권군과 주말마다 우리나라를 더 구석구석!!
내가 사는 동네를 더 구석구석! 걸어보겠노라! 알아가겠노라고 다짐했었는데
너무 더뎌 아직 별 수확인없지만, 숨겨진 보물을 찾듯 조금씩 천천히 그 동안 몰랐던
우리나라의 숨은 이야기들을 찾아가려고 하는 중이다.^^;
작년가을부터 남산, 하늘공원 등 서울에서 열리는 걷기대회에도 참여하고
북한산에도 오르고 남편과 늘 동네주변을 산책하고 야산을 오르는 걷기를 실천하며 살고있고 자동차로는 휘리릭~ 몇번이고 다녀 본 우리나라지만 도무지 엄두가 안났던 도보국토종단.
걷기예찬과 걷기여행책을 보면서 조금씩 천천히 다양한 방법으로 걷는 방법이 있다는 것을
알게 된 후
또 어린시절부터 역마살을 펼치며 걷던 어린 시절 기억들이 지도를 그릴만큼
생생히 남아있다는 사실을 문득 깨닫게 된 후
우리의 여행방법은 스쿠터에서 자전거로... 또 다시 걷기여행으로 수정되고 있는 중이다. 
우선 이번주는 걷기 여행의 워밍업으로 우리동네부터 걸어보기.^^* 
.
.
.
    여담으로...
  첫번째로 [그건사랑이었네]를 읽은 이 후 만든 책 읽기 프로젝트!
두번째로 [지도밖으로 행군하라]를 읽은 이 후 월드비젼 후원자되기!
세번째로 [바람의딸, 우리땅에 서다]를 읽은 이 후 우리나라 걸어볼 엄두를 내기까지...
  우리 커플... 비야언니 책을 읽으면 자꾸만 따라하고 싶으니... 이것도 전염인가? ^^;
(바람의 딸, 걸어서 지구세바퀴반을 다 읽고나면... 걸어서 세계일주를 떠나려고
할지도 모르겠다.ㅋㅋ)
          가슴에 남는 구절
  잃어버린 한글을 찾아서
왜 일제시대 때 빼앗긴 이름을 우리는 50년이 지난 지금도 되찾지 못하고 있는 것일까?
창씨개명으로 바뀐 사람 이름을 되찾듯 '창지개명'을 당한 땅에 제 이름을 찾아주어야 하지 않는가.
광복 이후 이런 움직임이 있기는 했지만 우리가 체감하기에는 너무 미흡했다.
땅 이름은 단순히 토지나 장소의 이름만이 아니다.
한 동네의 지형적 특징, 역사와 자연 환경, 전통을 단번에 알 수 있는 귀중한 무형문화재이며 조상들의 영혼과
지혜를 담고 있는 훌륭한 유산이다. 또 우리말의 아름다움과 변천의 역사가 살아 숨쉬는 사전이기도하다.(p158)
    즐겁게 국토종단 하는 다양한 방법
우리나라 제일 홀쭉한 곳을 골라 동쪽에서 서쪽으로 횡단하는 법도 있겠고,
강원도나 전라도 등 특정 경계선을 따라 걸을 수도 있다.
아예 지그재그로 그야말로 누비며 다닐 수도 있고, 엄마 고향부터 아빠 고향까지
가보는 것도 방법이다.
시간이나 기간도 그렇다. 지금 나처럼 뭉텅이 시간을 낼 수 있는 사람이라면 한꺼번에
걷는 것이 좋지만 직장이나 학교를 다니는 사람이라면 주말마다 걸을 수 있을 것이다.
갈 수 있는 만큼 가다가 다음에 전에 멈췄던 곳부터 다시 걸으면 된다.
매주 시간이 나지 않을 때는 1년을 작정하고 할 수 있는 만큼 조끔씩 다닐 수도 있고,
혹은 자녀들과 함께 '네가 중학교 들어가기 전까지 국토종단을 하자'는 등의 장기
계획을 세운다면그렇게 어려운 일도 아니다. (p188)
         "
9788971844755,"저자의 허락은 받지도 않은채(-_-) 책의 일부를 살짝 들춰본다면..

==========================================================
* 지난 달에는 박상남이라는 사진작가가 내 발을 모델로 사진 전시회를 열었다. 얼굴이 아닌 발이 아주 커다랗게 찍혀 최고급 액자에 넣어져 인사동 화랑에 전시됐으니 발치고는 대단한 출세다. 발 팔자로만 본다면 고관대작, 재벌 총수, 어느 유명한 인기인들보다 훨씬 낫지 않은가.
그 전시회는 내 발마닝 아니라 마라토너 이봉주, 산 사나이 엄홍길, 족필화가, 현대`고전 무용수, 피겨스케이팅 선수 등 발로 무언가를 이루고 있는 사람 10인의 발이 모델이 됐는데, 작가의 말이 걸작이다.
""발로 뭔가를 하는 사람들은 하고 있는 일을 온몸으로, 혼신을 다해 우직하게 하는 사람들이에요.""
몇 년 간 발만 찍으러 다녔더니 신발과 발만 봐도 그 사람의 직업과 신분과 성격과 활동 범위, 건강, 심지어는 사람 됨됨이까지 알 수 있다고 한다. 화장을 하거나 반지 같은 보석을 끼워서 화려하게 장식한다고 다르게 보일 수 없는 것이 발이므로 그 사람의 참모습이 적나라하게 드러난다는 것이다. 사람을 가장 사람답게 하는 것 역시 발이라고 발 사진작가다운 소리를 한다.

* 결혼을 해보지는 않았지만 여행과 비슷하지 않을까 생각한다. 여행에서 만나는 동반자에 따라 좋아지거나 나빠지는 경우를 많이 겪었다. 여행지의 모든 조건이 완벽하더라도 함께 다녔던 사람이 마음에 들지 않으면, ""거기 별로였어"" 하게 된다. 반대로 매일 비도 오고 도둑도 맞고 물어물어 찾아갔는데 볼 것이 하나도 없는 유령 마을이었대도 같이 간 사람과 마음이 맞으면 그곳에 대해, ""정말 좋았어. 너도 한번 가봐.""라고 말하게 된다.
그럴 때마다 인생이라는 긴 여행을 좋은 동반자와 함께 한다면 혼자보다 한결 즐거울 거라고 생각했다. 동반자와 함께 커나갈 수 있다면 인생이 얼마나 풍요로워질 것인가도 생각했다.

* 인생에서도 마찬가지가 아닐까 한다. 자기가 어디로 가고 있는지 목표가 있다면, 그리고 자기가 바른 길로 들어섰다는 확신만 있다면, 남들이 뛰어가든 날아가든 자신이 택한 길을 따라 한 발 한 발 앞으로 가면 되는 것이다. 중요한 것은 어느 나이에 시작됐느냐가 아니라, 시작한 일을 끝까지 꾸준히 했느냐인 것이다.

* 최근 <길들일 수 없는 자유>라는 책을 읽었다. 지난 세기에 여행과 모험을 한 '대단히 간 큰' 여자 열 명의 이야기다. 거기서 이미 100년 전에 지구를 한 바퀴 돈 스위스의 여행가 엘라 마일라르트라는 왜 자기가 그런 위험을 무릅쓰고 여행을 하는지에 대해 이렇게 설명하고 있다.
""도전은 나를 끊임없이 앞으로 몰아대는 채찍질과 같다. 위험은 인생에 있어 양념과 같다. 여행이란 자신의 육체적, 정신적 한계로 떠나는 소풍이며 어려움들이 나를 자극한다. 나는 극복하기 어려운 장애물을 극복했을 때 느끼는 그 따끔따끔한 만족이 필요하다고 솔직하게 인정한다.""
내가 하고 싶은 말 그대로다. 마치 내 일기장을 베껴놓은 것 같다. 나는 여기에 감히 한마디를 덧붙인다.
""위험할 수도 있는 도전을 행동으로 옮길 때, 만의 하나 잘못되면 어쩌나 하는 두려움 때문에 그렇지 않을 9,999번의 기회를 놓칠 수는 없다.""
==========================================================


큰일이다. 이미 내 손에는 이 분이 쓴 다른 책들이 쥐어져 있다."
9788971844755,"잠자는 딸을 보며
  자는 모습이 예쁘다

이마에서 눈으로 코로 볼로 이어지는 선이 예쁘다
아주 막 생기게 태어나지 않아 다행이다
하기야 요즘은 개성시대이니
딱히 못생겼다 잘 생겼다를 이야기 할 필요가 없다

젊은이들을 보면 모두가 잘 생겼다
바라보는 시선을 어디에 두느냐에 따라
관점이 다르기 때문에

생김새에 관계없이
아는것과 마음 씀씀이가
향기가 되어 얼굴로 행동으로
풍겨 나오는 사람이
진정 잘생긴 사람이라 생각한다

늘 배우고 배운것을 나눌 줄 아는 삶에서
향기가 나는 그런 멋진사람
자기만의 향기가
밖으로 배어나와 멋있어 보이는
그런 사람이 되기를 바란다

아름다움 자체에 연연하며
멋을 내는 사람보다
내면의 멋에 치중을 두는 사람 

열심히 자신을 챙겨 멋진 삶 속으로
자신을 풍덩 담글 수 있는
여자가 되기를 잠자는 딸을 향해 말을 해 본다


사랑하는 내 딸아
오늘도 아빠는 하루치의 삶을 사르고
잠든 너의 머리맡에 앉았다 

행여 너와 눈을 마주칠 수 있을까
바쁜 걸음으로 달려와 앉았지만
감겨진 너의 다솜한 눈 위로
마음으로 눈을 맞춘다

언제부터인가
아빠는 아빠의 살과 혼을 태워
너의 내일을 준비하고 싶어졌다

아빠의 아빠와 엄마로부터
물려받은 작은 소망 하나
너의 가슴에 물려주고

아빠는
빛나는 네 눈 속에
이슬로 스며들고 싶다

언젠가 다 자란 네가 나를 기억할 때

아빠는 별빛을 뿜는 네 눈에
이슬로 태어나
고운 너의 가슴을 적시고 싶다

사랑하는 내 딸아

자꾸 네 이름에 목이 메이는 건
이미 네가
아빠 눈 속에 이슬로 스몄기 때문인가 보다"
9788971844755," 도보여행가의 국토종단기다. 세계여행을 하면서 느낀 국토종단의 중요성을 알고 바로 국토종단에 몸을 맡긴 한비야의 이야기다. 약 두달 정도 걸렸다고 하니 쉽진 않은 일정이지만 세계 여행에 비하면 정말 쉽다. 그녀에게 있어선..나도 400킬로 정도를 자전거를 타고 익산에서 춘천까지 가 봤지만 정말 쉽지 않은 일정이었다. 땅끝마을에서 고성 통일전망대까지 800킬로 정도 된다고 하니 정말 힘들어 보인다. 하지만 자신의 걷기 능력을 잘 알고 조절한다면 뭐 까짓거 힘든 일도 아니라고 생각된다. 쉬엄쉬엄 갈 착이면..
   나도 정말 해 보고 싶은 코스다. 일단 돈도 좀 있어야 될 거 같고..시간도 좀 많아야 될 것 같고..아무래도 자유로운 영혼이 갈 수 있는 코스라 생각된다. 나도 자유로운 영혼이 정말 된다면 도전해 보고 싶다. 언제쯤? 아직은 잘 모르겠다. 하여간 한비야의 걷기 운동은 부러울 뿐이다. 정말 진정한 자유로운 영혼이니 말이다. 원없이 걷고 글쓰기를 하면 책도 동이나니 더할 나위 없다. 자기가 하고 싶은 일을 하면서 돈을 버는 일이 얼마나 행복한 일인가? 김성근 감독님의 말이다. 참 이말 좋다. 얼마 전 김태수 실장님으로부터 열정에 대한 얘길 들었다. 심장이 뛰는 일을 해야 된다고 정말 맞는 말이다. 난 아직도 그걸 찾고 있는데 언제쯤 나도 열정을 갖고 할 수 있는 일을 잦을 수 있을 지 정말 고민된다. 나도 알고 싶은데..누구에게도 쉬운 일은 아니라고 본다. 찾고 또 찾아볼 뿐..답이 나올때까지..
   국토종단을 생각하는 분이라면 한번쯤 볼만하다. 그리고 나도 할 수 있다는 용기를 가질 수 있을 것이다. 하물며 남자라면 더욱 분발하는 힘이 생길 것이고 한국의 이곳저곳을 여행하고픈 생각도 들 것이다. 여행은 정말 남기는 것이니까..여행은 정말 하고 또 해야 되는 것이라고 생각한다. 투자에 비해 얻는 것이 더 많다고 하니 우리 모두 여행에 꼭 투자해 보자. 방콕만 가지말고.."
9788971844755,"책 욕심이 워낙 많기는 하지만, '한비야'라는 이름 때문에 이 책을 받는데 서슴없었다. 이 책이 재미없다는 이야기와 한비야씨의 글솜씨가 별로라는 여러가지 이야기들을 들은 터라 선뜻 읽게되지 않았는데, 손에 잡고 보니 술술 잘 읽히는 책이었다.
  직접 길에서 겪은 경험과 꾸미지 않은 문체는 읽는 내내 내 마음을 행복하게 했다. 하지만, 책을 다 읽고 나서, 내가 하고 싶은 일이 무엇인지 그 일이 정말 하고 싶을 때 도전할 의지가 있는지 가만히 생각해 보았다. 난 막상 하고 싶은 것도 도전할 의지도 없다는 것을 새삼 깨달았다. 왜, 하고 싶은 일이 없어졌을까? 왜, 간절하게 가고 싶은 곳도 없어졌을까? 왜, 이리도 매력없는 사람이 되어가고 있는 것일까?  저자가 길에서 겪은 일들을 편안한 자리에 앉아 읽으며, 내 마음과 내 미래의 나에 대해 다시한번 생각해 보는 시간을 갖었다.
  마음을 움직여봐야 할 때가 아닌가 싶다.
  P.57_여행 갈까 말까 할때는 무조건 가고, 여행 가방에 넣을까 말까 하는 것은 무조건 뺀다!
  P.159_금방 죽을 것, 쌓아 놓고 살면 뭐하나? 1천 석 실은 배가 하루 식전에 가라앉을 수도 있는데, 게다가 여태껏 살면서 나도 모르는 사이에 내 목숨 살려주고, 도와준 사람들이 월매나 많겄어._ 충북 괴산군 연풍면 신혜원 고사리에 사시는 김복순 할머니.
  P.181_지금 이 나이가 다른 사람들이 몹시 부러워하는 나이일 뿐만 아니라 자신에게는 가장 젊은 나이이기 때문이다.
  P.129_한국 속담은 '시작이 반'이라고 하지만 중국 속담은 '행백리자반구십(行百里者半九十)', 즉 100리를 가는 사람이 90리를 걸어야 비로소 절반을 지난 것이라고 한다. 끝날 때까지 절대로 안심하면 안된다는 얘기다.
  찾아 보려는 책
우리 땅이름의 뿌리를 찾아서/토담/배우리 지음
한자에 빼앗긴 토박이 땅이름/향지사/윤여정 지음
땅이름 나라 얼굴/고려원미디어/ 오홍석 지음
역사와 지명/살림터/김기빈 지음
땅이름 국토사랑/집문당/강길부 지음
토박이 땅이름/그루/권순채 지음
한국 땅이름 큰사전/한글학회 엮음
길들일 수 없는 자유/막달레나 쾨스터,주자네 헤르텔 공편/여성신문사"
9788971844755,"이 책 또한 너무나도 재밌게 읽었다.
  여행을 좋아하지만, 혼자는 엄두가 안 나서 망설이고 있는데, 이 책은 마치 단비와도 같이 내 마음을 촉촉하고 부드럽게 해주어서 좋았다.
한편으론 내가 너무 책을 골라서 읽는건 아닌지, 책도 음식처럼 골고루 소화해야 하는데, 너무 내 입맛에 맞는건만 쏙쏙 골라서 편식하는건 아닌가 잠시 고민(?)도 했지만, 내가 읽으면 얼마나 읽는다고 좋아하는 것만 읽기도 어려운데, 쓸데없는 고민을 한것같아 어이없기까지 했다.
  오지 여행때처럼 신기하고, 새로운 정보를 알게 되는 즐거움은 없었지만, 다 알고 있는 것들에 대한 여러가지 상황과 생각 그리고, 늘 가까이 있어서 소중함을 모르고 그냥 지나치기만 했던 산과 들과 강과 바다,, 우리 모두는 자연속에 살면서 자연이 주는 혜택을 너무나 당연시한게 아닌가라는 착각을 불러일으키게끔 했다.
자연의 소중함뿐만 아니라 내 주의에 있는 사람들 물건들 나아가 내나라 내조국이 모두 하나하나 아름답고 존귀하게 느껴진다.
  겨울이 지나 봄,여름이 되면 길거리를 하얀 깃발을 펄럭이면서 전국 국토 순례를 하는 대학생들을 많이 볼 수 있었는데, 그들을 보면서 '왜 사서 고생하지?' 문득 이런 생각이 들었다.
하루 종일 걷고, 또 걷고해서 잘 씻지도 못하고, 잠자리도 불편하고 보기에는 그냥 걷고 있는것만 같은데, 걷고 나면 무엇이 남을까 궁금하기까지 했었다.
책을 읽고 난 후 간접적으로나마 국토종단을 하면서 생각이 달라졌다.
  한비야 작가님 말처럼 '한걸음 한걸음'의 진리와 해보지도 않고 포기한다는게 얼마나 미련한건지,, 열심히 노력했지만 결과적으로 실패했을 경우 좌절하지않고, 또 다시 용기를 내어 실패를 발판삼아 새로 시작할 수 있는 도전 정신등 넘치면 넘쳤지 절대 모자르진 않을 것이다.
  이처럼 지칠줄 모르는 패기와 도전정신이 자라나는 청소년에게 꼭 필요한 영양분이 될것이다.
  나도 신록이 푸르를쯤 '한비야 루트'를 거닐어야겠다. 그속에서 나 자신을 되돌아보고 새로운 나를 발견해 보고 싶다."
9788971844755,"나도 모르게, 여행담을 묶은 책을 펼치기에 앞서 꼭 메모지를 준비하게 된다. 문학가의 것이라면 감탄에 감탄을 쏟아낼 수밖에 없는 표현력을, 그렇지 않은 이의 것이라면 그 주말의 여행지를 가늠해 보고 그곳의 포토존을 힘들이지 않고 찾으려는 세상 참 쉽게 사는 법을 배우려는 마음에서다. 하지만 이번은 예외다.

나의 발걸음이, 아니 눈걸음이 ‘3월4일 해보지도 않고 어떻게 알아’의 마지막 문장 마침표에 다다랐을 때, 이번 도둑여행(다른 이의 여행에 돈 한 푼들이지 않고 따라 나서니 나는 여행기를 읽는 것을 그렇게 부른다.)의 준비물 목록에서 메모지가 필요치 않음을 알았다.

그 이유는, 이 책을 내 마음대로 정의하자면 땅 끝(전남 해남군 송지면 갈두리)을 출발해 중간 중간 여러 외갓집을 들러서 통일전망대(강원도 고성군 현내면)에 이르는 국토종단 이야기이기 때문이다. 그 외갓집들엔 혈연의 외할머니가 아니라 우연의 외할머니가 계셨다. 좀 서운한 것은 옛날엔 외할머니에 외할아버지는 물론 외삼촌 숙모에 외종사촌까지 반가운 얼굴이 넘쳤는데 이제는 외할머니만 외로이 계시니 반가움 너머 저편은 짠하기 그지없다.
    우연한 발걸음을 밀어내지 않고 가슴으로 맞이하는 속 깊은 정의 외할머니와 낯선 손녀의 하룻저녁을 살짝 엿보는 재미는 쏠쏠하다. 어떤 밤의 외조모녀는 쩔쩔 끓는 방에서 몸을 지지며, 어떤 밤은 중국요리를 잔뜩 시켜 먹고는 TV 드라마에 푹 빠지고, 어떤 밤은 대하소설 같은 할머니의 인생역정을 듣고, 어떤 밤은 밤새 시집가라는 고문 아닌 고문의 시간을 보낸다.

따지고 보면 국토종단의 마흔 아홉 날 중에 할머니 집에서 묵었던 날은 그리 많지 않다. 그럼에도 이 책을 ‘외갓집들을 들러 국토종단 한 이야기’라고 정의한 것은 사비를 털어 20명 가까운 아이들을 돌보는 소라씨네(‘3월3일 도보여행 원칙 제1장1조’에서)를 비롯해 할머니는 아니었지만 마음 따뜻한 사람들의 따순 삶에 기댄 많은 밤들이 읽는 내내 내 외갓집의 추억 속으로 길을 안내했기 때문이다. 어머니도 외조부모님도 모두 세상을 떠나셔서 사라져 버린 외갓집이 가슴 속에 병풍처럼 일어나는 기쁨과 슬픔의 이중주에 잰걸음으로 책장을 넘고 또 넘었다.

늦게 사는 인생에 대한 희망가를 부르는 그녀에게서 동지애를 느낀다. 그녀는 남보다 6년 늦게 대학진학, 10년 늦게 첫 직장을 가졌단다. 그로인한 조급함으로 늘 아등바등했다한다. 하지만 긴 여행을 통해 조급증으로부터 자유로워질 수 있던 것과 언제 시작했느냐가 아니라 포기하지 않고 끝까지 꾸준히 할 수 있느냐의 문제라고 역설한다.(‘4월5일 이 나이에 라니, 무슨 나이 말인가’ 에서) 마흔도 넘어 디자이너의 길에 발을 올려놓은 내게는 너무 가슴에 와 닿는 대목이 아닐 수 없다. 최고의 디자이너가 아니라 하고 싶은 일을 하며 사는 행복한 인생을 위해 오랜 시간 도전해 온 내 경험을 봐서도 절대동감의 대목이다. 좀 늦으면 어떤가, 크게 성공하지 못하면 어떤가 행복하면 됐지. 나만 늦은 것이 아니라 늦은 삶도 그 나름의 의미가 있다는 깨달음과 그녀와 내가 다르지 않다는 동지애가 큰 물집으로 달렸다.

책장을 넘고 또 넘다 보면 ‘진짜 욕심쟁이네.’ 하는 말이 절로 튀어나온다. 이 여행이 끝나면 백두대간 종주와 우리 섬 여행, 그리고 배를 타고 가는 세계여행, 그리고 경비행기 또는 열기구로 하늘여행, 심지어 우주여행까지 그녀의 욕심은 끝이 없다. (‘4월21일 먹을 복 터진 날’에서) 대개 욕심이 지나치면 추해 보이지만 그 욕심이 결코 탐욕스럽게 느껴지지 않는데 그것은 물질이 아닌 꿈에 대한 욕심인 까닭이다. 내 자신을 비롯해 주위를 둘러보면 꿈에 욕심을 내는 사람은 찾아보기 힘들다. 그것은 나이가 들수록 더 심해져서 생활을 이유로 또는 핑계로 꿈을 버린 사람들뿐이다. 남과 피부로 비교되는 물질은 지고 싶지 않지만 그렇지 않은 꿈은 성패(成敗)에 관심이 없다. 행복해지기 위해서라지만 그 욕심을 넘은 탐욕으로 인해 우리는 더 불행해지고 있다. 안타깝다.

그렇게 그녀를 따라 걷다보면 어느덧 통일전망대에 다다른다. 해남에서 통일전망대 까지 입산금지 기간이라 조금의 애를 먹었던 것을 빼고는 거침이 없었던 그녀의 발걸음만큼이나 거침없이 책장을 넘을 수 있다. 늘 책 읽는 자체의 즐거움과 더불어 과도하게 글쓰기를 배워야 한다는 강박관념이 있는 나로서는 이번 도둑여행은 고급 패키지여행이 아닌 그 어느 것에도 구애받지 않는 무인도 자유여행을 다녀온 느낌으로 남았다.

요즘 나는 시시때때로 뽀올레 뽀올레(천천히 천천히란 뜻으로 킬리만자로 우흐르봉을 오를 때 가이드가 정상에 오르고 싶으면 무조건 뽀올레 뽀올레 걸어야 한다고 했다한다.)를 외치는 습관이 생겼다. 나는 지금 내 인생의 수많은 행복이란 봉우리 중 어느 한 봉우리의 정상을 향해 걷고 있는 중이고 반드시 그 봉우리들의 정상을 다 오르고 싶기 때문이다. 자!, 우리 한 번 외쳐 보자. 뽀올레, 뽀올레!"
9788971844755,"바람의 딸 걸어서 지구 세바퀴 반을 걸었다.
  아프리카, 유럽, 아시아 할 것 없이 걷고 걸어 그 종착점 우리나라를 발로 밟고 걸으며 우리의 사람을 만난다.
  사실 난 한비야의 이야기를 이 책을 통해 처음 알게 되었다.
  우리나라를 걸어서 종단하는 여자이야기를 통해 그녀가 세계여행도 했다는 것을 알았고
그후 중국에서 연수를 하고 지금은 세계구호활동을 하고 있다는 것도 알게 되었다.
  작은 체구의 그녀가 이렇게도 다양하고 넓게 활동을 한다는 것이 신기하기도 하고 결혼도 하지 않고 좋은 직장도 마다하고 남들과 다르게 자신이 하고 싶은 것은 하며 산다는 것이 정말로 신기했다.
  특히 이 책은 우리나라를 여행한 것이라 가슴이 답답하고 정말로 떠나고 싶을 때 대리만족을 주는 책이다.
  게다가 자동차 타고 콘도에서 편하게 자고 오는 여행이 아니라 두 발로 걸어서 발길 닿는 곳에서 하루밤 자고 함께 걷고 싶으면 친구들과 합류하여 걷고, 방송 인터뷰도 하고 가장 좋은 도보 여행길을 추천하고 길을 걷다가 지방의 사람들을 만나는 여행이 내겐 쉽게 느껴지지 않아 더욱 경이롭고 재밌다.
  가장 인상적이었던 것은 설악산을 혼자 걷는 부분이다.
입산통제가 된 산길을 혼자 걸으며 맨발로 온 산을 만끽하는 장면은 너무나 부러웠다.그만큼 간절히 원했기에 가능한 일이다. 한비야는 무슨일이든 간절히 원하고 노력하고 꼭 이루어낸다. 만화주인공 캔디처럼, 드라마에 나오는 대장금처럼 보고 배울 점이 너무 많다.
  ""해 보지도 않고 어떻게 아냐""고 했던 그녀의 아버지 말처럼 그녀는 무슨 일이든 씩씩하게 해낸다.
  오늘 그녀처럼 하고 싶은 일을 당당하게 도전하여 성취하는 삶을 살고 싶다"
9788971844755,"- 이제는 돌아와 거울 앞에 선 내 누이에게 -

우리 동명부대가 UN 평화유지군의 이름으로 파견된 레바논 있죠. 그 곳이 어떤 지역인지는 긴급구호활동을 하고 있으니 잘 아실 테죠. 연전에 이스라엘이 헤즈볼라 세력에 포로로 잡힌 자국 병사를 구한다는 명목으로 지상군을 투입하여 교전을 벌임으로써 전화에 휩싸이게 된 나라 말입니다. 그런데 비야 님께 왠 레바논 전쟁 얘기부터 꺼내냐고요? 아찔했던 기억이 떠올라서 그런답니다.

전쟁이 나면 으레 피해를 입는 것이 사태와는 직접 연관이 없는 민간인들이게 마련이지요. 아니나 다를까 많은 어린이들이 굶주리고 있다는 소식이 바로 들려오더군요. 가슴 한편에서 스산한 바람이 일어 추스르는데 애를 먹었습니다. 그리고 꽤 시간이 흘러 겨우 담담해진 어느 날 신문을 보다가 그만 얼어붙고 말았답니다. 이들 기아 어린이를 돕기 위해 월드비전에서 식량 지원을 결정했다는 것이 아닙니까. 바로 비야님이 긴급구호팀장으로 있는 비정부단체에서 말입니다. 순간적으로 생각이 꼬리를 물고 이어졌습니다. 조만간 식량 지원 업무를 관리하기 위해 인력을 파견하게 될 것이고, 그 멤버에 긴급구호 전문가인 비야님도 당연히 포함되어 사지로 기약 없이 떠나는 것이 빤히 그려졌던 것입니다. 정말 그리 되면 어쩌나 하는 우려 속에 계속 관련 보도를 예의주시했답니다. 다행인지 파견 멤버에 대한 언급은 더 이상 나오지 않았고, 더구나 실제로 보냈다는 보도는 전혀 들어보지 못했습니다. 하지만 기구의 성격이나 비야님의 심성으로 미루어 언제 실행에 옮길지 알 수 없는 일이어서 맘을 졸이곤 했답니다. 이번에 펴낸 <그건 사랑이었네>를 보니 레바논 이야기가 더는 나오지 않기에 정말 다행이었답니다.

비야님, 이제 다시는 그런 곳에 가지 마세요. 지금 비록 미국 유학길에 오르셨다고는 하지만 마치고 난 다음에는 언제 또 그럴지 모르니 안심이 되지 않는답니다. 하니 꼭 다짐을 받아두고 싶어요. 잠깐만 한숨 돌리고 생각해보세요. 그런 지역은 최소한의 인간적인 배려도 남아있지 않은 곳입니다. 잔인무도한 살육이 서슴없이 행해지고 있지요. 하니 비야님, 아무리 현장 긴급구호 활동가로서의 직책을 수행해야한다지만 최소한의 안전만큼은 확보된 곳으로 다니세요. 비야님은 그동안 오지라는 오지는 지구 세 바퀴 반을 돌만큼 찾아다니고 모두들 나 몰라라 하는 최악의 위험 지역만을 골라 주변의 우려와 만류에도 불구하고 기어이 가곤 했지요. 이제는 안 됩니다. 만약 비야님이 어떻게 된다면 우리가 입을 정신적 타격이 얼마나 클는지 아마 짐작 못할 겁니다. 비야 님을 바라보고 있는 눈길이, 비야 님께 기대고 있는 마음이 얼마나 많은데요. 당신은 이제 홀몸이 아니란 걸 아셔야 합니다.

비야님, 그런데 이렇게 만류하고는 있지만 사실은 <바람의 딸, 지구 세 바퀴 반>에서 여자 혼자의 몸으로 힘겨운 여행을 거뜬히 해 내는 걸 보고 가슴 졸이면서도 기분 좋게 들떴었다는 것을 고백합니다. 제 내면에 퇴화되어있던 자유인으로서의 본능이 꿈틀거리기도 했고요. 최근에 펴낸 <지도 밖으로 행군하라>와 <그건 사랑이었네>는 오지여행가로서 개인적인 차원에 머물던 의식의 지평이 긴급구호 활동가로 드넓게 거듭난 모습을 그린 것이었는데 이를 통해 제 삶의 지향을 근본적으로 숙고해 보게도 되었습니다. 그동안 오로지 제 앞가림에만 급급하여 일신의 명예와 이익만 좇던 속물이 바로 저의 실상이라는 진단이 나오더군요. 그 정도로 심각할지 생각 못했는데 비야님의 투명한 거울에 비쳐보니 잡스런 모습이 또렷하게 드러난 것이지요. 하여 오지를 겁 없이 다니고 긴급구호 현장에 과감하게 뛰어드는 비야님의 모습이 너무 보기 좋아서 덩달아 저의 내면도 살아 있음을 느끼며 스스로를 돌이켜 살피는 일에 눈돌리게 되었다 하겠습니다. 비야님을 통해 간접 경험한 것들이 정신적 성장에 큰 밑거름이 된 것이지요. 그러나 또 한편으로 앞서 말씀드렸던 우려를 떨쳐버릴 수 없기에 비야님의 행보를 말려야 할지 말아야 할지 솔직히 갈피를 못잡겠네요. 그러나 이것 하나만은 꼭 말씀드릴게요. 소중한 사람과 오래도록 함께 하고픈 마음이 가장 먼저라고 말입니다.

그런 의미에서 이번에 다시 읽은 <바람의 딸, 우리 땅에 서다>는 여러모로 제 마음에 쏙 들었습니다. 한결 시름을 놓고 즐겁게 따라가게 만들었기 때문입니다. 비록 몇 년 전에 실행한 것이었지만 의미가 아직 퇴색되지도 않았고요. 하여 비야님, 계속 그렇게만 다니시라고 간곡하게 말씀드릴게요. 이렇게 안전한 곳에서 호젓하게, 그러면서도 의미 있게 여행을 오롯이 즐기라고 말입니다. 그렇게만 한다면 이제 모든 걱정을 훌훌 날려버리고 기꺼이 비야님의 여정에 축복하며 동행하는 심경이 될 것입니다. 조금의 거리낌도 없어 내면에 지극한 평화가 깃들 것이고요.

비야님, 여행은 원래 새로 접하게 되는 풍경이나 주변의 사회적 상황을 자신의 내면에 비추어 지극히 사적으로 해석하기 일쑤인 개인적 체험의 과정이라고 저는 봅니다. 이를 통해 한 개체로서 자신의 존재 의의를 자각하고 때론 세상의 이치를 깨우치기도 한다고 믿고요. 바람의 딸 비야님도 아마 그럴 겁니다. 그래서 이번 우리 땅을 걷는 일은 더더욱 각별한 의미로 다가왔을 것입니다. 글 곳곳에 배어있는 남다른 감회에 때론 멈칫거리고 더러는 빙긋이 웃곤 하면서 비야님의 내밀한 고백을 들을 수 있었습니다.

비야님에게 이번 여행은 이 땅의 실체를 확인하는 것 못지않게 세계여행의 완결이라는 측면에 더 굵은 방점을 찍을 수 있을 것입니다. 세계 일주 여행이 거의 끝나갈 무렵 티베트에서 만난 여행자가 한국의 임실을 아느냐고 물었을 때 어딘지 감이 잡히지 않아 말을 이을 수 없었던 경험이, 정작 제 나라에는 이렇게 무심했구나 하는 자각이 세계 여행의 대미를 국토 종단으로 장식하자고 마음먹게 만들었음을 고백하는 대목에서는 덩달아 울컥했답니다. 또 수많은 동반자들과 만남을 거듭했던 세계여행과는 달리 혼자 지내는 시간이 많을 수밖에 없었던 이번 여행을 통해 자신의 삶을 돌아보는 사색의 시간을 오롯이 누리는 값진 기회가 되기도 했고요. 그리고 국토를 여행하면서 우리 땅이 뿜어내는 순수하고 강렬한 에너지를 마음껏 흡입하여 고갈되었던 기력을 회복하고 앞으로 한동안 너끈하게 쓰고 남을 만큼 보충할 수도 있었던 것입니다.

그러니 내딛는 걸음마다 소중할 밖에요. 그 발자국 하나하나마다에 빼곡 들어찬 갖가지 의미들이 비야님의 생각의 폭과 깊이를 한층 두텁게 이끈 것입니다. 그런 비야님의 웅숭깊은 이야기를 따라가며 새기다보니 제 자신의 내면도 많이 단련되었음을 시나브로 알게 되었습니다. 부드럽게 일깨우는 비야님의 자장 안으로 빨려 들어가 조금씩 익어가는 나를 발견한 것입니다.

비야님, 삶이 깊어지듯 여행의 의미도 더욱 심장해지고 있는 당신에게서는 이제 푸근한 모성의 냄새가 납니다. 돌아와 거울 앞에 선 내 누이같이 살갑게 느껴집니다. 그 향기를 오래도록 맡을 수 있게 제발 우리 곁에 머물러 주세요. 누이를 물가에 내 보낸 아이처럼 조마조마하게 바라볼 순 없잖아요. 미덥지 못하게 걱정만 끼치는 누이가 어디 있냐 말입니다.

이제 정말 안전하고 조붓한 우리 땅을 두런두런 정겹게 얘기 나누며 같이 걷도록 해요. 이번에 새로 생긴 제주 올레길 들어보셨을 겁니다. 그 중 최고 쌈박한 코스로 제가 안내해 드릴게요. 신발 끈 바짝 매고 마음의 문 활짝 열고 비야님과 동행하고 싶어요. 책을 통해서만 느꼈던 곡진한 사랑, 분방한 가슴을 가감 없이 접할 수 있도록 말입니다."
9788971844755,"'바람의 딸, 우리 땅에 서다'는 7년간의 오지 여행을 담은 '바람의 딸, 걸어서 지구 세바퀴 반'의 결정판이라고 할 수있다.
한비야는 그동안의 오지 여행을 우리나라 해남의 땅끝 마을에서 시작하여 강원도 고성의 통일 전망대까지 걸어서 우리 강토를 걷는 것으로 긴 여정의 대미를 장식하고 싶었던 것이다.
이 책은 1999년 11월에 처음 세상에 선을 보인 후에 2007년 6월 개정판을 냈다. 작가는 당시에는 최고의 작가가 그린 그림이지만 지금보니 내용에 맞지 않고 분위기가 너무 딱딱하고 부록 글씨도 너무 작고 본문 글씨도 좀더 시원하게 키우고 싶어서 개정판을 낸다고 했다.
그러면서, 개정판을 내는데 그냥 낼 수가 없으니 다시 자신이 걸었던 길을 걷고자 했지만, 체력적인 문제가 걸어서 가지는 못했지만, 다시 그 길을 찾아서 당시의 사람들을 만나 해후를 풀었다고 한다.
  이 책이 출간될 당시에도 많은 사람들의 관심을 끌었고, '한비야 루트'가 회자될 정도로 그녀가 걸었던 길을 걷고자 하는 사람들이 많았다.
그것은 단순히 국토를 순례하겠다는 생각이라기 보다는 그동안 한비야에 대한 이미지가 자신만만하고 당당하고, 무슨 일을 결심하면 꼭 해내고야마는 도전정신이 빛났기 때문일 것이다.
  '바람의 딸, 우리 땅에 서다'가 한비야가 우리 국토를 종단했으니 여행을 갈  때 참고 자료로 이용하기 위해서 읽는다면 아무런 정보도 얻을 수 없을 것이다.
  그녀가 앞서 발표했던 '지구 세바퀴반'(줄여서)에서 처럼 유명 관광지에 대한 정보는 전혀 들어 있지 않다. 
그녀가 좋아하는 여행 스타일처럼, 그곳에 머물면서 만나는 사람들과의 정감어린 이야기를 기대하는 것이 좋을 것이다.
한비야식 여행이 진짜 여행이 아니겠는가?
어떤 곳을 알기 위해서는 그곳에 머물고, 그곳의 주민들과 정을 쌓아야 하지 않겠는가?
이것이 사람사는 이야기라는 생각이 든다.
'길을 잃어야 진짜 여행이다'라는 말도 있듯이 여행의 묘미는 완벽한 지도에 의한 계획된 일정이 아니라 길을 헤매는 동안 생기는 뜻밖의 만남에 있는 것이다.
  한비야식 여행을 가장 잘 나타내는 귀절을 인용하는 것으로 이 글을 끝낸다.
""인연의 싹은 하늘이 준비하지만 이 싹을 키워 튼튼하게 뿌리내리게 하는 것은 순전히 사람의 몫이다. 인연이란 그냥 내버려두어도 저절로 자라는 야생초가 아니라 인내심을 가지고 공과 시간을 들여야 비로소 향기로운 꽃을 피우는 한 포기의 난초인 것이다."" 
  한비야를 닮고 싶은 사람들은 이 귀절에 귀를 기울이라고 말하고 싶다."
9788983942739,"작년 여름에 지리산 종주를 하고, 걷기 여행에 도전하고 싶다는 생각을 했다.
이 책은 국토종주다... 해남에서 통일전망대까지...
한번쯤은 우리나라 국토종주를 해야겠다는 생각을 했는데, 이 책을 읽고 더 많이 갈망하게 됐다.
  하지만, 언제나 여자라서, 아줌마라서, 혼자라서.... 이런 생각들 때문에 겁이 난다...
또한 망설여진다...
이번 가을에는 꼭 도전해 볼 생각이지만, 언제나 겁은 난다...
  해 지기 전에 잠자리 구하기
꼭 할머니 혼자 사시는 분 집에서 잠자기
휴대폰 지참하기
  이런건 여자 혼자 여행하기에 필수인 것 같다.
  책을 읽으면서 소개되었던 장소는 메모해 두었다.
꼭 한번은 가보리라고 다짐하면서..."
9788983942739,"여행에 목말라 있던 나에게 이 책은 시원한 물과 같은 존재였다.
  소심하고 겁 많은 여자가 어떻게 혼자서 여행을 다녔는지 참 신기할정도다.
  그런 작가가 너무나 부러워서 책을 읽으면서 함께 걷는 느낌으로 읽었다.
  읽으면서 나도 시간이 되면 좋은길들을 많이 거닐어봐야 겠다는 생각이 절러 났다.
  조용하고 풀냄새 흙냄새 물소리등 자연의 소리를 들으면서 흙길을 맨발로 걸어 보고
  싶다는 생각을 많이 하게 했던 책이다.
  나도 언젠가는 혼자서 여행을 떠나면서 나 자신을 되돌아 보는 기회가 있겠지"
9788983942739,"길이 없으면 길이 없으면

길을 만들며 간다

여기서부터 희망이다

-고은 <길>

도보여행가 김남희의 걷기여행 시리즈 첫 책이다.
나의 경우는 다른 책들을 먼저 읽었고, 최근에 나온 <일본의 걷고 싶은 길>까지도 먼저 읽고 나서야 이 책을 집어 들게 되었다.
해외여행에 기웃거리다가 요즘 들어서야 우리 땅을 밟아야겠다는 생각이 많이 들면서도
막상 어디로 가야할지 모르겠고, 두렵기도 해서, 
국내여행 관련 서적을 찾아 읽게 되는지도 모르겠다.
그래도 나에게 국토종단여행은 무언가를 해냈다는 뿌듯한 느낌보다는 고행길이라는 생각이 앞서나보다.
한비야의 책을 읽을 때에도 그랬고, 이 책을 읽을 때에도 그랬고, 
내가 직접 짐을 꾸려 국토종단 여행을 떠나야겠다는 생각은 들지 않았으니 말이다.
하지만 책을 통해 간접 경험은 충분히 할 수 있었다.
특히 이 책을 읽으면서 도시에 사는 소심하고 까탈스러운 여자의 걷기여행에 대해 생각해보는 시간이 되었으니 말이다.

요즘들어 특히 걷기 여행에 대한 관심이 많이 늘고 있고,
혼자 혹은 둘 셋씩 걷기 여행을 떠나는 사람들을 많이 볼 수 있다.
살아있다는 것을 깨달을 수 있는 여행, 되도록 자연을 훼손하지 않고 깨달음을 얻을 수 있는 여행, 온전히 내 몸을 사용해서 걸어볼 수 있는 여행, 걷기여행의 장점은 이루 말할 수 없이 많을 것이다.

이 책에서는 특히 ‘가을 흙내음의 즐거움’ 부분이 인상적이었다.
숨어있는 우리 흙길 열 곳을 찾아서 떠난 여행!
우리 땅에 숨어있는 아름다운 풍경에 나 자신을 던져놓고 온몸으로 그 곳을 보고 오리라는 생각을 해본다.
아무래도 국토종단은 내게 무리지만, 흙길 여행 정도는 가능할 듯도 하다."
9788983942739,"김남희님은 자칭 소심하고 겁 많고 까탈스럽다고 자신을 소개한다.
  혼자 국토를 종단했다는것 자체가 내 기준으론 이미 겁을 상실한 것이다.
어디가 겁이 많다는건가?
  모르는 사람들과 자연스럽게 애기하고
여관이든 혼자사는 할머니 집이든, 마을회관이든 어디서든 잠들며
무엇이든 맛있게 먹는다것 자체가 이미 까다롭지 않다는 거다.
  부럽다!
  내가 할 수 없는 일을!
감히 생각도 못한 일을! 실행했다는 사실이 부럽다.
  부럽다.
  그리고 멋지다!"
9788983942739,"""워매 징한것, 여그서 거그가 어디라고 걸어 간댜?""
  정말 징하다.  땅끝마을에서 통일전망대까지 820킬로미터.  김남희의 29일간의 국토종주기!
  소심하고 겁많고 까탈스러운 여자가, 혼자 떠난다.
  소심하고 겁이 많아서
첩첩시골을 가다가 늙은 홀아버지와 장가들지않은 아들 둘이 사는 집에서 공짜숙박을 할때는
얕은 잠에서 몇번이나 깨어나고 문고리를 잡고 잠못들기도 하는데, 
이런 장면에서는 상상하면  슬며서 웃음이 난다.
남들은 신경안쓰고 쿨쿨 자는데 왠지모를 불안감에 혼자서 야단법석이다.
         나도 혼자 여행을 할때 가장 신경쓰이는 것이 바로 숙박인데. 
어느집에서는 문고리가 심하게 부실해 보여서
텔레비젼장식장을 끙끙 밀어다 옮기고 텔레비젼까지 올려 문을 막고 잔 적이있다.
그러고보면 나도 꾀는 조조요  힘은 임꺽정이란 말인가! (자화자찬)
물론 깊은잠을 자지 못하는건 매한가지지만, 이러면 살짝 위로가 되기도한다.
그런데 이런 소심함은 나에게만 있는 것이 아니로구나!
김남희같은 사람도....., 동질감을 느끼며 더 큰 용기를 얻는다.
  그녀의소심하고 겁많고 살짝 까탈스러움이 오히려 정스럽다.
그러면서도 늘 떠나 있는 도보 여행가 김남희! 
왠지 그녀의 수식어는 행복한 투정처럼 느껴진다.
  29일간 도보를 하면서
농촌에 일손이 딸리면 대신 농약도 쳐주고 고추도 따주고
밥을 공짜로 얻어먹었을때는 소박하게나마 꼭 답례도 한다.
나는 그녀에게서그런 매너와 몸소 체험에서 얻는 여행의 진가를 배운다.
  길에 핀꽃, 나무열매, 동물들, 아이들, 산과 들을 사진으로 담아가면서 
두 발을 딛고 간 땅은, 오롯이 모두 그녀의  땅! 그녀의 몫! 그녀의 것!이다.
명승지를 지날 때는 그 곳의 교통편도 자세히 기록해 주고 있다.
  스스로를 소심하고 겁이많다고 하지만 어째 내 귀에는 반어적으로 들린다.
가장 씩씩하고 용기있고 쾌활하고! 멋진 여자 김남희!
  스페인의 산티아고를 걸어, 유럽의 구석구석을 걷고, 중국 라오스, 미얀마를 딛고, 네팔 트레킹을 마치고
지금도 어딘가를 걷고 있을 그녀의 여행길에 즐거움과 건강을 내리소서!!!
   "
9788983942739,"  언제나 길에 서고 싶은 마음은 나를 가득 채우지만,
내안에 갇혀 길을 떠나지 못하는 것 같다.
직장 때문에 시간이 없어서, 돈이 여유가 없어서....수많은 이유를 말하지만...
결국 최종점은 언제나 용기가 없어서인 거 같다.

혼자 설 수 있는 용기, 혼자 걷을 수 있는 용기....

나도 남쪽끝에서 북쪽끝까지 걷으리라...두발로 당당히 서리라...
      .....책속에서....
    P68...피하거나 돌아설 틈도 없이 다 젖고 나니 차라리 마음이 편하다.

P76 길 위에 선 이후 많은 사람들을 만났고, 그들에게서 기대하지 않았던 따스한 환영을 받았으며, 세상엔 좋은 사람이 더 많다는 믿음을 날마다 확인하고 있다. 아니 내가 확인 하는 건, 사람은 누구나 갈등 속에 살고 있다는 평범한 진리다. 지금 내 도움을 필요로 하는 이 사람에게 호의를 베풀 것인가, 내게 내민 손을 잡을 것인가, 불편함을 감당할 것인가, 편안함을 찾아갈 것인가, 끝없는 그 갈등 속에서 이루어지는 찰나의 선책. 그 순간의 선책이 삶을 윤택하게도 하며, 고단한게도 만든다. 내 삶의 방향은 결국 내가 보고 믿는 쪽으로 풀려간다는 것을 배우고 있다

P106  ""사는 게 바로 줄타기 같은 거 아니겠냐. 외줄 위에서 서서 무섭다고 앞으로 안 나가고 버티면 결국엔 힘이 빠져 떨어지고 말잖아. 하지만 위태위태하게 균형을 잡으면서 한 발씩  앞으로 디디면 떨어지지 않지. 균형을 잡기 위해 양팔을 벌려 혼자 힘으로 나갈 수도 있을 테고. 장대 같은 것에 의지할 수도 있겠지만, 제일 좋은 건 누군가 옆에서 잡아주고 거기 의지해 나가는 거 아니겠냐""

P109  ""사람은 다 때가 되면 변하는 기라. 밤이 깊으면 새벽이 온다 아이가, 말로 설득하려 하지 마라. 다 지가 느끼면 변하는 기라""

P166
길은 위대한 학교였다.
길에서 만나는 사람들은 모두 스승이었다.
세상에 나온 모든 목숨이 귀하고 아름답다는 것을, 누구에게나 배울 점이 있음을, 나누며 사는 삶이 가치 있는 삶이며 사람들은 누구나 소통을 꿈꾼다는 것을 길은 내게 가르쳐 주었다.

P181
길이 없으면
길을 만들며 간다
여기서부터 희망이다.  고은「길」"
9788983942739,"동생이 언니 스타일이라며 건네 준 책이다. 소심하고 겁 많고 까탈스럽고...이런 정말..나다... 게다가 혼자 떠나 걷는 것까지 같다. 한가지, 난 혼자 돌아다니며 이렇게 정갈하게 글정리같은 거 못한다.  
  하지만 반갑게 절절이 공감하며 읽었다. 소심하고 겁많고 까탈스럽다면서..세상을 바라보는 시선은 왜 이리 정겹고 고운지...전혀 밉지 않은 글이다. 게다가 글 중간 중간 삽입된 사진은 세상을 바라보던 그 독특하면서도 느낌있는 시선이 담겨져 있어서 참 좋았다. 글보다도 사진을 한참 바라볼 때도 있었으니... 
  난 주로 한 도시를 정해놓고 무작정 걷는 걸 좋아하는데, 이 책을 읽고 보니 우리 나라를 이렇게 남쪽에서 북쪽으로 걸어올라오는 것도 괜찮겠다 싶다. 누군가가 정리해놓은 그 땅의 풍경과 시선이 내가 느껴보지 못했던 우리 땅에 대한 생생한 호기심과 애정을 불러 일으켰다.  
  이 책을 읽고 나서 우리 땅을 걸으면 예전에는 느껴보지 못했던 새로운 사랑을 느낄 수 있을 것 같다. 꽃피는 봄이 오면 한 구석 한 구석 저자처럼 누비는 여행을 시작해보고자 한다. 나머지 이 책의 시리즈들을 동무삼고서 말이다.  "
9788983942739," 소심하고 겁 많고 까탈스러운 여자 혼자 떠나는 걷기 여행
이라는 책의 제목이 무척 마음에 들었다.
 나또한 소심하고 겁이 많으면서 까탈스럽기 때문이다.
 나이탓인지 이제는 친구들과 여행을 가고 싶어도 친구들과 시간을 맞춘다는 것이 참으로 힘든 일이 되었다. 너무나도 아쉽지만 할 수 없는 일이다.
 그러나보니 나혼자 떠나면 되는 것인데 나는 참으로 겁이 많은 것 같다. 뉴스를 보면 각종 사건사고들이 터져나오고 혹시나 그럼 어쩌나? 하는 생각에 차일피일 나의 여행은 더 늦어지기 마련이다.
   이책을 읽고보니 용기가 생겼다.
 두려워말라. 떠날 수 있을 때 떠날 수 있을 것이다.
 나자신과의 싸움이 될 것 같다.
   이책은 나에게 무한한 힘을 준 책이다.
 너무 재미있게 읽었고
 나를 돌아보는 시간을 준 책이다."
9788983942739," 대단한 용기를 가지신 저자님이 부러울뿐이다. 난 더 소심하고 겁 많아서 혼자는 힘들것 같다. 하루 걸으신 거리와 일상생활을 살짝 엿보는 듯한 짧은 일기형식이다. 만나는 분들은 왜그리 다 착하신 분들인지... 인복이랄까 것도 따르는 것 같구, 우린 가족여행가서도 글케 맛난집도 편안한 곳도 없었는데 말이다. `혼자만의 여행`이란 늘 꿈꾸면서도 쉬이 할 수 없는 아니 하지 않는 나는 늘 여행이 그립다."
9788983942739,"소심하고 겁 많고 까탈스러운 여자는 어떻게 혼자 걸어서 여행할까?
나를 포함한 내 주위 여자들의 경우를 살펴보면 이렇다.
여행지는 콘도 또는 연고지가 있는 곳으로 한정하며, 화장실과 목욕시설이 깨끗한가부터 확인한다. 그렇지 않다는게 확인되면 여행을 포기한다. 그보다, 일차적으로 자외선에 기미가 생길까 걱정하느라 도보 여행 자체를 즐기지도 않는다. 심지어 어떤 경우는 숙소에서 한 걸음도 밖으로 나오지 않을 때도 있다.
결국 이런 여행은 다녀와서도 이야기 거리가 많지 않다.
  그럼 이 저자는 어떤 여행을 하는 걸까? 어떤 이야기를 풀어놓을까? 
제목을 보는 순간부터 나는 그 내용이 너무나 궁금했더랬다.
하지만, 결론부터 말하자면, 저자는 스스로 소심, 겁, 까탈을 자처하지만, 그렇지 않은 사람이다. 예전엔 그런 여성이었는지는 모르지만, 이 책을 출간하기 전 이 여행을 계획하는 수간부터 그녀는 소심을 녹여버리고 오마이뉴스에 여행기를 올리고 수많은 네티즌들의 응원을 받으며 겁을 극복했으며, 여행을 하면서 겪은 불편한 잠자리와 위생이 의심스러운 음식들을 겪으면서 까탈은 벗어버렸다. 그리고 세상을, 그들과의 만남을 기꺼워 하며 함께 살아가는 사람들과 자연을 품에 끌어안았다. 이 책은 그러한 만남의 이야기이다.
  이 책을 읽는 내내 나는 과연 나라면 이러한 여행을 할 수 있을까? 하루라도 견딜 수 있을까 생각해 보았다. 나는, 진짜 소심하고 겁 많고, 까탈스러운 나는 발에 물집이 잡히고 뜨거운 태양 아래 새카맣게 타서 소금기가 서걱거리는 옷을 입고 터덜터덜 걸어 여행을 하는 그 상황 자체는 견딜 수 있을 것도 같다. 하지만, 낯선 사람과의 대화가 싫고, 그들에게 아쉬운 소리해야 하는 상황이 싫어서 저자와 같은 여행은 엄두가 나지 않는다. 
  여행과 여행기의 관계는 악기를 연주하는 것과 음악을 듣는 것의 관계와 같다. 전자가 여행과 음악을 몸소 체험하는 것이라면, 후자는 다른 사람의 경험을 공유하는 것이다. 직접경험과 간접경험은 결코 같을 수 없다. 직접 경험하는것이 리얼리티라면, 간접적인 경험은 판타지일 수밖에 없다. 하지만, 직접 할 수 없는 것이라면 다른 사람의 경험이라도 공유할 수 있다는 것은 좋은 일이라고 생각한다.
  저자의 여행이 앞으로도 계속되길 기대해 본다."
9788983942739,"  여행수기에 대한 기대가 컸던 탓일까.
소심하고 겁 많고 까탈스러운 여자 혼자 떠나는 걷기여행은
그다지 나의 마음에 감동을 주지는 못했다.
걷기여행이란 단어가 가지는 시련과 역경의 크고작음을
이미 다른 글을 통해 접하고,
또 충분히 울고 웃었던 경험으로 생긴
단단함의 면역이랄까.
하지만 철저하게 혼자서
기쁨 혹은 역경까지도 감내해야만 하는 걷기여행은
여전히 매력적이었다.
게다가 겉으로는 강하고 털털해보이지만
여리디 여인 여인의 감성이 지닌 김남희씨는 실로 대단해보였다.
자꾸만 가슴깊이 쓰나미같은 감동을 원하는
나의 욕심을 이제그만 포기해야 하는걸까."
9788983942739,"""사는게 바로 줄타기 같은 거 아니겠냐, 외줄 위에 서서 무섭다고 앞으로 안 나가고 버티면 결국엔 힘이 빠져 떨어지고 말잖아. 하지만 위태위태하게 균형을 잡으면서 한 발씩 앞으로 디디면 떨어지지 않지. 균형을 잡기 위해 양팔을 벌려 혼자 힘로 나갈 수도 있을 테고, 장대 같은 것에 의지할 수도 이겠지만, 제일 좋은 건 누군가 옆에서 잡아주고, 거기 의지해 나가는 거 아니겠냐?""
  [지친 몸과 마음으로 걷는 길. 아스팔트 위로 기어나온 여치를 피하려다 밟아 죽였다. 풀섶에 가만히 있지, 그 안에서 그냥 다른 여치들처럼 그게 세상의 전부인 줄 알고 살아갈 것이지, 기어이 밖으로 나오다 밟혀 죽은 여치가 꼭 나 같아서 도로에 주저앉아 엉엉 울었다. 길위에서 울며 보낸 오후가 저문다.]
  [살면서 이렇게 배낭 하나 꾸릴 수 있을 만큼의 짐만을 소유하며 산다면 삶이 조금은 가벼워질가 상상해 보기도 하고, 내가 버리지 못하는 것들, 포기하고 내려놓을 수 있는 것들이 무엇인지 다시 확인해가는 과정은 나를 들여다보는 시간이다.]
    누군가의 여행기를 진지하게 읽어본 것은 한비야씨의 책들이었다. 그분은 왠지 친한 친구나 언니같은 말투로 자신이 겪었던 사람들에 대해서 마구마구 수다 떠는 느낌의 글이었다면 오늘 이 책의 저자는 자신이 겪은 자연에 대해서 감성을 담아 읊어주는 시같다.
  문장도 간결한 느낌으로 짧고 일반적인 글 처럼 ~다. 로 끝나는 문장도 별로 없다.
  읽고 있으면 가만히 풍경이 머리속에 펼쳐지는 느낌이고 거기에 간간이 곁들어진 사진은 상상과 그닥 다르지 않다. 그리고 제목에도 있듯이 겁많고 소심한 (까탈스러운건 잘 모르겠더라..) 저자의 모습이 문득 내 모습과 겹쳐보여 동질감을 느끼기도 했다.
  책을 읽다보면 온통 정신없이 몰아쳐서 힘을 쭉 빼놓는 책이 있는가 하면, 너무 너무 지루해서 졸음만 안겨주는 책도 있지만 이 책은 머리속을 맑게 해주는 고요함과 청량함을 준다."
9788983942739,"비록 자의는 아니였지만 한때 심하게 걸었던 적이 있었다. 하루에 80Km 씩 낮에 출발해서 밤에 도착하는 것이였지만, 저자와 다르게 혼자 걸은 것은 아니였지만 걷는 것이 지겹도록 걸어봤었다. 책을 읽기로 마음 먹었던 것은 이런 부분이 아니였을 까 싶다.
  소심하고 겁 많은 까탈스러운 이라는 제목을 보고 본문을 읽었을때 이런 부분이 묻어나 있는 부분은 솔직히 별로 느끼지 못했다고나 할까? 여자 혼자 떠나는 여행이 분명 힘들고 그런 만큼 결심하기가 쉽지 않았으리라는 생각이 들어서 모 떠날 수 있다는 것만으로도 큰 일이라고 하면 할말은 없지만, 책 중간 중간 나오는 지지방문해주는 지인들을 만나는 모습이라던가, 순수하게 오로지 혼자는 아니지 않을까 싶은 생각도 들었다.
  책을 읽으면서 느낀것은 남도의 인심, 관광지로 갈수록 인심이 야박하다정도, 물론 수행을 떠나는 승려의 모습을 기대한것은 아니였지만 몬가 아쉬움이 조금 남는다. 그냥 혼자 여행을 떠났다, 그리고 오늘 하루 있었던 것을 일기 형식으로 적는다. 정도로 생각이 들었다고 할까?
  아무튼 책을 읽으면서 내내 저자는 무엇을 말하고 싶은거지? 라는 생각이 들었다. 제목에서와 같이 떠나고 싶은 충동을 느끼기는 했지만 몬가 부족한 듯한 느낌이랄까?
  혼자 여행떠나기 쉽지 않은 데 결심하고 실행한 부분에 별 3개, 재생지를 사용한 부분에서 별 3개.. 정도.. 기대를 크게 하고 읽어서 그런건지 그다지 와 닿지는 않은 것 같았다. 물론 개인적인 생각이다.
   "
9788983942739,"보통 여자들은 소심하고 겁 많고 또 까탈스럽기도 하다.
그런 평범한 여성인 김남희 씨가 우리나라를 걷기로 종단하며 느끼는 것들을 쓴 여행책인데 읽고 있으면 수수한 느낌. 뭔가 조그만 것에서 느끼는 행복감이 전해져 오는 것 같다. 일단 하루에 20KM이상을 걷는다는 것 자체가 매우 힘든 일 같은데 그것을 다 해낸 김남희씨가 대단하고 또 대견하면서 나도 한번 도전해보고 싶은 용기를 불어넣어준다."
9788983942739,"스페인 여행을 준비중이던 찰나, 알게된 그녀의 책.
서점에서 우연히, 아니 어쩌면 운명적으로 '여자혼자떠나는 걷기여행2(스페인)'을 알게되고 그녀의 팬이 되어버렸다. 그녀에대해 인터넷 검색을 하니 타칭 'Another 한비야'라고도 불릴정도로 인기 있다는 것도 알게되고.. 그래서 그녀의 모든책을 섭렵하고자, 그녀의 걷기여행 제1권을 읽게되었다. 여담이긴 하지만, 이미 내 책꽃이엔 그녀의 책 3,4권이 나좀 읽어주십사 손짓을 하고있다. 읽고싶다는 책이 내옆에 있다는 것! 그것의 즐거움을 아는 사람은 나의 지금 이 심정을 알것이다.
  그녀의 국토대장정.
누구나 20대 초반에 가지게 되는 로망 바로 그 국토 대장정. 나도 대학교 시절 모회사 후원하는 국토대장정에 참여하고자 무던히도 노력했지만 기회를 박탈당하고, 항상 마음속으로만 해 봐야지.. 라는 생각으로만 벌써 8년이라는 세월이 흘렀다. 그러던 찰나, 절대 소심하고 까탈스러울꺼 같지 않은 그녀가 그 곳을 다녀왔다. 남들이 부러워하는 직장을 때려치우고, 세계를 걷기 전 우리 나라를 걸어야 겠다는 일념하나로. 그녀는 그렇게 행복한 걷기여행이 시작되었다.
  길위에서 사람을 만나고,
길위에서 고난을 느끼고,
길위에서 행복을 느끼고,
길위에서 힘을 느끼는 그녀.
  부끄럽고 또 부끄럽다. 행여 내것을 빼앗길까 꼭꼭 문닫아 걸고 살아온 지난 날, 팍팍했던 내 삶처럼 딱딱한 아스팔트길을 걸으며 반성한다. ""없이 살아도 내 맴은 부?? 잘 사니 부러울 거 하나 없네."" 하시던 아주머니 말씀이 오래 남을 것 같다.
  도시에서만 생활하던 내가 그녀의 국토 대장정 기록을 보며 실로 놀라웠다. 낯선 사람집에 들어가 숙식을 제공받고, 밥까지 얻어먹을 수 있는 용기. 또한 그런 그녀를 사심없이 받아 들일 수있는 시골의 풍경. 그게 바로 먼 나라가 아닌 내 나라에서 이뤄지고 있다니 놀라우면서도, 자부심을 느꼈다. 그녀의 지원군이 곳곳에 배치되어있단 사실 하나 만으로도 그녀가 부러웠다. 한 달 동안 여자 혼자 떠난다는 소리를 듣고, 함께 걸어준 친구들, 자신의 본가에 가서 하룻밤 묵고 가라는 친구, 선뜻 호텔방을 예약해주는 친구 등. 그녀는 참 행복한 사람이라는 생각이 들었다.
  간간이 실려 있는 자연의 사진을 보며, 무조건 해외여행이 최고다! 라고 외치던 내자신이 미워졌다. 우리 나라에도 이토록 멋진 곳이 많은데... 매년 명절 때마다 해외를 떠나는 인파를 떠올리며 조금은 씁쓸해졌다. 그리고 뒤쪽에 실려 있는 그녀의 배낭꾸리는 방법부터 위치소개까지 세심한 설명까지 곁들어지니 참으로 유용한 책이 아닐 수 없다.
  나는 걷고 싶었다. 내가 걸을 수 있는 만큼 걸어봄으로써 내 존재의 깊이를 확인하고 싶었고, 무엇보다 길의 끝까지 걸을 수 있을 것 같은 자신감이 있었다. 할수 있을 것 같았기에 시작했던 것이다
  책을 읽고, 퇴근하는길. 나도 걷기여행의 즐거움을 만끽하고자 차로 30분 남짓하는 거리를 걸어봤다. 청계천의 흐르는 물과 함께, 나의 마음도 흐르고, 나의 행복도, 엔돌핀도 흐르는 것을 느꼈다. 짧은 거리를 걸었음에도 불구하고 아직까지 휴우증이 남은걸 생각하니 그녀가 새삼 존경스러워졌다.
  사람은 누구를 만나느냐??로 살아가는 사람 곁에 서면 나도 희망에 들뜬다. 정말, 가까이 있는 사람들이 내 삶의 희망이어야 하지 않을까. 나는 내 좋은 이들에게 희망을 주는 사람인가. 나도 누군가에게 희망을 주는 사람이고 싶다는 큰 꿈을 가져본다. 오늘내가 걸어야 할 길을 본다. 길 위에 서면 날마다 새롭다. 늘 비슷한 것 같은 길도 다 다르고, 다 같은 사람살이 어디 가나 비슷하지 않느냐고 하지만, 만나는 사람마다 새롭다. 산다는 건 끝이 없는 학교이자. 희망을 배우는 긴 길이다. 이 길위에 오르길 참 잘했다.
  소곤소곤 거리는 그녀의 독백들이 나의 심금을 울렸다. 대자연과 함께 지내다 보면 그녀처럼 될 수있을까? 참으로 생각이 많아지는 하루였다"
9788983942739,"2권을 먼저 읽고 1권을 읽으니 또 다른 느낌이다. 우리나라 땅을 걸어서 탐방하는 분들이 꽤나 있는 모양이다. 한비야 씨도 떠오르고 예순이 넘어 걷기에 나섰던 황안나 씨도 생각났다. 그런데 이 중 내가 제일 먼저 읽었던 한비야 씨가 자꾸만 떠오르는 것은 어쩔 수 없는 일이다 싶다.
  부지런하고 용감하고 적극적으로 자신의 인생을 살아가는 사람들이 많은 것 같아 보기에도 좋고 괜히 내 마음도 든든하다. 몸도 마음도 건강한 사람들이 우리 사회에 많이 있다는 생각 때문이다.
  나는 그렇게 남들에게 내놓을 만큼 멋지고 용감하게 살아볼 것 같지는 않고, 작은 욕심처럼 꿈꾸어 본다. 이 가운데 한 곳이라도 내 다리로 걸어 보았으면 하고.
    <작가가 추천하는 걷기 좋은 길 정리>
1.울진 소광리 금강소나무숲
 - 통고산 자연휴양림 입구에서 3.3km 더 달린 뒤에 광천교 앞에서 시작
  2.정선 자개골
 - 아우라지강 지나 구절리에서 자개골로 진입(유천 1교 앞)
  3. 섬진강 따라 걷는 길,
 - 전북 임실군 덕치면 일중리에서 순창군 동계면 구미리까지 18킬로미터의 강변길
  4. 정선 송천 계곡 백 리 길
 - 아우라지강 구절리 기차역에서 한터마을까지 되돌아오는 데 왕복 20킬로미터
  5. 대관령 옛길,
 -옛 대관령 하행 휴게소에서 대관령을 넘어 강릉 쪽으로 500미터 내려가면 나오는 대관령 옛길 반정'에서 시작하여 대관령 박물관까지
  6. 인제 곰배령
 - 귀둔리에서 곰배골을 거쳐 오르는 길과 진동리 설피밭에서 강선골을 거쳐 오르는 길
  7. 영월 동강
 - 영월읍 거운리에 있는 어라연 입구 매표소에서 표를 끊은 후 왕복 6킬로미터
  8. 인제 아침가리
 - 인제군 기린면 방동리 방동약수에서 월둔까지 20킬로미터
  9. 홍천 명개리에서 오대산 상원사까지
 - 오대산 상원사 관대거리에서 홍천군 명개리로 이어지는 20킬로미터
  10. 송광사 굴목이재
 - 송광사에 선암사까지"
9788983942739,"이 책을 본다면 대부분의 여성들이 휴가를 이용해서
배낭을 메고 여행을 떠나지 않을까? 라는 생각을 하게 되었다.
 여자들은 혼자서 여행하기에는 위험이 크기 때문에 왠만한 여자는 혼자서 여행을 가려 하지 않는게 보통이다.
 하지만 이 책을 쓴 김남희씨는 그 위험을 무릅쓰고 때로는 가벼운 또는 때로는 무거운 가방을 메고 땅끝마을부터 통일 전망대까지 걸어가면서, 시골집 할머니집에서 자기도 하고 또 비포장도로를 찾아 걸으면서 도시에서 삭막했던 세상 그리고 그렇게 변해가는 자신을 좀 더 웃음을 주고 무엇이든지 함께 하고픈 넓은 마음이 더 커지지 않았나 싶다.
 이 책을 읽으면서 아직 사회 생활도 접하지도 못한 나지만 이런 생각들이 들었다.
 저만큼 나이가 들고 도시의 삭막함에 찌들어 살아서 남에게 베풀려는 모습을 상상하기가 힘들었지만 이 책의 주인공은 숲을 다니고 이쁜 풍경을 볼때마다 혼자서 보기가 너무 아쉬워 지나가는 차를 세워 다른 사람들과 함께 보고 싶다는 생각들.
그리고 또 사람과 붙이치고 붙이치며 생활을 할때 사람들이 너무 보기 싫어서 이 세상을 회피하고 어디론가 떠나고 싶다는 생각을 가지고 여행을 하면서 다시 사람들을 그리워 하는 모습을 보고 또 하나하나 지도를 그려서 찾아가기 편하게 한곳들을 체크 하면서 제일 가까운 하동을 가 보기로 결심을 했다.^^
 나도 하루라도 버스를 타고 내가 모르는 숲길을 걸으면서 나에 대해서 다시 한번더 생각을 가지고 싶다는 생각이 너무나도 간절하게 들었다.
     "
9788983942739,"결론부터 말하자면 남자와 여자. 서로 처해있는 입장이 달라서 책을 읽은 후의 느낌이 극명하게 다른 책이었습니다. 어떤 책이든 읽는 사람에 따라 받아들이는 것의 차이가 있기는 하겠지만요.
  주위 사람 누군가의 추천으로 구입하여 읽었습니다. 저도 무작정 걷기를 좋아하고 국내외를 따지지 않고 걷기 여행을 좋아하는 터라 그 사람의 강력한 추천에 의지하여 책을 읽어 내려갔습니다. 저와 또 한 여자분이 이 책을 추천받았지요.(아, 저는 남자입니다. ^^;) 추천받은 저와 그 분 둘다 책을 사서 읽었습니다. 저는 참 재미없게 읽었습니다만, 저 말고 다른 여자분은 아주 재미있게 읽었노라 말씀하시더군요. ^^; 이런이런... 저는 사실 끝까지 읽지 않았습니다. 그만큼 재미가 없었습니다.
  이 책을 읽기 직전에 읽었던 책이 홍은택 님의 '아메리카 자전거 여행'이었는데, 참 재미있게 읽었거든요. 여행의 에피소드와 그 지역의 문화, 역사 등도 함께 이야기 해줘서 아주 재미있었는데, 제게 이 책 '소심하고.. 걷기 여행'은 참 따분하고 시시콜콜하고, 별 것 아닌 것들로 엄살을 떠는 것만 가득한 이야기로 느껴졌습니다.
   "
9788983942739,"배낭을 하나메고, 진정 필요한것들만 넣어 울러메고
지금 당장 땅끝마을에서 통일전망대까지는 아니더라도
정말 한적하고 아름다운 시골길을 걷고 싶어지는 그런 책이다.
  스스로를 소심하고 겁이 많은 여자라고 평가하지만
나는 그녀가 너무 용감하고 위대해 보이기까지한다.
이러한 여행을 한다는 것 자체가
용기있는 행동이 아닌가....
  이책을 읽으면서 수백번도 더...
나도 언젠가는 여행을 해봐야지 ..해봐야지
마음속으로 생각하지만
과연 실천으로 옮길지 내스스로가 걱정되는
내가 진정 소심하고 겁 많고 까탈스러운 사람인것 같다.
     "
9788983942739,"한비야씨가 땅끝마을에서 통일전망대까지 한달동안 걸으면서, 혼자사시는 할머니댁에 머물고, 도중에 응원와주는 친구들과 수다와 먹거리로 스트레스를 풀고. 좀 뭔가 다른가 하고 구입해봤는데, 음... 기대에 많이 못 미치는 것 같다. 먼저 한비야씨의 책을 읽고 이 책을 읽어서인가? 독창성도 많이 떨어지는 것 같고, 좀 식상한 감이 없지 않다. 한비야씨도 그렇고, 김남희씨도 그렇고, 저렇게 걸어서 국토종단하고 그러면 꼭 무좀이 걸리던데.. 한달간 본인의 일을 쉬면서, 무좀까지 걸려가며 혼자 걸어서 여행을 한다는것은.. 대단한 용기가 필요하다고 생각하고, 또 그만큼 멋지고 얻는 것이 많으니까 다들 그렇게 걷는가 싶기도 하다. 2권에서는 좀 색다르고, 독창적인 내용이 많이 나와줬으면 좋겠다. 1권은 한비야씨 책과 너무 흡사하다."
